HTML,CSS,JavaScript,Java,PHP,Python,SQL,Cpp,React,Recommended_Course
0,0,0,0,0,1,0,0,1,Python Programming
0,0,0,0,0,1,1,0,0,Data Science
0,0,0,0,0,1,1,0,0,Data Science
0,0,0,0,0,1,1,0,0,Data Science
0,0,0,0,0,0,1,0,0,Database Administration
0,0,1,1,1,1,0,0,1,Full Stack Web Development
0,0,0,1,1,0,1,0,0,Backend Development (PHP)
0,0,0,1,1,1,1,0,1,Backend Development (PHP)
0,0,0,0,1,1,1,0,0,Backend Development (PHP)
0,0,0,0,0,1,0,0,1,Python Programming
0,0,1,1,0,1,1,0,0,Full Stack Web Development
0,0,0,1,1,1,1,0,0,Backend Development (PHP)
1,0,1,0,0,1,1,0,0,Frontend Web Development
0,0,0,1,0,1,1,0,1,Backend Development (Java)
0,1,1,0,0,0,1,0,0,Frontend Web Development
0,0,0,0,0,0,1,0,0,Database Administration
0,1,0,0,1,0,0,0,1,Full Stack Web Development
0,1,0,1,1,0,1,0,1,Full Stack Web Development
0,1,0,1,1,1,1,0,0,Full Stack Web Development
0,1,0,0,0,0,1,0,0,Frontend Web Development
1,0,0,1,1,1,1,0,0,Full Stack Web Development
0,0,0,1,1,0,1,1,0,Competitive Programming (DSA)
0,0,0,0,1,0,1,0,1,Backend Development (PHP)
0,0,0,1,1,0,0,0,0,Backend Development (PHP)
0,1,0,1,0,1,1,1,0,Competitive Programming (DSA)
0,0,0,1,0,0,1,0,0,Backend Development (Java)
0,0,0,0,1,1,1,0,1,Backend Development (PHP)
1,0,1,0,1,1,0,0,1,Full Stack Web Development
1,0,1,0,0,1,0,0,0,Frontend Web Development
0,1,0,0,0,0,1,0,0,Frontend Web Development
0,0,0,0,1,1,1,0,0,Backend Development (PHP)
0,0,0,0,0,1,0,0,1,Python Programming
0,0,0,0,0,0,1,0,0,Database Administration
0,1,0,0,0,1,0,0,0,Frontend Web Development
1,0,1,0,0,1,0,0,1,Frontend Web Development
0,0,0,1,0,1,0,0,1,Backend Development (Java)
0,0,1,0,0,1,0,0,0,Frontend Web Development
0,0,0,0,1,0,1,0,1,Backend Development (PHP)
0,0,0,0,0,0,0,0,1,Python Programming
0,0,0,1,1,1,0,0,0,Backend Development (PHP)
0,0,0,0,0,1,1,0,1,Data Science
0,0,0,1,0,1,0,0,0,Backend Development (Java)
1,0,0,1,0,0,1,1,0,Competitive Programming (DSA)
0,0,1,1,0,1,1,0,1,Full Stack Web Development
0,0,0,0,0,1,0,0,1,Python Programming
1,0,1,0,1,0,0,1,0,Competitive Programming (DSA)
0,0,1,0,0,0,0,1,0,Competitive Programming (DSA)
1,1,0,1,1,0,1,0,1,Full Stack Web Development
0,0,0,0,0,1,1,0,0,Data Science
0,1,1,1,0,1,0,1,0,Competitive Programming (DSA)
0,1,1,0,1,1,0,0,0,Full Stack Web Development
1,0,1,0,1,0,1,0,0,Full Stack Web Development
0,0,0,1,0,0,0,1,1,Competitive Programming (DSA)
0,0,0,1,1,1,1,0,0,Backend Development (PHP)
0,1,0,0,1,0,1,0,1,Full Stack Web Development
0,0,0,0,0,1,1,0,0,Data Science
0,0,0,0,0,0,0,0,1,Python Programming
0,0,0,0,0,1,1,0,0,Data Science
0,0,0,1,0,0,1,0,0,Backend Development (Java)
0,1,1,1,0,1,1,0,1,Full Stack Web Development
0,0,0,1,0,1,1,0,1,Backend Development (Java)
0,0,0,0,0,0,1,0,0,Database Administration
1,0,0,1,1,1,1,0,0,Full Stack Web Development
1,0,0,0,0,0,0,1,0,Competitive Programming (DSA)
0,0,0,0,0,1,1,0,1,Data Science
0,0,0,0,0,1,1,0,1,Data Science
0,1,1,0,0,1,0,0,1,Frontend Web Development
0,0,0,0,0,0,1,0,1,Database Administration
0,0,0,1,1,1,1,0,0,Backend Development (PHP)
1,1,1,0,0,0,0,1,1,Competitive Programming (DSA)
0,0,0,1,0,1,1,0,1,Backend Development (Java)
0,0,0,0,0,1,1,0,0,Data Science
0,0,0,0,0,0,1,0,0,Database Administration
0,1,1,0,0,1,1,0,1,Full Stack Web Development
0,0,0,1,0,0,1,0,1,Backend Development (Java)
0,0,0,0,0,1,0,0,0,Python Programming
0,0,0,0,1,0,1,0,1,Backend Development (PHP)
0,0,0,0,0,1,1,0,0,Data Science
0,0,0,0,0,1,0,0,1,Python Programming
0,0,0,0,0,1,1,0,0,Data Science
0,0,0,0,0,0,1,0,1,Database Administration
0,0,0,0,0,0,1,0,1,Database Administration
1,0,1,0,0,0,0,0,0,Frontend Web Development
0,1,1,0,0,0,0,0,0,Frontend Web Development
0,0,0,0,0,0,1,0,1,Database Administration
0,0,0,1,1,0,1,0,1,Backend Development (PHP)
0,0,0,0,1,0,1,0,0,Backend Development (PHP)
0,0,0,0,0,0,0,0,0,Python Programming
0,0,1,0,0,1,1,0,1,Full Stack Web Development
1,0,0,0,0,0,1,0,0,Frontend Web Development
0,0,0,1,0,1,1,0,0,Backend Development (Java)
0,0,0,1,0,1,1,0,1,Backend Development (Java)
0,0,0,0,0,0,1,0,0,Database Administration
0,0,0,1,0,1,0,0,0,Backend Development (Java)
0,0,0,0,0,1,1,0,0,Data Science
0,0,0,0,0,1,1,0,1,Data Science
1,0,1,0,1,0,0,1,1,Competitive Programming (DSA)
0,0,0,1,0,1,1,0,1,Backend Development (Java)
0,0,1,1,0,1,1,1,1,Competitive Programming (DSA)
0,0,0,0,0,0,0,0,1,Python Programming
0,1,0,0,0,1,0,0,1,Frontend Web Development
0,0,0,0,0,1,1,0,0,Data Science
1,0,0,1,1,0,1,0,1,Full Stack Web Development
0,0,1,0,0,0,0,0,0,Frontend Web Development
0,0,0,0,0,0,1,0,0,Database Administration
0,0,0,0,0,0,1,0,0,Database Administration
0,0,0,0,0,0,1,0,1,Database Administration
0,0,0,0,0,0,1,0,1,Database Administration
0,0,1,0,0,1,1,1,0,Competitive Programming (DSA)
0,0,0,1,0,1,1,0,0,Backend Development (Java)
0,0,0,0,0,0,0,0,0,Python Programming
0,0,0,0,0,1,0,0,0,Python Programming
1,1,0,1,0,1,0,1,1,Competitive Programming (DSA)
0,0,0,0,0,0,1,0,1,Database Administration
0,0,0,1,0,0,0,0,0,Backend Development (Java)
1,1,1,1,1,0,1,1,0,Competitive Programming (DSA)
0,0,0,1,0,1,1,0,1,Backend Development (Java)
0,0,0,0,0,0,1,0,1,Database Administration
0,0,0,1,1,0,1,0,0,Backend Development (PHP)
0,0,0,0,0,1,0,0,1,Python Programming
0,0,0,1,0,1,0,0,0,Backend Development (Java)
0,0,0,0,0,1,1,0,0,Data Science
0,0,0,0,1,0,0,0,0,Backend Development (PHP)
1,1,0,0,0,0,0,0,0,Frontend Web Development
0,0,0,0,1,1,0,0,0,Backend Development (PHP)
0,0,0,0,0,0,1,0,1,Database Administration
1,0,1,0,1,1,0,0,0,Full Stack Web Development
1,1,1,0,0,1,0,0,1,Frontend Web Development
0,1,0,1,0,1,1,0,0,Full Stack Web Development
1,1,0,1,0,0,1,0,1,Full Stack Web Development
0,0,0,0,0,0,1,0,1,Database Administration
0,0,0,0,0,1,0,0,1,Python Programming
0,0,0,1,0,0,0,0,0,Backend Development (Java)
0,0,0,0,0,0,1,0,0,Database Administration
0,0,0,0,1,1,1,0,0,Backend Development (PHP)
0,0,0,1,0,0,1,0,1,Backend Development (Java)
0,0,1,0,0,0,1,0,0,Frontend Web Development
0,0,0,1,1,1,1,0,1,Backend Development (PHP)
0,0,0,0,0,1,1,0,0,Data Science
0,0,0,1,1,0,1,0,0,Backend Development (PHP)
0,1,1,1,0,1,1,0,0,Full Stack Web Development
0,0,0,0,0,1,1,0,1,Data Science
0,0,0,0,0,1,1,0,1,Data Science
0,1,0,0,1,0,1,0,0,Full Stack Web Development
0,0,0,0,1,0,0,0,1,Backend Development (PHP)
0,0,0,0,0,1,1,0,0,Data Science
1,0,1,0,1,1,0,0,1,Full Stack Web Development
0,0,0,1,1,0,0,0,0,Backend Development (PHP)
0,0,0,1,1,0,1,0,0,Backend Development (PHP)
0,1,1,0,0,1,0,0,1,Frontend Web Development
0,0,0,0,0,1,0,0,1,Python Programming
0,0,0,0,1,1,0,0,0,Backend Development (PHP)
0,0,1,0,0,1,0,0,0,Frontend Web Development
0,0,0,0,0,0,0,0,1,Python Programming
0,0,0,0,0,0,1,0,0,Database Administration
0,0,0,0,1,0,1,0,0,Backend Development (PHP)
0,0,1,1,1,0,0,0,0,Full Stack Web Development
1,0,0,0,0,1,1,0,0,Frontend Web Development
0,0,1,0,0,0,0,1,0,Competitive Programming (DSA)
0,0,0,0,1,0,1,0,1,Backend Development (PHP)
0,1,0,1,0,1,0,0,1,Full Stack Web Development
0,0,0,0,1,1,1,0,1,Backend Development (PHP)
0,0,0,0,0,0,1,0,0,Database Administration
0,0,0,1,1,1,0,0,0,Backend Development (PHP)
1,0,1,0,0,0,0,0,0,Frontend Web Development
0,0,0,0,0,1,0,0,0,Python Programming
1,0,1,1,0,0,1,1,0,Competitive Programming (DSA)
0,0,0,0,0,0,1,0,0,Database Administration
0,0,0,1,1,1,0,0,0,Backend Development (PHP)
1,1,0,1,0,1,1,0,0,Full Stack Web Development
0,0,0,0,0,0,1,0,0,Database Administration
1,1,0,0,0,1,0,0,1,Frontend Web Development
0,0,0,0,0,0,0,0,0,Python Programming
0,0,0,1,0,1,1,0,0,Backend Development (Java)
0,0,0,0,1,0,1,0,0,Backend Development (PHP)
0,0,0,0,1,1,0,0,0,Backend Development (PHP)
1,1,1,0,1,0,0,0,1,Full Stack Web Development
0,0,0,1,0,1,1,0,1,Backend Development (Java)
0,0,0,0,0,0,0,0,0,Python Programming
0,0,0,0,1,0,0,0,0,Backend Development (PHP)
0,1,0,0,0,1,1,0,0,Frontend Web Development
1,0,0,0,0,1,0,0,1,Frontend Web Development
0,0,0,1,1,1,1,0,1,Backend Development (PHP)
0,0,0,0,1,0,0,0,0,Backend Development (PHP)
0,0,0,0,0,0,0,0,1,Python Programming
0,0,0,0,0,1,1,0,1,Data Science
0,0,0,0,0,1,0,0,0,Python Programming
0,0,0,0,1,0,0,0,1,Backend Development (PHP)
1,0,1,0,1,0,1,0,1,Full Stack Web Development
0,0,0,0,0,0,1,0,0,Database Administration
1,1,1,0,0,0,1,0,0,Frontend Web Development
0,0,0,0,0,1,1,0,0,Data Science
0,0,0,1,1,0,0,0,0,Backend Development (PHP)
0,0,0,0,0,1,1,0,0,Data Science
0,0,0,0,0,1,1,0,0,Data Science
0,0,0,0,0,1,1,0,0,Data Science
0,1,0,0,0,0,0,0,0,Frontend Web Development
1,0,0,0,1,1,1,0,0,Full Stack Web Development
1,0,1,0,1,1,0,0,0,Full Stack Web Development
0,0,0,0,0,1,0,0,1,Python Programming
0,0,0,0,0,1,1,0,1,Data Science
1,1,0,0,0,1,0,0,0,Frontend Web Development
0,0,0,0,0,1,1,0,1,Data Science
0,0,0,1,1,0,0,0,0,Backend Development (PHP)
0,0,0,1,1,0,0,0,0,Backend Development (PHP)
1,1,0,0,0,1,0,0,1,Frontend Web Development
0,0,0,0,0,1,0,0,1,Python Programming
0,0,0,0,0,0,1,0,0,Database Administration
0,0,0,0,0,1,1,0,1,Data Science
0,0,0,1,1,1,1,0,1,Backend Development (PHP)
0,0,0,1,1,0,1,0,0,Backend Development (PHP)
0,0,0,1,0,1,0,0,1,Backend Development (Java)
0,0,0,0,1,1,1,0,0,Backend Development (PHP)
0,0,0,1,1,1,1,0,1,Backend Development (PHP)
0,0,0,0,0,0,1,0,1,Database Administration
0,0,0,0,0,0,1,0,1,Database Administration
0,0,0,0,0,0,1,0,0,Database Administration
0,0,0,0,0,0,0,0,0,Python Programming
0,0,1,0,0,0,0,0,1,Frontend Web Development
0,0,0,0,0,0,1,0,0,Database Administration
1,0,1,1,1,1,1,1,0,Competitive Programming (DSA)
0,0,0,0,1,0,0,0,0,Backend Development (PHP)
0,0,0,0,0,0,1,0,0,Database Administration
0,1,0,0,0,0,0,0,1,Frontend Web Development
0,0,0,0,0,1,0,0,0,Python Programming
0,0,0,0,0,1,1,0,0,Data Science
0,0,0,0,0,0,1,0,0,Database Administration
0,0,0,1,0,0,1,0,0,Backend Development (Java)
0,0,0,0,1,1,1,0,0,Backend Development (PHP)
0,1,1,1,1,0,1,1,1,Competitive Programming (DSA)
0,0,0,0,0,0,0,0,1,Python Programming
0,0,0,0,1,1,1,0,1,Backend Development (PHP)
0,0,0,1,1,1,1,0,0,Backend Development (PHP)
0,0,0,0,0,1,1,0,0,Data Science
0,0,0,1,0,0,0,0,0,Backend Development (Java)
0,0,1,0,0,1,0,1,1,Competitive Programming (DSA)
0,1,0,1,0,0,0,1,0,Competitive Programming (DSA)
0,0,0,0,0,0,1,0,0,Database Administration
0,1,1,1,1,1,1,0,0,Full Stack Web Development
0,0,0,0,0,0,1,0,0,Database Administration
0,0,0,0,0,0,1,0,0,Database Administration
0,0,0,0,1,1,0,0,1,Backend Development (PHP)
1,0,0,1,1,1,1,1,1,Competitive Programming (DSA)
0,0,0,1,0,1,1,0,1,Backend Development (Java)
1,0,1,1,1,0,1,0,1,Full Stack Web Development
0,0,1,0,0,1,0,0,0,Frontend Web Development
0,0,0,0,0,0,0,0,1,Python Programming
0,0,0,0,1,1,1,0,0,Backend Development (PHP)
0,0,0,0,0,0,1,0,1,Database Administration
0,0,0,0,0,0,1,0,1,Database Administration
1,0,0,0,0,1,0,0,1,Frontend Web Development
0,0,0,0,0,1,1,0,0,Data Science
1,0,0,0,0,0,1,0,0,Frontend Web Development
0,0,0,0,0,1,1,0,1,Data Science
0,0,0,0,0,0,1,0,1,Database Administration
1,0,0,1,0,0,1,0,0,Full Stack Web Development
0,0,0,0,1,1,0,0,0,Backend Development (PHP)
0,0,0,1,0,1,1,0,1,Backend Development (Java)
0,0,0,1,0,1,1,0,0,Backend Development (Java)
0,0,0,0,1,0,0,0,0,Backend Development (PHP)
1,1,1,0,0,0,1,0,1,Full Stack Web Development
0,0,0,0,0,1,1,0,0,Data Science
0,0,0,0,0,1,1,0,0,Data Science
1,1,0,1,1,0,0,0,1,Full Stack Web Development
0,0,0,1,0,1,0,0,0,Backend Development (Java)
0,1,1,0,0,0,1,0,1,Full Stack Web Development
0,0,0,0,0,1,1,0,1,Data Science
0,0,1,1,1,1,1,1,1,Competitive Programming (DSA)
0,1,1,0,0,0,0,0,0,Frontend Web Development
1,0,0,1,0,1,0,0,1,Full Stack Web Development
1,0,1,1,0,0,1,1,1,Competitive Programming (DSA)
0,0,0,0,1,1,1,0,0,Backend Development (PHP)
0,0,0,1,0,0,0,0,1,Backend Development (Java)
0,0,0,0,0,0,0,0,1,Python Programming
0,0,0,1,0,0,0,0,1,Backend Development (Java)
0,0,0,0,0,1,0,0,0,Python Programming
0,1,0,0,0,1,0,0,1,Frontend Web Development
1,1,0,0,0,1,1,0,0,Frontend Web Development
1,1,0,1,0,1,1,0,1,Full Stack Web Development
0,0,0,0,0,1,0,0,1,Python Programming
0,0,0,0,1,1,0,0,0,Backend Development (PHP)
0,0,0,1,0,1,1,0,0,Backend Development (Java)
0,0,0,1,1,0,1,0,0,Backend Development (PHP)
0,0,0,0,0,0,1,0,1,Database Administration
0,0,0,1,0,1,1,0,0,Backend Development (Java)
0,0,0,0,1,1,0,0,0,Backend Development (PHP)
0,0,0,0,0,1,1,0,0,Data Science
0,0,1,0,0,0,1,1,1,Competitive Programming (DSA)
0,0,0,0,1,0,0,0,1,Backend Development (PHP)
0,0,0,0,0,1,1,0,0,Data Science
0,0,0,0,0,0,0,0,0,Python Programming
0,0,1,0,1,0,0,0,0,Full Stack Web Development
0,0,0,0,0,1,1,0,1,Data Science
1,0,0,1,1,1,1,1,0,Competitive Programming (DSA)
0,0,0,1,0,0,1,0,1,Backend Development (Java)
1,1,1,0,0,0,0,0,0,Frontend Web Development
1,1,0,0,0,1,1,1,1,Competitive Programming (DSA)
1,1,0,0,0,0,1,0,1,Full Stack Web Development
0,0,0,1,1,0,0,1,1,Competitive Programming (DSA)
0,0,0,1,0,0,1,0,0,Backend Development (Java)
0,1,0,0,0,1,0,0,0,Frontend Web Development
0,0,0,0,0,0,1,0,1,Database Administration
0,0,0,0,0,1,1,0,1,Data Science
0,0,0,0,1,1,0,0,0,Backend Development (PHP)
1,0,0,1,0,0,0,0,0,Full Stack Web Development
0,0,0,1,0,0,0,0,0,Backend Development (Java)
0,0,0,0,0,1,1,0,1,Data Science
0,0,0,1,0,1,0,0,1,Backend Development (Java)
1,1,1,1,0,0,0,1,0,Competitive Programming (DSA)
1,0,0,1,1,0,0,1,0,Competitive Programming (DSA)
0,0,0,0,0,1,1,0,0,Data Science
0,0,0,0,0,0,1,0,0,Database Administration
0,0,0,0,0,1,0,0,0,Python Programming
0,0,0,0,0,1,1,0,0,Data Science
0,1,1,1,1,1,1,1,0,Competitive Programming (DSA)
0,1,1,1,0,1,0,0,1,Full Stack Web Development
0,0,0,0,1,1,1,0,0,Backend Development (PHP)
1,0,1,0,0,0,1,0,0,Frontend Web Development
0,0,0,1,0,1,0,0,1,Backend Development (Java)
0,0,0,0,0,0,1,0,1,Database Administration
0,0,0,1,0,1,0,0,1,Backend Development (Java)
0,0,0,1,0,0,0,0,1,Backend Development (Java)
0,1,0,1,1,1,1,1,1,Competitive Programming (DSA)
0,0,0,0,0,1,1,0,0,Data Science
0,0,0,0,0,0,0,0,1,Python Programming
0,0,0,0,0,0,0,0,1,Python Programming
1,1,1,0,0,0,1,0,0,Frontend Web Development
0,0,0,1,0,1,0,0,0,Backend Development (Java)
1,1,1,0,1,0,1,0,0,Full Stack Web Development
0,1,0,0,1,0,1,1,1,Competitive Programming (DSA)
0,0,0,0,0,1,0,0,1,Python Programming
1,0,0,1,0,0,0,0,0,Full Stack Web Development
1,0,0,0,1,1,1,1,1,Competitive Programming (DSA)
0,1,1,1,0,1,1,0,1,Full Stack Web Development
1,0,1,0,0,0,0,0,0,Frontend Web Development
1,1,1,0,0,0,0,0,0,Frontend Web Development
0,0,0,0,0,1,1,0,1,Data Science
0,0,0,1,0,0,1,0,1,Backend Development (Java)
0,0,0,1,1,0,1,0,1,Backend Development (PHP)
0,0,0,0,0,0,0,0,1,Python Programming
0,1,0,1,0,1,0,1,0,Competitive Programming (DSA)
0,0,0,1,1,1,1,0,0,Backend Development (PHP)
1,1,1,1,0,1,1,0,1,Full Stack Web Development
0,0,1,0,1,0,1,0,1,Full Stack Web Development
1,0,0,0,0,1,1,1,0,Competitive Programming (DSA)
0,1,0,1,0,1,0,0,0,Full Stack Web Development
0,0,0,0,0,1,1,0,1,Data Science
0,0,0,1,0,1,0,0,1,Backend Development (Java)
0,0,0,1,1,0,0,0,1,Backend Development (PHP)
0,0,0,1,0,1,0,0,0,Backend Development (Java)
0,0,0,0,0,1,1,0,0,Data Science
1,0,0,0,0,0,0,0,1,Frontend Web Development
0,0,0,0,0,0,0,0,1,Python Programming
1,0,1,0,0,1,0,1,1,Competitive Programming (DSA)
0,0,0,0,0,0,1,0,1,Database Administration
0,0,0,1,1,0,0,0,0,Backend Development (PHP)
1,0,0,0,1,0,1,1,1,Competitive Programming (DSA)
0,0,0,0,0,0,1,0,0,Database Administration
0,0,0,0,0,1,0,0,0,Python Programming
1,1,0,0,1,0,1,0,1,Full Stack Web Development
0,0,0,0,0,1,1,0,0,Data Science
0,0,0,0,0,1,0,0,0,Python Programming
0,1,0,0,1,1,0,1,0,Competitive Programming (DSA)
0,0,1,0,0,0,0,0,1,Frontend Web Development
0,0,0,0,0,1,1,0,0,Data Science
0,0,0,1,0,1,0,0,0,Backend Development (Java)
0,0,0,0,0,0,1,0,0,Database Administration
0,0,0,1,1,1,0,0,0,Backend Development (PHP)
1,0,0,1,0,1,1,1,0,Competitive Programming (DSA)
0,0,0,1,0,0,0,0,1,Backend Development (Java)
1,1,1,1,1,0,1,0,0,Full Stack Web Development
0,0,0,1,0,0,0,0,1,Backend Development (Java)
0,1,0,1,0,0,1,1,1,Competitive Programming (DSA)
0,0,0,0,0,0,0,0,1,Python Programming
0,0,0,1,0,0,0,0,0,Backend Development (Java)
0,0,0,1,0,1,1,0,1,Backend Development (Java)
1,1,0,0,1,0,0,0,1,Full Stack Web Development
0,1,0,0,0,1,1,0,0,Frontend Web Development
0,0,0,0,0,0,1,0,0,Database Administration
0,0,0,0,1,1,1,0,0,Backend Development (PHP)
0,0,1,0,0,1,0,0,1,Frontend Web Development
1,0,1,0,1,0,0,0,0,Full Stack Web Development
0,0,0,0,0,1,0,0,0,Python Programming
1,0,1,1,1,0,1,1,1,Competitive Programming (DSA)
0,0,0,0,1,1,0,0,1,Backend Development (PHP)
0,0,0,0,0,1,1,0,1,Data Science
0,0,0,0,0,1,0,0,0,Python Programming
1,0,0,0,0,1,0,0,0,Frontend Web Development
0,0,1,0,0,1,1,0,0,Frontend Web Development
0,0,0,0,0,1,1,0,1,Data Science
0,0,0,1,1,0,1,0,1,Backend Development (PHP)
0,0,0,0,0,0,0,0,1,Python Programming
1,1,1,1,0,1,0,1,1,Competitive Programming (DSA)
0,0,0,1,1,0,0,0,1,Backend Development (PHP)
0,0,0,1,1,1,1,0,1,Backend Development (PHP)
0,0,0,0,0,0,1,0,1,Database Administration
0,1,0,0,0,1,0,0,0,Frontend Web Development
0,0,0,0,0,1,0,0,1,Python Programming
0,0,0,0,0,0,1,0,0,Database Administration
0,0,0,0,0,1,0,0,0,Python Programming
0,0,0,1,0,1,1,0,0,Backend Development (Java)
0,0,0,1,0,0,1,0,0,Backend Development (Java)
0,0,0,1,0,0,1,0,0,Backend Development (Java)
0,0,0,0,0,0,1,1,1,Competitive Programming (DSA)
0,0,0,1,0,1,0,0,1,Backend Development (Java)
0,0,0,0,0,0,0,0,1,Python Programming
0,0,0,0,0,0,1,0,1,Database Administration
0,0,0,0,0,1,0,0,1,Python Programming
0,0,0,1,0,1,1,0,0,Backend Development (Java)
0,0,0,0,0,0,1,0,1,Database Administration
0,0,0,0,0,1,1,0,0,Data Science
0,0,0,0,0,0,0,0,1,Python Programming
0,0,0,0,0,1,1,0,1,Data Science
0,0,1,1,0,0,1,0,0,Full Stack Web Development
1,0,0,0,1,0,1,0,0,Full Stack Web Development
0,0,0,0,0,0,1,0,0,Database Administration
1,1,1,1,0,0,1,1,1,Competitive Programming (DSA)
0,0,0,0,0,0,1,0,1,Database Administration
0,1,1,0,1,1,0,0,0,Full Stack Web Development
0,1,0,0,0,0,1,0,1,Full Stack Web Development
0,0,0,0,0,0,0,0,0,Python Programming
0,0,0,0,0,1,1,0,0,Data Science
1,1,1,0,0,1,0,1,0,Competitive Programming (DSA)
0,1,1,0,0,0,0,0,1,Frontend Web Development
0,1,0,0,0,1,1,0,0,Frontend Web Development
0,0,0,0,1,0,1,0,1,Backend Development (PHP)
0,0,0,1,1,1,1,0,1,Backend Development (PHP)
1,1,1,0,0,1,1,0,0,Frontend Web Development
0,0,0,0,0,1,1,0,1,Data Science
0,0,0,0,1,1,0,0,0,Backend Development (PHP)
0,0,0,0,0,0,1,0,0,Database Administration
1,1,1,1,1,0,1,0,1,Full Stack Web Development
1,1,0,0,0,0,0,0,0,Frontend Web Development
0,0,0,0,0,0,1,0,1,Database Administration
0,0,0,1,0,1,0,0,1,Backend Development (Java)
1,1,1,0,0,0,0,0,0,Frontend Web Development
1,0,1,0,0,1,0,0,0,Frontend Web Development
1,0,0,0,0,1,1,0,1,Full Stack Web Development
1,1,0,0,0,0,0,0,1,Frontend Web Development
0,1,1,1,0,0,0,0,0,Full Stack Web Development
0,1,1,1,0,1,1,0,1,Full Stack Web Development
0,0,0,0,0,1,1,0,0,Data Science
1,1,1,0,0,1,0,0,1,Frontend Web Development
0,0,0,0,0,0,1,0,1,Database Administration
0,0,0,1,0,1,1,0,0,Backend Development (Java)
0,0,0,0,0,1,1,0,0,Data Science
1,0,0,1,1,0,0,1,0,Competitive Programming (DSA)
1,0,1,1,0,0,1,1,0,Competitive Programming (DSA)
0,0,0,0,0,1,1,0,0,Data Science
1,0,1,0,0,0,1,0,1,Full Stack Web Development
0,0,0,1,1,1,0,1,1,Competitive Programming (DSA)
0,0,0,0,0,0,1,0,1,Database Administration
0,0,0,0,0,1,1,0,1,Data Science
0,0,0,1,1,0,0,0,0,Backend Development (PHP)
0,0,0,0,0,0,0,0,1,Python Programming
0,0,0,1,1,1,1,0,0,Backend Development (PHP)
0,1,1,0,0,0,0,1,1,Competitive Programming (DSA)
0,0,0,0,0,1,1,0,0,Data Science
0,1,0,0,1,0,1,1,1,Competitive Programming (DSA)
0,0,1,1,0,0,0,0,0,Full Stack Web Development
0,0,0,0,0,0,1,0,0,Database Administration
0,1,1,0,0,0,0,1,0,Competitive Programming (DSA)
0,0,0,0,0,0,1,0,0,Database Administration
0,0,0,0,0,1,1,0,0,Data Science
0,1,0,0,0,1,0,0,0,Frontend Web Development
0,1,1,0,1,0,1,1,0,Competitive Programming (DSA)
1,1,0,0,1,0,0,0,0,Full Stack Web Development
0,0,0,1,0,1,0,0,0,Backend Development (Java)
0,0,0,0,1,1,1,0,1,Backend Development (PHP)
0,0,0,1,1,1,0,0,1,Backend Development (PHP)
0,0,0,0,0,1,1,0,1,Data Science
0,0,0,0,0,0,0,0,1,Python Programming
0,0,0,0,1,0,0,0,0,Backend Development (PHP)
0,0,1,1,1,1,1,0,0,Full Stack Web Development
0,1,0,1,1,0,1,0,1,Full Stack Web Development
0,0,0,1,0,0,1,0,0,Backend Development (Java)
0,0,0,1,0,1,1,0,1,Backend Development (Java)
0,0,1,1,1,1,0,1,0,Competitive Programming (DSA)
0,0,0,0,0,0,0,0,1,Python Programming
0,0,0,1,1,1,0,0,1,Backend Development (PHP)
1,0,1,1,1,1,0,0,1,Full Stack Web Development
0,0,0,0,0,0,1,0,0,Database Administration
0,0,0,0,0,0,0,0,1,Python Programming
1,1,0,1,1,1,0,0,1,Full Stack Web Development
0,0,0,1,0,1,1,0,1,Backend Development (Java)
0,0,0,1,0,1,0,0,0,Backend Development (Java)
0,0,0,0,0,0,0,0,1,Python Programming
0,0,0,0,0,1,1,0,0,Data Science
0,0,0,0,0,1,1,0,0,Data Science
0,1,0,0,0,1,0,0,1,Frontend Web Development
0,0,0,0,0,1,1,0,1,Data Science
0,0,0,0,0,1,0,0,0,Python Programming
0,0,0,1,0,0,1,0,1,Backend Development (Java)
0,0,0,0,0,0,1,0,0,Database Administration
0,0,0,0,0,0,1,0,1,Database Administration
1,0,1,1,1,0,0,0,0,Full Stack Web Development
1,0,1,0,1,0,1,0,0,Full Stack Web Development
0,0,0,1,0,0,0,0,1,Backend Development (Java)
1,1,1,0,1,1,1,1,1,Competitive Programming (DSA)
0,1,0,0,1,0,1,0,1,Full Stack Web Development
0,0,0,0,0,0,1,0,1,Database Administration
0,0,0,0,0,0,1,0,1,Database Administration
0,0,0,0,0,1,1,0,0,Data Science
0,0,0,0,0,1,1,0,1,Data Science
1,1,1,0,0,1,0,0,1,Frontend Web Development
0,0,0,0,0,1,0,0,1,Python Programming
0,1,0,1,1,1,0,1,1,Competitive Programming (DSA)
1,0,0,1,0,1,1,1,0,Competitive Programming (DSA)
0,0,0,0,1,1,1,0,0,Backend Development (PHP)
1,0,1,1,1,0,1,0,0,Full Stack Web Development
0,1,0,1,1,0,1,1,0,Competitive Programming (DSA)
0,0,1,0,0,1,1,0,0,Frontend Web Development
0,0,0,0,0,0,1,0,1,Database Administration
0,0,0,0,0,0,1,0,0,Database Administration
0,0,0,0,0,1,1,0,0,Data Science
0,0,0,0,0,0,1,0,0,Database Administration
0,0,0,0,0,1,1,0,0,Data Science
0,0,0,1,0,1,0,0,1,Backend Development (Java)
1,0,0,0,0,1,1,0,0,Frontend Web Development
0,0,0,0,0,0,0,0,1,Python Programming
1,0,0,0,1,0,0,1,1,Competitive Programming (DSA)
0,0,0,0,0,0,1,0,0,Database Administration
0,0,0,0,0,1,0,0,1,Python Programming
1,1,1,0,0,0,1,1,1,Competitive Programming (DSA)
1,0,0,1,1,0,1,1,1,Competitive Programming (DSA)
0,0,0,0,0,1,1,0,1,Data Science
1,1,1,0,0,0,1,0,0,Frontend Web Development
1,0,0,1,0,0,0,0,1,Full Stack Web Development
0,0,0,1,1,1,1,0,1,Backend Development (PHP)
0,0,0,0,0,0,0,0,1,Python Programming
1,0,0,0,0,1,0,1,1,Competitive Programming (DSA)
1,1,1,0,0,0,1,0,0,Frontend Web Development
1,1,0,1,1,1,1,0,0,Full Stack Web Development
0,0,0,0,1,0,1,0,0,Backend Development (PHP)
0,0,0,0,0,1,0,0,0,Python Programming
0,0,0,0,0,1,0,0,1,Python Programming
0,0,0,0,0,1,0,0,1,Python Programming
0,1,0,1,0,1,1,1,1,Competitive Programming (DSA)
0,0,0,1,1,0,1,0,1,Backend Development (PHP)
1,1,0,0,0,0,0,0,1,Frontend Web Development
0,0,0,1,0,0,0,0,1,Backend Development (Java)
0,0,0,1,0,0,1,0,1,Backend Development (Java)
0,0,0,0,0,0,1,0,0,Database Administration
0,0,0,1,0,0,0,0,1,Backend Development (Java)
0,0,0,0,0,1,1,0,0,Data Science
0,1,0,0,0,0,0,0,1,Frontend Web Development
1,1,1,1,1,1,0,0,1,Full Stack Web Development
0,0,0,0,1,0,0,0,1,Backend Development (PHP)
0,0,0,1,0,0,1,0,1,Backend Development (Java)
1,1,0,0,0,1,0,0,0,Frontend Web Development
1,0,0,1,0,0,1,0,0,Full Stack Web Development
0,0,0,0,1,0,0,0,0,Backend Development (PHP)
0,0,1,0,0,0,1,1,1,Competitive Programming (DSA)
1,1,1,0,1,1,0,0,0,Full Stack Web Development
0,1,0,0,0,0,0,0,0,Frontend Web Development
0,0,0,0,0,1,1,0,0,Data Science
1,1,1,0,1,0,1,0,0,Full Stack Web Development
0,0,0,1,1,1,0,0,0,Backend Development (PHP)
0,0,0,0,0,0,1,0,0,Database Administration
0,0,0,0,0,0,1,0,1,Database Administration
0,0,0,0,0,1,1,0,0,Data Science
1,0,0,0,0,0,0,0,0,Frontend Web Development
1,1,1,0,0,0,1,0,0,Frontend Web Development
0,0,0,0,1,0,1,0,0,Backend Development (PHP)
0,0,0,0,0,0,1,0,1,Database Administration
0,0,0,0,0,1,1,0,0,Data Science
0,0,0,1,0,0,0,1,1,Competitive Programming (DSA)
0,0,0,0,0,1,1,0,1,Data Science
0,0,0,0,1,0,0,0,1,Backend Development (PHP)
0,0,0,0,1,0,1,0,0,Backend Development (PHP)
1,1,1,0,1,0,1,1,1,Competitive Programming (DSA)
1,1,0,1,1,1,0,1,1,Competitive Programming (DSA)
0,0,0,0,0,1,0,0,0,Python Programming
0,0,0,1,0,1,1,0,0,Backend Development (Java)
0,0,0,1,1,1,1,0,1,Backend Development (PHP)
1,1,0,1,0,1,0,1,1,Competitive Programming (DSA)
0,0,0,0,0,1,0,0,1,Python Programming
0,0,0,1,0,1,1,0,0,Backend Development (Java)
0,0,0,0,0,1,1,0,0,Data Science
0,0,0,1,1,1,0,0,1,Backend Development (PHP)
0,0,0,0,0,1,1,0,0,Data Science
0,1,1,1,1,0,0,0,0,Full Stack Web Development
0,0,0,0,0,0,1,0,1,Database Administration
0,0,0,1,0,1,0,0,0,Backend Development (Java)
0,0,0,0,0,1,1,0,1,Data Science
0,0,0,1,0,0,1,0,1,Backend Development (Java)
0,0,0,1,0,0,1,0,1,Backend Development (Java)
0,0,0,1,0,1,0,0,0,Backend Development (Java)
0,1,0,1,0,1,0,0,1,Full Stack Web Development
0,0,0,0,0,1,1,0,1,Data Science
0,0,0,0,0,1,1,0,0,Data Science
0,0,0,1,1,1,0,0,0,Backend Development (PHP)
1,0,0,1,0,1,1,1,0,Competitive Programming (DSA)
0,0,1,1,0,1,1,1,0,Competitive Programming (DSA)
1,0,0,1,1,1,1,1,0,Competitive Programming (DSA)
0,0,0,1,1,1,1,0,1,Backend Development (PHP)
0,0,0,1,0,1,0,0,1,Backend Development (Java)
1,0,0,0,1,1,1,0,1,Full Stack Web Development
1,0,1,1,1,0,1,0,0,Full Stack Web Development
0,0,0,0,0,1,1,0,0,Data Science
1,0,1,1,0,0,1,0,0,Full Stack Web Development
0,1,0,0,1,1,1,1,1,Competitive Programming (DSA)
0,0,0,1,1,1,1,0,1,Backend Development (PHP)
1,0,0,1,0,1,0,0,1,Full Stack Web Development
0,0,0,0,1,1,0,0,1,Backend Development (PHP)
0,0,0,0,0,1,1,0,0,Data Science
0,0,0,0,0,1,1,0,0,Data Science
0,0,0,0,0,1,1,0,1,Data Science
0,0,0,0,0,1,0,0,1,Python Programming
0,0,0,0,0,0,1,0,0,Database Administration
0,0,0,0,0,0,1,0,0,Database Administration
0,0,0,0,0,0,1,0,1,Database Administration
1,1,0,1,0,1,0,0,0,Full Stack Web Development
0,0,0,0,0,1,1,0,0,Data Science
0,0,0,0,0,1,1,0,0,Data Science
0,0,0,1,1,1,0,0,0,Backend Development (PHP)
0,0,0,0,0,1,1,0,0,Data Science
0,0,0,0,0,1,0,0,1,Python Programming
0,0,0,0,0,1,1,0,0,Data Science
0,0,0,0,1,0,1,0,0,Backend Development (PHP)
0,0,0,0,0,0,0,0,0,Python Programming
0,1,0,0,0,0,1,0,1,Full Stack Web Development
0,0,0,0,0,1,0,0,0,Python Programming
0,0,0,1,0,0,1,0,1,Backend Development (Java)
0,1,1,0,0,1,0,0,0,Frontend Web Development
0,0,0,0,0,0,0,1,0,Competitive Programming (DSA)
0,0,0,1,0,0,0,0,1,Backend Development (Java)
0,1,0,0,0,0,1,0,0,Frontend Web Development
0,0,0,0,1,1,1,1,0,Competitive Programming (DSA)
0,0,0,1,0,1,1,0,0,Backend Development (Java)
1,0,0,1,0,0,0,0,1,Full Stack Web Development
0,1,0,0,0,0,1,0,0,Frontend Web Development
0,0,1,0,0,0,0,0,0,Frontend Web Development
1,1,1,0,0,1,0,0,0,Frontend Web Development
0,0,0,0,0,1,1,0,0,Data Science
0,0,0,1,0,0,1,0,1,Backend Development (Java)
1,1,1,1,0,1,0,0,1,Full Stack Web Development
0,0,0,1,1,0,0,0,1,Backend Development (PHP)
1,1,1,0,0,1,0,0,0,Frontend Web Development
1,1,0,1,1,1,1,0,1,Full Stack Web Development
0,0,0,1,0,1,0,0,0,Backend Development (Java)
0,0,0,0,0,1,1,0,1,Data Science
0,0,0,1,0,1,1,1,0,Competitive Programming (DSA)
0,0,0,1,0,0,1,0,0,Backend Development (Java)
0,0,0,1,1,1,0,0,1,Backend Development (PHP)
0,0,0,1,0,0,1,0,1,Backend Development (Java)
0,0,0,0,0,1,1,0,1,Data Science
0,0,0,1,1,1,1,0,0,Backend Development (PHP)
0,0,0,0,1,1,0,0,0,Backend Development (PHP)
1,1,1,0,0,0,0,0,1,Frontend Web Development
0,1,1,0,0,1,1,0,0,Frontend Web Development
0,0,0,1,0,0,0,0,1,Backend Development (Java)
1,0,1,0,1,1,1,1,1,Competitive Programming (DSA)
1,1,0,0,0,1,1,0,0,Frontend Web Development
0,0,1,0,1,0,0,0,0,Full Stack Web Development
0,0,0,0,0,1,1,0,0,Data Science
0,0,0,1,1,1,0,0,0,Backend Development (PHP)
0,0,0,0,0,1,0,0,1,Python Programming
0,0,0,0,0,0,0,0,1,Python Programming
1,0,1,0,0,1,0,1,1,Competitive Programming (DSA)
0,0,0,0,0,0,0,0,1,Python Programming
0,0,0,1,0,0,1,0,0,Backend Development (Java)
1,1,1,0,0,0,1,1,1,Competitive Programming (DSA)
0,0,0,0,0,1,0,0,0,Python Programming
1,0,0,1,1,1,1,0,1,Full Stack Web Development
0,0,0,0,0,1,1,0,1,Data Science
0,0,0,0,0,0,1,0,1,Database Administration
0,0,0,1,0,1,0,0,0,Backend Development (Java)
1,1,0,0,0,0,0,0,1,Frontend Web Development
0,0,1,1,1,0,0,0,1,Full Stack Web Development
0,0,0,0,0,1,0,0,1,Python Programming
0,0,0,1,0,1,0,0,0,Backend Development (Java)
0,0,0,0,0,1,0,0,0,Python Programming
0,0,0,1,0,0,0,0,1,Backend Development (Java)
0,0,0,1,0,1,1,0,1,Backend Development (Java)
0,0,0,0,0,0,1,0,0,Database Administration
0,0,0,1,0,1,1,0,0,Backend Development (Java)
0,0,0,0,1,1,1,0,1,Backend Development (PHP)
0,0,0,1,0,1,0,0,0,Backend Development (Java)
0,1,0,1,1,0,0,1,0,Competitive Programming (DSA)
1,0,1,1,0,0,1,1,0,Competitive Programming (DSA)
0,1,1,0,1,0,0,1,0,Competitive Programming (DSA)
0,1,1,0,1,0,1,1,1,Competitive Programming (DSA)
0,0,0,0,0,1,1,0,1,Data Science
0,0,0,1,1,0,1,0,1,Backend Development (PHP)
0,0,0,0,0,1,1,0,0,Data Science
1,1,1,0,0,0,0,0,1,Frontend Web Development
0,1,0,0,0,0,0,0,1,Frontend Web Development
0,0,0,1,0,1,0,0,1,Backend Development (Java)
0,1,0,1,1,1,1,0,0,Full Stack Web Development
0,0,0,1,1,1,1,0,1,Backend Development (PHP)
0,1,0,0,0,0,0,0,1,Frontend Web Development
0,0,0,0,1,1,1,0,0,Backend Development (PHP)
0,1,1,0,0,0,0,0,1,Frontend Web Development
0,0,0,1,1,0,1,0,1,Backend Development (PHP)
0,0,0,0,0,1,1,0,0,Data Science
0,0,0,0,0,1,1,0,1,Data Science
0,0,0,0,0,1,0,0,0,Python Programming
0,0,0,0,0,0,1,0,1,Database Administration
1,0,1,0,0,1,1,0,0,Frontend Web Development
0,0,0,1,0,1,0,0,0,Backend Development (Java)
0,0,0,0,1,1,0,0,1,Backend Development (PHP)
0,0,0,0,0,0,1,0,0,Database Administration
0,1,1,0,0,0,1,0,0,Frontend Web Development
0,0,0,0,1,0,0,0,0,Backend Development (PHP)
1,0,1,1,1,0,0,1,0,Competitive Programming (DSA)
0,1,0,0,1,0,0,0,1,Full Stack Web Development
0,0,0,1,0,1,0,0,0,Backend Development (Java)
0,0,0,1,1,0,0,0,0,Backend Development (PHP)
0,0,0,0,0,0,0,0,1,Python Programming
0,0,0,0,0,1,0,0,1,Python Programming
1,1,1,1,1,1,1,0,1,Full Stack Web Development
0,0,0,0,0,0,1,0,1,Database Administration
0,1,1,1,0,0,0,0,1,Full Stack Web Development
0,0,0,0,0,0,0,0,0,Python Programming
0,1,1,1,1,0,1,0,1,Full Stack Web Development
0,0,0,0,0,1,1,0,0,Data Science
0,1,0,0,0,0,0,0,0,Frontend Web Development
0,0,0,0,0,0,0,0,1,Python Programming
0,0,0,0,0,1,1,0,0,Data Science
0,0,0,1,0,1,1,0,0,Backend Development (Java)
0,1,0,0,0,1,0,0,1,Frontend Web Development
0,1,1,1,0,0,0,0,0,Full Stack Web Development
1,1,1,0,0,1,0,0,1,Frontend Web Development
0,0,0,0,0,1,1,0,1,Data Science
0,0,0,0,1,1,1,0,1,Backend Development (PHP)
0,0,0,0,0,1,1,0,1,Data Science
0,0,0,1,0,1,1,0,1,Backend Development (Java)
1,1,1,0,0,0,0,0,0,Frontend Web Development
1,0,1,0,1,0,1,1,0,Competitive Programming (DSA)
0,0,0,1,0,0,0,0,1,Backend Development (Java)
0,0,0,0,1,0,0,0,1,Backend Development (PHP)
0,0,0,1,0,1,0,0,0,Backend Development (Java)
0,0,0,1,0,1,1,0,0,Backend Development (Java)
0,0,0,0,0,0,1,0,1,Database Administration
0,0,0,0,0,1,1,0,0,Data Science
1,0,1,0,0,0,1,0,1,Full Stack Web Development
0,0,0,0,0,0,0,0,0,Python Programming
0,0,0,0,0,1,1,0,1,Data Science
0,1,1,1,0,0,0,0,0,Full Stack Web Development
1,1,0,0,0,1,0,1,0,Competitive Programming (DSA)
0,0,0,0,0,1,1,0,0,Data Science
0,1,0,0,0,0,0,0,1,Frontend Web Development
0,0,0,0,0,1,1,0,1,Data Science
0,1,1,0,1,0,0,0,1,Full Stack Web Development
0,0,0,0,0,1,0,0,1,Python Programming
1,0,1,1,0,1,1,0,0,Full Stack Web Development
1,0,1,0,1,0,0,0,0,Full Stack Web Development
0,1,1,0,0,1,1,0,0,Frontend Web Development
0,0,0,1,1,1,1,0,1,Backend Development (PHP)
1,0,0,0,1,0,0,1,0,Competitive Programming (DSA)
0,0,0,0,0,0,1,0,1,Database Administration
0,0,0,0,0,1,1,0,1,Data Science
0,0,0,0,0,0,1,0,0,Database Administration
0,0,0,0,0,0,1,0,0,Database Administration
0,0,0,0,1,1,0,0,0,Backend Development (PHP)
0,0,0,1,0,1,1,0,1,Backend Development (Java)
0,0,0,1,0,1,1,1,1,Competitive Programming (DSA)
0,0,0,1,1,1,1,0,1,Backend Development (PHP)
0,0,0,0,0,1,0,0,0,Python Programming
0,1,1,0,0,0,0,0,0,Frontend Web Development
0,0,0,1,0,0,0,0,1,Backend Development (Java)
0,0,0,1,0,1,0,0,1,Backend Development (Java)
0,0,0,0,0,0,1,0,0,Database Administration
0,1,1,1,1,1,1,1,0,Competitive Programming (DSA)
1,1,0,0,0,0,0,0,1,Frontend Web Development
0,1,0,0,1,0,0,1,1,Competitive Programming (DSA)
1,0,0,0,0,1,1,0,1,Full Stack Web Development
0,0,0,1,0,0,1,0,0,Backend Development (Java)
0,0,0,1,0,0,1,0,0,Backend Development (Java)
1,0,0,0,0,1,0,0,1,Frontend Web Development
0,0,0,0,0,0,1,0,0,Database Administration
0,0,0,1,1,1,1,0,0,Backend Development (PHP)
0,0,0,0,0,0,0,0,0,Python Programming
0,0,0,1,0,0,1,0,0,Backend Development (Java)
0,0,0,0,0,1,1,0,1,Data Science
0,0,0,0,0,1,1,0,0,Data Science
1,0,0,0,1,1,1,0,1,Full Stack Web Development
0,0,0,0,1,1,0,0,1,Backend Development (PHP)
0,0,0,0,0,1,1,0,1,Data Science
1,0,0,0,0,0,1,0,0,Frontend Web Development
1,1,1,1,0,1,0,0,1,Full Stack Web Development
0,0,0,0,0,0,0,0,0,Python Programming
0,0,0,0,1,1,0,0,1,Backend Development (PHP)
1,1,1,0,1,1,0,0,1,Full Stack Web Development
0,1,1,0,0,0,0,0,0,Frontend Web Development
0,1,0,1,0,0,0,0,0,Full Stack Web Development
0,1,0,1,1,0,1,0,0,Full Stack Web Development
0,0,0,0,0,0,0,0,1,Python Programming
1,0,1,0,0,1,0,0,1,Frontend Web Development
1,0,1,1,0,1,1,1,0,Competitive Programming (DSA)
0,0,0,0,0,0,1,0,1,Database Administration
0,0,0,1,0,0,1,0,0,Backend Development (Java)
0,0,0,0,0,0,1,0,1,Database Administration
0,0,0,1,1,0,1,0,0,Backend Development (PHP)
0,0,1,0,0,1,0,0,1,Frontend Web Development
0,0,0,0,0,1,1,0,1,Data Science
0,0,0,0,0,0,0,0,0,Python Programming
1,0,1,0,0,1,1,1,0,Competitive Programming (DSA)
0,0,0,1,0,0,1,0,1,Backend Development (Java)
0,0,0,0,0,0,1,0,1,Database Administration
0,0,0,0,0,1,0,0,1,Python Programming
0,0,0,0,0,1,1,0,0,Data Science
1,0,1,1,0,0,0,1,0,Competitive Programming (DSA)
0,0,0,0,0,0,1,0,0,Database Administration
0,0,0,0,0,0,1,0,1,Database Administration
1,1,0,0,1,1,0,0,0,Full Stack Web Development
0,0,0,1,1,1,1,0,0,Backend Development (PHP)
0,0,0,1,1,0,0,0,1,Backend Development (PHP)
0,0,0,0,0,0,1,0,1,Database Administration
0,0,0,0,0,1,1,0,1,Data Science
0,0,1,0,0,0,0,0,0,Frontend Web Development
0,0,0,1,0,1,0,0,1,Backend Development (Java)
0,0,0,1,0,0,1,0,0,Backend Development (Java)
0,1,1,0,1,0,0,1,0,Competitive Programming (DSA)
0,0,0,0,0,1,1,0,0,Data Science
0,0,0,0,0,1,0,0,0,Python Programming
0,0,0,0,0,1,1,0,0,Data Science
0,0,0,0,0,1,0,0,0,Python Programming
0,0,0,0,0,0,1,0,1,Database Administration
0,0,0,1,0,0,0,0,1,Backend Development (Java)
0,0,0,1,1,0,0,0,1,Backend Development (PHP)
0,0,0,1,1,1,0,1,1,Competitive Programming (DSA)
1,1,1,0,1,1,0,1,1,Competitive Programming (DSA)
0,0,0,0,0,0,0,0,0,Python Programming
0,0,0,0,0,0,0,0,0,Python Programming
0,0,0,0,0,1,1,0,0,Data Science
0,1,1,0,0,1,0,0,0,Frontend Web Development
0,0,0,0,0,0,1,0,1,Database Administration
0,0,0,0,0,1,1,0,1,Data Science
1,1,0,1,0,1,1,0,0,Full Stack Web Development
0,0,0,1,0,0,0,1,0,Competitive Programming (DSA)
0,1,0,1,0,1,1,1,0,Competitive Programming (DSA)
0,0,1,0,0,1,1,0,0,Frontend Web Development
1,1,1,0,0,1,0,0,0,Frontend Web Development
0,1,0,1,0,0,0,0,0,Full Stack Web Development
0,0,1,0,0,0,1,1,0,Competitive Programming (DSA)
0,0,0,1,0,1,1,0,1,Backend Development (Java)
0,0,0,0,1,0,0,0,0,Backend Development (PHP)
0,0,0,1,1,1,0,0,0,Backend Development (PHP)
0,0,0,1,0,1,0,0,0,Backend Development (Java)
0,0,0,0,0,0,1,0,0,Database Administration
0,1,0,0,0,1,0,0,1,Frontend Web Development
0,0,0,0,0,1,1,0,0,Data Science
0,0,0,0,0,1,1,0,1,Data Science
0,0,0,0,0,0,1,0,1,Database Administration
0,0,0,0,0,0,0,0,1,Python Programming
0,0,0,1,1,0,1,0,1,Backend Development (PHP)
0,1,0,0,1,1,1,1,0,Competitive Programming (DSA)
0,0,0,1,0,0,1,0,1,Backend Development (Java)
1,1,1,0,0,1,0,0,0,Frontend Web Development
1,1,1,0,0,1,1,1,1,Competitive Programming (DSA)
0,0,0,0,0,0,1,1,0,Competitive Programming (DSA)
1,0,1,0,1,1,1,1,0,Competitive Programming (DSA)
0,0,0,0,0,0,1,0,0,Database Administration
0,1,0,0,0,1,0,0,1,Frontend Web Development
1,1,1,0,0,0,0,0,0,Frontend Web Development
0,0,0,0,0,1,1,0,1,Data Science
0,1,1,0,0,1,0,0,0,Frontend Web Development
0,0,0,0,0,0,1,0,1,Database Administration
0,0,0,0,0,1,1,0,0,Data Science
0,0,0,0,1,0,1,0,1,Backend Development (PHP)
0,1,1,1,0,1,0,0,0,Full Stack Web Development
0,0,0,1,0,0,1,0,0,Backend Development (Java)
0,0,0,0,0,0,0,0,0,Python Programming
1,1,1,0,0,1,0,1,0,Competitive Programming (DSA)
0,0,0,1,0,1,0,0,0,Backend Development (Java)
0,0,0,0,0,0,1,0,1,Database Administration
0,0,0,1,0,0,0,0,1,Backend Development (Java)
0,0,0,1,0,0,0,0,1,Backend Development (Java)
0,1,1,0,0,1,1,1,1,Competitive Programming (DSA)
0,0,0,0,0,1,0,0,1,Python Programming
0,0,0,1,0,1,1,0,0,Backend Development (Java)
0,0,0,0,1,0,1,0,0,Backend Development (PHP)
0,0,0,0,1,0,0,0,1,Backend Development (PHP)
0,0,0,0,0,0,1,0,0,Database Administration
0,0,0,0,0,0,1,0,1,Database Administration
1,0,1,0,1,1,1,0,0,Full Stack Web Development
0,0,0,0,0,0,1,0,1,Database Administration
0,0,0,0,0,1,1,0,1,Data Science
0,0,1,1,0,1,0,1,0,Competitive Programming (DSA)
0,0,0,1,1,1,1,0,1,Backend Development (PHP)
0,0,0,0,0,0,0,0,0,Python Programming
0,0,0,0,0,0,1,0,1,Database Administration
0,0,0,0,0,1,1,0,0,Data Science
0,0,0,1,0,1,1,0,0,Backend Development (Java)
0,0,0,1,1,0,0,0,1,Backend Development (PHP)
0,0,0,0,0,1,0,0,0,Python Programming
0,0,0,1,0,0,0,0,1,Backend Development (Java)
0,0,0,1,0,1,0,0,1,Backend Development (Java)
0,0,0,0,1,0,0,0,1,Backend Development (PHP)
0,0,0,0,0,1,0,0,1,Python Programming
0,1,1,1,0,0,1,0,0,Full Stack Web Development
0,0,0,0,0,1,0,0,1,Python Programming
0,0,0,0,1,1,1,0,1,Backend Development (PHP)
0,0,0,0,0,1,1,0,1,Data Science
0,0,0,0,0,0,1,0,0,Database Administration
0,0,0,0,0,1,1,0,0,Data Science
0,1,0,0,0,1,0,0,0,Frontend Web Development
0,0,0,0,0,0,1,0,0,Database Administration
0,0,0,1,0,0,0,0,1,Backend Development (Java)
0,0,0,0,0,0,1,0,1,Database Administration
0,0,0,0,0,1,1,0,0,Data Science
1,1,0,1,0,0,1,0,1,Full Stack Web Development
0,0,0,0,0,0,0,0,0,Python Programming
0,1,0,0,0,1,1,0,0,Frontend Web Development
0,0,0,0,0,1,1,0,1,Data Science
0,1,0,0,0,1,0,0,0,Frontend Web Development
0,0,0,1,1,0,0,0,0,Backend Development (PHP)
0,0,0,0,0,1,1,0,1,Data Science
0,1,0,0,0,1,0,0,0,Frontend Web Development
0,0,0,0,0,1,1,0,1,Data Science
0,0,0,1,0,0,1,0,0,Backend Development (Java)
0,0,0,0,0,1,1,0,1,Data Science
0,1,0,0,0,1,1,0,0,Frontend Web Development
0,0,0,1,0,0,1,0,1,Backend Development (Java)
0,0,0,0,1,0,1,0,1,Backend Development (PHP)
0,0,0,0,0,0,1,0,0,Database Administration
0,0,0,0,0,1,1,0,0,Data Science
0,0,1,0,1,1,0,1,1,Competitive Programming (DSA)
0,0,0,0,0,0,0,0,1,Python Programming
0,0,0,1,0,0,0,0,0,Backend Development (Java)
0,0,0,1,0,1,1,0,1,Backend Development (Java)
0,0,0,0,0,0,0,0,0,Python Programming
0,0,0,0,0,1,0,0,0,Python Programming
0,0,0,0,1,1,1,0,0,Backend Development (PHP)
0,0,0,0,0,0,0,0,0,Python Programming
0,0,0,1,0,1,0,0,0,Backend Development (Java)
0,0,0,0,0,0,0,0,1,Python Programming
0,0,0,0,0,1,1,0,1,Data Science
0,1,1,0,0,0,1,0,0,Frontend Web Development
0,0,0,1,1,1,0,0,0,Backend Development (PHP)
1,0,1,0,1,1,0,0,0,Full Stack Web Development
0,0,0,0,0,0,0,0,1,Python Programming
0,1,0,0,0,1,0,0,0,Frontend Web Development
1,0,1,0,0,1,1,0,0,Frontend Web Development
0,1,0,1,1,0,0,0,0,Full Stack Web Development
0,0,0,1,1,0,0,0,1,Backend Development (PHP)
1,1,1,0,1,1,1,0,0,Full Stack Web Development
0,0,0,1,0,1,1,0,0,Backend Development (Java)
0,0,0,0,0,0,1,0,1,Database Administration
1,0,1,1,0,1,1,0,1,Full Stack Web Development
0,0,0,1,0,0,1,0,0,Backend Development (Java)
0,0,0,1,0,0,1,0,0,Backend Development (Java)
0,0,0,1,0,1,0,0,1,Backend Development (Java)
1,0,1,0,0,1,0,0,1,Frontend Web Development
0,0,0,0,0,0,1,0,1,Database Administration
0,0,0,1,0,1,1,0,0,Backend Development (Java)
0,1,1,0,0,0,0,0,0,Frontend Web Development
0,0,0,0,0,0,0,0,1,Python Programming
1,1,1,0,0,0,0,0,1,Frontend Web Development
0,0,0,1,0,1,1,0,1,Backend Development (Java)
0,1,1,1,1,0,0,0,0,Full Stack Web Development
0,0,0,0,0,1,1,0,1,Data Science
0,0,0,0,0,1,1,0,1,Data Science
0,0,0,1,0,0,1,0,1,Backend Development (Java)
0,0,0,0,0,1,1,0,0,Data Science
0,0,0,1,0,1,1,0,0,Backend Development (Java)
0,0,0,1,0,0,0,0,1,Backend Development (Java)
0,0,0,1,0,1,0,0,1,Backend Development (Java)
0,0,0,0,0,1,1,0,0,Data Science
0,1,0,0,1,0,1,1,1,Competitive Programming (DSA)
0,0,0,1,1,0,1,0,0,Backend Development (PHP)
0,1,0,0,0,0,0,0,1,Frontend Web Development
0,0,0,0,0,1,1,0,0,Data Science
0,0,0,1,1,0,0,0,0,Backend Development (PHP)
0,0,0,0,0,1,0,0,1,Python Programming
0,0,0,0,0,0,0,0,1,Python Programming
0,0,0,0,0,0,1,0,0,Database Administration
0,0,0,0,0,1,0,0,1,Python Programming
1,0,1,0,1,1,0,0,1,Full Stack Web Development
1,1,0,0,0,1,0,0,0,Frontend Web Development
0,0,0,0,0,0,1,0,1,Database Administration
0,0,0,1,0,1,1,0,0,Backend Development (Java)
0,1,0,1,1,0,0,1,0,Competitive Programming (DSA)
1,1,1,1,1,0,0,1,0,Competitive Programming (DSA)
0,0,0,1,1,1,0,0,0,Backend Development (PHP)
0,0,0,0,0,1,1,0,0,Data Science
0,0,0,1,1,0,1,0,1,Backend Development (PHP)
1,1,1,0,0,0,0,0,1,Frontend Web Development
0,0,0,0,0,1,1,0,1,Data Science
1,1,1,0,1,0,1,0,0,Full Stack Web Development
0,0,0,1,0,0,0,0,0,Backend Development (Java)
0,1,1,0,0,0,0,0,1,Frontend Web Development
0,1,0,0,0,1,0,0,1,Frontend Web Development
0,0,0,1,1,1,0,0,1,Backend Development (PHP)
0,1,0,0,1,0,1,0,1,Full Stack Web Development
0,0,0,0,0,0,1,0,1,Database Administration
1,1,0,1,1,0,0,1,0,Competitive Programming (DSA)
0,0,0,0,0,1,1,0,1,Data Science
0,0,0,0,0,1,0,0,0,Python Programming
0,1,1,0,1,0,1,1,1,Competitive Programming (DSA)
1,1,0,1,0,0,1,1,1,Competitive Programming (DSA)
0,0,0,0,0,0,1,0,0,Database Administration
0,0,0,1,1,0,0,0,1,Backend Development (PHP)
1,1,0,1,0,1,1,1,1,Competitive Programming (DSA)
1,0,1,0,0,0,0,0,1,Frontend Web Development
0,0,0,0,0,1,1,0,0,Data Science
0,0,0,0,0,1,1,0,1,Data Science
0,0,0,1,0,1,1,0,1,Backend Development (Java)
1,0,1,1,0,0,1,1,0,Competitive Programming (DSA)
0,0,0,1,0,0,0,0,1,Backend Development (Java)
0,0,0,0,1,1,0,0,1,Backend Development (PHP)
0,0,0,0,1,0,1,0,1,Backend Development (PHP)
1,1,0,1,0,1,0,0,1,Full Stack Web Development
0,0,0,0,0,0,1,0,0,Database Administration
0,0,0,0,0,0,0,0,1,Python Programming
0,0,0,0,0,1,0,0,1,Python Programming
0,0,0,0,0,1,0,0,0,Python Programming
1,1,0,0,1,1,1,1,1,Competitive Programming (DSA)
0,0,0,1,0,0,0,0,1,Backend Development (Java)
0,0,0,0,0,0,1,0,1,Database Administration
0,0,0,0,0,0,0,0,1,Python Programming
0,0,0,1,0,0,0,0,1,Backend Development (Java)
0,0,0,1,0,1,0,0,0,Backend Development (Java)
1,1,1,1,1,0,0,1,0,Competitive Programming (DSA)
0,1,0,0,1,0,0,0,0,Full Stack Web Development
0,0,0,0,0,0,0,0,1,Python Programming
0,0,1,0,0,1,1,0,0,Frontend Web Development
0,0,0,0,0,0,0,0,0,Python Programming
0,0,0,1,1,1,1,0,0,Backend Development (PHP)
0,1,0,0,0,0,0,0,1,Frontend Web Development
0,0,0,1,0,0,0,0,1,Backend Development (Java)
0,0,0,1,0,1,1,0,0,Backend Development (Java)
0,0,0,0,1,0,1,0,0,Backend Development (PHP)
0,0,1,0,1,1,1,0,1,Full Stack Web Development
0,0,0,0,0,1,0,0,0,Python Programming
0,0,0,0,0,1,0,0,1,Python Programming
0,0,0,0,0,1,0,0,1,Python Programming
0,0,0,0,0,1,0,0,1,Python Programming
0,0,0,1,0,0,1,0,1,Backend Development (Java)
0,0,0,1,1,1,1,0,0,Backend Development (PHP)
0,1,1,0,0,1,1,0,0,Frontend Web Development
0,0,0,0,0,1,1,0,0,Data Science
0,0,0,0,0,1,0,0,0,Python Programming
0,0,0,0,0,0,1,0,1,Database Administration
0,0,0,1,0,1,0,0,1,Backend Development (Java)
0,1,0,0,0,1,1,0,0,Frontend Web Development
1,1,1,0,0,0,0,0,0,Frontend Web Development
0,0,0,0,0,0,0,0,0,Python Programming
0,0,0,0,0,1,0,0,1,Python Programming
0,1,0,1,1,1,1,0,1,Full Stack Web Development
1,0,0,0,1,0,1,0,1,Full Stack Web Development
0,0,0,0,0,1,0,0,1,Python Programming
0,0,0,0,0,1,1,0,0,Data Science
0,0,1,0,0,0,1,0,0,Frontend Web Development
0,1,0,1,0,0,1,1,0,Competitive Programming (DSA)
0,0,0,1,1,0,0,0,1,Backend Development (PHP)
0,0,0,0,0,1,1,0,1,Data Science
0,0,0,0,0,0,0,0,0,Python Programming
1,0,1,0,0,1,1,0,0,Frontend Web Development
1,0,0,1,1,0,1,0,1,Full Stack Web Development
0,1,1,0,0,0,0,0,1,Frontend Web Development
0,0,0,0,0,1,0,0,1,Python Programming
0,0,0,1,0,0,1,0,0,Backend Development (Java)
1,0,1,0,1,0,0,0,0,Full Stack Web Development
0,1,0,1,1,0,1,0,0,Full Stack Web Development
0,0,0,1,1,0,1,1,0,Competitive Programming (DSA)
1,0,0,0,0,0,0,1,0,Competitive Programming (DSA)
0,0,0,0,0,0,1,0,1,Database Administration
0,1,0,1,0,0,1,0,0,Full Stack Web Development
0,0,0,1,1,0,0,0,1,Backend Development (PHP)
0,0,0,1,1,0,0,0,0,Backend Development (PHP)
1,0,1,0,0,0,0,0,0,Frontend Web Development
0,1,1,1,1,1,0,1,1,Competitive Programming (DSA)
0,0,0,0,0,0,1,0,0,Database Administration
0,0,0,1,0,0,0,0,0,Backend Development (Java)
0,0,0,0,0,1,1,0,1,Data Science
0,0,0,1,0,1,0,0,0,Backend Development (Java)
0,1,1,0,0,0,0,0,1,Frontend Web Development
1,0,1,0,0,0,0,0,0,Frontend Web Development
0,0,0,1,1,1,0,0,1,Backend Development (PHP)
1,0,1,0,1,0,1,1,1,Competitive Programming (DSA)
1,1,0,0,0,1,1,0,0,Frontend Web Development
0,0,0,1,0,1,1,0,0,Backend Development (Java)
0,0,0,1,0,1,0,0,1,Backend Development (Java)
0,0,1,1,1,0,1,1,0,Competitive Programming (DSA)
0,0,0,0,0,1,1,0,1,Data Science
0,0,0,1,1,0,0,0,1,Backend Development (PHP)
1,1,1,0,0,1,0,0,1,Frontend Web Development
1,0,0,0,0,0,1,0,1,Full Stack Web Development
1,0,1,0,1,1,0,1,0,Competitive Programming (DSA)
0,0,0,1,1,0,1,0,1,Backend Development (PHP)
0,0,0,1,0,0,1,0,1,Backend Development (Java)
0,0,0,0,0,1,1,0,0,Data Science
0,1,1,0,1,1,0,1,1,Competitive Programming (DSA)
0,0,0,0,0,1,0,0,1,Python Programming
1,0,1,0,0,1,1,0,0,Frontend Web Development
0,0,0,0,0,1,0,0,1,Python Programming
0,1,0,1,1,1,0,0,1,Full Stack Web Development
0,0,0,0,0,0,1,0,1,Database Administration
0,0,0,0,0,0,1,0,0,Database Administration
0,1,0,0,1,1,1,0,0,Full Stack Web Development
0,0,0,1,1,0,1,0,1,Backend Development (PHP)
0,0,0,1,1,0,0,0,0,Backend Development (PHP)
0,0,0,0,0,1,1,0,1,Data Science
0,0,0,0,0,0,1,0,0,Database Administration
0,0,0,0,0,1,0,1,0,Competitive Programming (DSA)
0,0,0,0,0,0,1,0,0,Database Administration
0,1,1,0,0,0,0,0,0,Frontend Web Development
1,1,0,1,0,0,0,1,1,Competitive Programming (DSA)
0,0,0,0,0,0,0,0,0,Python Programming
0,0,1,0,0,0,1,1,0,Competitive Programming (DSA)
0,0,0,0,0,0,1,0,0,Database Administration
0,0,0,0,0,0,1,0,0,Database Administration
0,0,0,1,1,0,0,0,0,Backend Development (PHP)
0,0,0,1,0,1,1,0,1,Backend Development (Java)
0,0,0,1,0,1,0,0,0,Backend Development (Java)
0,1,0,1,0,0,1,0,0,Full Stack Web Development
0,1,1,1,1,0,0,0,1,Full Stack Web Development
0,1,1,0,0,0,0,0,0,Frontend Web Development
0,0,0,0,0,0,1,0,0,Database Administration
0,0,0,1,1,0,0,0,0,Backend Development (PHP)
0,0,0,0,0,0,0,0,0,Python Programming
0,0,0,1,1,0,1,1,0,Competitive Programming (DSA)
0,0,1,0,1,0,0,0,0,Full Stack Web Development
1,1,0,1,1,0,0,1,1,Competitive Programming (DSA)
0,0,0,0,0,0,1,0,1,Database Administration
0,0,0,1,0,1,1,0,0,Backend Development (Java)
1,0,0,0,0,0,1,0,0,Frontend Web Development
0,0,0,0,0,1,1,0,0,Data Science
0,0,0,0,0,1,1,0,1,Data Science
0,0,1,0,0,1,0,0,0,Frontend Web Development
0,0,0,0,1,0,0,0,1,Backend Development (PHP)
0,0,0,0,0,0,1,0,0,Database Administration
0,0,0,1,0,1,1,0,1,Backend Development (Java)
1,1,0,0,1,0,1,1,0,Competitive Programming (DSA)
0,0,0,0,0,1,1,0,0,Data Science
0,0,0,0,0,1,1,0,0,Data Science
0,0,0,1,0,1,0,0,1,Backend Development (Java)
1,0,1,0,0,1,0,1,1,Competitive Programming (DSA)
0,0,0,1,1,0,0,0,1,Backend Development (PHP)
0,0,1,1,1,1,1,0,1,Full Stack Web Development
0,0,0,0,0,0,0,0,1,Python Programming
0,1,0,0,1,1,0,1,0,Competitive Programming (DSA)
0,0,0,1,0,0,0,0,0,Backend Development (Java)
0,0,0,1,0,0,0,0,0,Backend Development (Java)
0,0,0,1,0,1,1,0,0,Backend Development (Java)
0,0,0,0,0,1,1,0,0,Data Science
0,0,0,0,0,0,1,0,0,Database Administration
1,1,1,1,1,0,1,0,0,Full Stack Web Development
0,0,0,0,0,0,0,0,1,Python Programming
0,0,0,0,0,1,0,0,0,Python Programming
0,0,0,0,0,1,0,0,1,Python Programming
0,0,0,0,0,0,0,0,0,Python Programming
1,0,1,1,1,1,1,0,0,Full Stack Web Development
0,0,0,0,0,1,0,0,1,Python Programming
1,0,0,0,1,1,0,0,1,Full Stack Web Development
0,0,0,0,0,0,1,0,1,Database Administration
0,0,0,0,0,0,0,0,1,Python Programming
0,0,1,0,1,0,0,0,1,Full Stack Web Development
0,1,0,1,0,1,0,1,1,Competitive Programming (DSA)
1,0,0,1,1,0,1,0,1,Full Stack Web Development
0,0,0,1,0,0,0,0,0,Backend Development (Java)
1,0,0,1,1,1,0,0,0,Full Stack Web Development
1,1,1,1,0,0,1,1,1,Competitive Programming (DSA)
0,0,0,1,0,1,1,0,1,Backend Development (Java)
1,0,1,0,1,1,1,0,1,Full Stack Web Development
0,0,0,0,1,0,1,0,1,Backend Development (PHP)
0,0,0,0,0,0,1,0,0,Database Administration
1,0,0,1,0,0,0,0,0,Full Stack Web Development
0,0,0,0,0,0,1,0,0,Database Administration
0,0,0,0,0,1,0,0,0,Python Programming
1,1,1,0,0,1,1,0,0,Frontend Web Development
0,0,0,1,1,1,0,0,0,Backend Development (PHP)
0,0,0,0,0,0,0,0,0,Python Programming
0,1,0,0,0,0,1,0,0,Frontend Web Development
1,1,0,0,1,1,1,1,1,Competitive Programming (DSA)
0,0,0,0,0,1,0,0,0,Python Programming
0,0,0,1,0,1,0,0,0,Backend Development (Java)
0,1,0,0,0,1,1,0,0,Frontend Web Development
0,0,0,0,0,1,1,0,0,Data Science
1,1,1,1,0,1,1,1,1,Competitive Programming (DSA)
0,0,0,0,0,0,0,0,1,Python Programming
0,0,1,0,0,1,0,0,1,Frontend Web Development
0,0,0,0,0,0,0,0,1,Python Programming
0,0,0,0,0,1,1,0,0,Data Science
0,0,1,0,1,1,0,0,0,Full Stack Web Development
1,1,1,0,1,1,1,1,1,Competitive Programming (DSA)
0,0,0,0,0,0,0,0,1,Python Programming
0,1,0,0,0,0,1,0,0,Frontend Web Development
0,0,0,1,0,1,0,0,1,Backend Development (Java)
0,0,0,1,0,0,1,0,0,Backend Development (Java)
0,0,1,1,0,0,0,1,0,Competitive Programming (DSA)
0,0,0,0,1,1,1,0,0,Backend Development (PHP)
1,1,1,1,0,0,1,0,1,Full Stack Web Development
1,1,0,0,0,0,1,0,0,Frontend Web Development
0,0,0,0,0,1,1,0,0,Data Science
0,1,1,0,0,0,1,1,0,Competitive Programming (DSA)
0,0,0,0,0,1,1,0,1,Data Science
0,0,0,1,0,1,1,0,0,Backend Development (Java)
0,0,0,0,0,1,1,0,1,Data Science
0,0,0,0,0,0,1,0,0,Database Administration
1,0,1,1,1,1,1,0,1,Full Stack Web Development
0,0,0,1,0,0,1,0,1,Backend Development (Java)
0,0,0,0,1,0,0,0,0,Backend Development (PHP)
0,0,0,0,0,0,1,0,0,Database Administration
0,0,0,0,0,1,1,0,0,Data Science
1,1,0,0,0,0,1,0,0,Frontend Web Development
0,0,0,1,0,1,0,0,0,Backend Development (Java)
0,0,0,1,1,1,0,0,1,Backend Development (PHP)
0,0,0,0,0,1,1,0,1,Data Science
1,0,0,0,0,0,0,0,1,Frontend Web Development
0,0,0,1,1,0,1,0,1,Backend Development (PHP)
0,0,0,1,0,0,1,0,1,Backend Development (Java)
0,0,0,1,0,1,1,0,0,Backend Development (Java)
1,0,0,0,1,0,0,0,0,Full Stack Web Development
0,0,0,0,0,0,1,0,0,Database Administration
0,0,0,0,0,1,0,0,1,Python Programming
1,1,1,1,1,1,0,0,0,Full Stack Web Development
1,1,1,0,0,1,1,0,0,Frontend Web Development
0,0,0,1,0,1,1,0,1,Backend Development (Java)
0,0,0,1,1,0,0,0,1,Backend Development (PHP)
0,0,0,0,0,0,1,0,0,Database Administration
0,0,0,1,0,0,1,0,0,Backend Development (Java)
0,0,0,0,0,1,1,0,0,Data Science
0,0,0,0,0,1,0,0,0,Python Programming
1,0,1,0,1,1,0,1,1,Competitive Programming (DSA)
0,0,0,0,0,1,1,0,1,Data Science
1,0,1,0,0,1,0,0,1,Frontend Web Development
0,0,0,0,0,0,1,0,1,Database Administration
0,0,0,1,0,0,1,0,1,Backend Development (Java)
0,1,1,0,0,1,1,0,0,Frontend Web Development
0,0,0,0,0,0,1,0,1,Database Administration
0,0,0,0,0,0,1,0,1,Database Administration
1,0,1,0,1,1,0,1,0,Competitive Programming (DSA)
0,0,0,1,0,0,1,0,0,Backend Development (Java)
0,1,1,1,0,0,0,1,0,Competitive Programming (DSA)
0,0,0,0,1,1,1,0,0,Backend Development (PHP)
0,0,0,0,0,1,0,0,1,Python Programming
0,0,0,1,1,1,0,0,0,Backend Development (PHP)
0,0,1,0,0,1,1,0,1,Full Stack Web Development
0,0,0,0,1,1,0,0,1,Backend Development (PHP)
0,0,0,0,1,1,1,0,1,Backend Development (PHP)
0,0,0,1,0,1,0,0,1,Backend Development (Java)
0,1,0,0,0,0,0,0,1,Frontend Web Development
1,1,0,0,0,1,0,0,1,Frontend Web Development
0,0,0,1,0,0,0,0,0,Backend Development (Java)
1,0,1,0,0,1,1,0,0,Frontend Web Development
0,0,0,0,0,1,1,0,1,Data Science
0,0,0,1,0,0,0,0,0,Backend Development (Java)
0,0,0,0,0,0,0,0,1,Python Programming
0,0,0,0,0,0,1,0,1,Database Administration
0,0,0,1,0,0,0,0,1,Backend Development (Java)
1,1,1,1,0,1,1,0,1,Full Stack Web Development
0,0,0,0,0,0,0,0,0,Python Programming
0,0,0,0,0,0,1,0,0,Database Administration
0,0,0,0,0,1,1,0,0,Data Science
0,0,0,0,0,1,1,0,1,Data Science
0,1,0,0,0,0,0,0,0,Frontend Web Development
0,0,0,0,0,0,0,0,1,Python Programming
0,0,0,0,0,1,1,0,1,Data Science
0,0,0,0,0,1,1,0,1,Data Science
0,0,0,0,0,0,0,0,1,Python Programming
0,0,0,1,1,1,1,0,1,Backend Development (PHP)
0,0,0,0,0,1,0,0,1,Python Programming
0,0,0,1,0,0,0,0,0,Backend Development (Java)
0,0,0,0,0,1,0,0,0,Python Programming
1,0,0,0,1,1,0,0,0,Full Stack Web Development
0,0,0,0,1,1,0,0,0,Backend Development (PHP)
1,1,1,0,0,1,0,0,1,Frontend Web Development
0,0,0,1,0,0,1,0,1,Backend Development (Java)
1,1,1,0,1,0,0,0,1,Full Stack Web Development
0,0,1,0,0,1,1,0,0,Frontend Web Development
0,0,0,0,0,0,1,0,1,Database Administration
0,0,1,0,0,0,1,0,0,Frontend Web Development
0,0,0,1,1,0,0,0,1,Backend Development (PHP)
0,0,0,0,0,0,0,0,0,Python Programming
0,0,0,0,0,0,1,0,1,Database Administration
0,0,0,0,0,0,0,0,1,Python Programming
1,0,0,1,0,1,0,0,0,Full Stack Web Development
0,0,0,0,0,0,1,0,1,Database Administration
0,0,0,0,0,0,0,0,0,Python Programming
0,0,0,0,1,1,1,0,1,Backend Development (PHP)
0,0,0,0,0,0,1,0,0,Database Administration
1,0,1,1,1,0,1,1,1,Competitive Programming (DSA)
0,0,0,1,0,1,0,0,0,Backend Development (Java)
0,0,0,0,0,0,1,0,1,Database Administration
0,1,1,1,0,0,0,1,0,Competitive Programming (DSA)
0,0,0,0,0,1,1,0,0,Data Science
0,0,0,1,0,1,0,0,1,Backend Development (Java)
0,0,0,0,0,1,1,0,0,Data Science
0,0,0,0,0,1,0,0,0,Python Programming
0,0,0,0,0,0,1,0,0,Database Administration
1,1,0,1,1,1,0,0,1,Full Stack Web Development
0,0,0,0,0,0,1,0,0,Database Administration
0,1,1,0,0,1,0,1,1,Competitive Programming (DSA)
1,0,0,0,1,0,0,1,0,Competitive Programming (DSA)
0,0,0,0,1,1,1,0,0,Backend Development (PHP)
0,0,0,1,0,1,0,0,0,Backend Development (Java)
0,0,0,0,0,1,1,0,0,Data Science
0,0,0,0,1,0,0,0,1,Backend Development (PHP)
0,0,0,1,0,0,0,0,0,Backend Development (Java)
0,0,0,0,0,1,1,0,0,Data Science
0,1,0,0,0,0,0,0,1,Frontend Web Development
0,0,0,0,0,1,1,0,1,Data Science
0,0,0,0,0,0,1,0,1,Database Administration
0,0,0,1,1,0,0,0,1,Backend Development (PHP)
0,0,0,0,0,1,0,0,0,Python Programming
0,0,0,0,0,1,0,0,0,Python Programming
0,0,0,0,1,0,0,0,0,Backend Development (PHP)
1,0,0,0,0,0,0,0,0,Frontend Web Development
0,0,0,0,0,1,0,0,0,Python Programming
0,0,0,1,0,1,0,0,1,Backend Development (Java)
0,0,0,0,0,1,1,0,0,Data Science
0,0,1,1,1,1,1,1,1,Competitive Programming (DSA)
1,1,1,0,0,1,0,0,1,Frontend Web Development
0,0,1,0,1,0,0,0,1,Full Stack Web Development
0,0,0,0,0,1,0,0,1,Python Programming
1,1,0,1,0,1,1,0,1,Full Stack Web Development
0,0,0,0,0,1,1,0,0,Data Science
1,1,1,1,1,1,0,0,1,Full Stack Web Development
0,0,0,1,0,0,0,0,0,Backend Development (Java)
0,0,0,0,0,1,1,0,1,Data Science
0,0,0,0,0,1,1,0,0,Data Science
0,1,0,0,1,1,1,1,1,Competitive Programming (DSA)
0,1,0,0,0,1,0,1,0,Competitive Programming (DSA)
0,0,0,0,0,0,1,0,0,Database Administration
0,0,0,1,1,0,0,0,1,Backend Development (PHP)
0,0,0,0,0,0,1,0,1,Database Administration
1,1,1,0,0,0,1,1,1,Competitive Programming (DSA)
0,0,0,0,0,1,0,0,0,Python Programming
0,0,0,0,0,1,1,0,1,Data Science
0,0,0,0,0,0,1,0,1,Database Administration
0,0,0,1,0,1,1,0,1,Backend Development (Java)
0,1,1,1,0,1,1,1,0,Competitive Programming (DSA)
0,0,0,1,1,0,1,0,0,Backend Development (PHP)
1,1,1,1,1,1,0,0,0,Full Stack Web Development
0,0,0,0,0,1,1,0,1,Data Science
1,1,0,0,0,1,1,0,0,Frontend Web Development
0,0,0,0,0,1,0,0,0,Python Programming
0,0,0,0,0,1,1,0,1,Data Science
0,0,0,0,0,1,0,0,1,Python Programming
0,0,0,0,0,0,1,0,1,Database Administration
0,0,1,1,1,0,1,1,0,Competitive Programming (DSA)
0,1,1,0,0,1,1,0,0,Frontend Web Development
0,0,0,0,1,0,0,0,1,Backend Development (PHP)
0,0,0,0,0,1,1,0,0,Data Science
1,0,1,1,0,0,1,1,1,Competitive Programming (DSA)
0,0,0,1,1,0,0,0,1,Backend Development (PHP)
1,1,1,1,0,0,1,0,1,Full Stack Web Development
0,0,0,0,0,1,1,0,0,Data Science
0,0,1,1,1,1,1,0,0,Full Stack Web Development
0,0,0,0,0,1,1,0,1,Data Science
0,0,0,1,0,0,0,0,0,Backend Development (Java)
0,0,1,0,0,0,1,0,1,Full Stack Web Development
0,1,1,1,0,0,0,1,1,Competitive Programming (DSA)
0,1,0,0,0,1,1,1,1,Competitive Programming (DSA)
0,0,0,0,0,1,1,0,0,Data Science
1,1,1,0,0,0,0,0,1,Frontend Web Development
0,0,0,0,0,0,1,0,1,Database Administration
0,0,0,0,0,0,1,0,1,Database Administration
1,1,0,0,1,1,1,1,0,Competitive Programming (DSA)
0,0,0,0,0,0,0,0,0,Python Programming
0,0,0,0,0,0,1,0,1,Database Administration
0,0,0,0,0,0,1,0,1,Database Administration
0,0,0,0,0,0,0,0,0,Python Programming
0,0,0,0,1,1,0,0,0,Backend Development (PHP)
0,1,1,0,0,1,0,0,0,Frontend Web Development
1,1,0,1,1,0,0,0,0,Full Stack Web Development
0,0,0,0,0,0,1,0,0,Database Administration
1,0,1,1,0,0,1,1,0,Competitive Programming (DSA)
1,1,0,0,0,0,0,0,0,Frontend Web Development
0,0,0,0,0,1,1,0,0,Data Science
0,0,0,0,0,1,1,0,0,Data Science
1,1,1,1,1,1,1,0,0,Full Stack Web Development
0,0,0,1,1,0,0,0,1,Backend Development (PHP)
0,0,0,1,1,1,1,0,1,Backend Development (PHP)
0,0,0,0,1,1,1,0,0,Backend Development (PHP)
1,1,0,1,1,0,1,0,1,Full Stack Web Development
1,0,0,1,0,1,1,1,1,Competitive Programming (DSA)
0,0,0,1,0,0,1,0,1,Backend Development (Java)
0,0,0,0,1,0,1,0,1,Backend Development (PHP)
0,0,0,1,1,1,1,0,0,Backend Development (PHP)
0,1,1,1,0,0,1,0,1,Full Stack Web Development
0,0,0,1,0,0,0,0,1,Backend Development (Java)
0,0,0,0,0,0,1,0,0,Database Administration
0,0,0,1,0,1,0,0,0,Backend Development (Java)
0,0,0,0,0,0,0,0,1,Python Programming
0,0,0,0,1,0,0,0,1,Backend Development (PHP)
1,0,0,0,0,0,0,0,0,Frontend Web Development
0,1,1,1,1,1,0,0,0,Full Stack Web Development
0,0,0,1,0,0,0,0,1,Backend Development (Java)
1,1,0,0,0,1,0,1,1,Competitive Programming (DSA)
0,1,1,0,0,1,1,0,1,Full Stack Web Development
1,0,1,1,1,0,0,0,1,Full Stack Web Development
0,1,0,1,1,0,0,0,1,Full Stack Web Development
1,0,1,0,0,1,0,0,0,Frontend Web Development
1,0,1,0,1,1,1,1,0,Competitive Programming (DSA)
0,0,1,0,0,0,0,1,1,Competitive Programming (DSA)
1,1,0,0,0,0,1,1,1,Competitive Programming (DSA)
0,0,0,1,0,0,0,0,1,Backend Development (Java)
0,0,0,0,0,0,1,0,1,Database Administration
0,0,1,1,1,1,1,1,0,Competitive Programming (DSA)
0,0,0,0,0,1,1,0,0,Data Science
0,1,1,0,0,0,1,0,0,Frontend Web Development
0,0,0,0,0,1,1,0,1,Data Science
0,0,1,1,1,1,1,1,0,Competitive Programming (DSA)
0,0,0,0,0,1,1,0,0,Data Science
0,0,0,0,1,1,0,1,1,Competitive Programming (DSA)
0,0,0,0,0,0,1,0,1,Database Administration
1,1,1,0,0,1,0,0,0,Frontend Web Development
1,1,1,0,0,1,0,0,1,Frontend Web Development
0,0,0,0,0,0,0,0,0,Python Programming
0,0,0,0,0,0,1,0,1,Database Administration
0,0,0,1,1,0,1,0,0,Backend Development (PHP)
0,0,0,0,0,1,1,0,1,Data Science
1,0,1,1,0,1,0,0,0,Full Stack Web Development
0,0,0,0,0,0,1,0,1,Database Administration
0,0,0,0,0,1,1,0,0,Data Science
0,1,0,1,0,1,0,0,0,Full Stack Web Development
0,0,0,1,0,0,0,0,1,Backend Development (Java)
0,0,0,0,0,0,1,0,0,Database Administration
0,1,0,1,1,1,0,0,1,Full Stack Web Development
0,0,0,0,0,1,0,0,1,Python Programming
1,0,0,1,1,0,0,0,0,Full Stack Web Development
0,0,0,1,0,0,1,0,0,Backend Development (Java)
1,0,1,0,1,1,1,0,0,Full Stack Web Development
1,1,0,0,1,0,0,0,0,Full Stack Web Development
1,0,0,1,1,1,1,0,1,Full Stack Web Development
0,0,0,1,0,0,1,0,1,Backend Development (Java)
1,0,0,1,1,1,1,0,0,Full Stack Web Development
0,0,0,0,0,0,1,0,1,Database Administration
0,0,0,0,1,0,1,0,1,Backend Development (PHP)
0,0,0,0,0,1,1,0,1,Data Science
1,0,1,1,1,1,1,0,1,Full Stack Web Development
0,0,0,0,0,0,0,0,1,Python Programming
0,0,0,0,0,1,0,0,0,Python Programming
0,0,0,1,0,1,0,0,0,Backend Development (Java)
0,0,1,0,0,0,1,0,0,Frontend Web Development
0,0,0,0,0,0,1,0,0,Database Administration
1,0,0,0,0,1,1,0,0,Frontend Web Development
0,0,0,0,0,0,1,0,0,Database Administration
0,1,0,1,1,1,0,1,1,Competitive Programming (DSA)
1,0,0,0,0,1,1,0,0,Frontend Web Development
0,0,0,1,0,0,1,0,1,Backend Development (Java)
0,0,0,0,0,1,1,0,1,Data Science
0,0,0,1,0,0,0,0,1,Backend Development (Java)
0,0,0,0,0,0,0,0,0,Python Programming
1,0,0,0,0,0,0,0,0,Frontend Web Development
0,0,0,1,0,1,1,0,1,Backend Development (Java)
0,0,0,0,0,0,1,0,0,Database Administration
0,0,0,1,1,0,1,0,0,Backend Development (PHP)
0,0,0,0,0,1,1,0,0,Data Science
0,0,0,0,0,0,0,0,0,Python Programming
1,1,0,0,1,0,0,1,1,Competitive Programming (DSA)
0,0,0,0,0,0,1,0,1,Database Administration
0,0,1,0,0,1,1,0,0,Frontend Web Development
0,0,0,0,0,1,1,0,1,Data Science
0,0,0,1,1,0,1,0,0,Backend Development (PHP)
0,0,0,0,0,0,1,0,0,Database Administration
1,0,0,1,1,0,1,0,1,Full Stack Web Development
1,1,0,0,0,0,1,0,1,Full Stack Web Development
0,0,0,0,0,0,1,0,1,Database Administration
1,1,0,0,0,1,0,0,0,Frontend Web Development
0,0,0,1,0,0,0,0,0,Backend Development (Java)
1,0,1,0,1,0,0,0,1,Full Stack Web Development
0,0,0,0,0,0,0,0,1,Python Programming
0,0,0,0,0,0,1,0,1,Database Administration
0,0,0,0,0,0,1,0,0,Database Administration
0,1,0,1,0,0,0,1,0,Competitive Programming (DSA)
0,0,1,1,0,0,1,0,0,Full Stack Web Development
0,0,0,1,0,0,1,0,1,Backend Development (Java)
0,0,0,0,0,1,0,0,1,Python Programming
1,1,1,0,0,1,1,0,0,Frontend Web Development
1,1,0,1,0,0,1,1,0,Competitive Programming (DSA)
0,0,0,0,0,0,1,0,1,Database Administration
1,1,1,1,1,0,0,0,1,Full Stack Web Development
0,0,0,0,0,0,1,0,1,Database Administration
0,0,0,0,0,1,0,0,1,Python Programming
0,0,0,0,0,1,1,0,0,Data Science
0,0,0,1,1,0,1,1,0,Competitive Programming (DSA)
0,0,0,0,0,1,1,0,1,Data Science
0,0,1,1,1,0,1,1,0,Competitive Programming (DSA)
0,0,0,1,0,1,0,0,1,Backend Development (Java)
0,1,0,1,1,1,1,0,1,Full Stack Web Development
0,0,1,0,0,0,1,0,0,Frontend Web Development
0,0,0,0,1,1,1,0,1,Backend Development (PHP)
0,0,0,0,0,0,1,0,0,Database Administration
0,0,0,0,0,1,1,0,1,Data Science
0,0,0,0,0,0,1,0,0,Database Administration
0,0,0,0,0,0,1,0,0,Database Administration
0,0,0,0,0,1,1,0,0,Data Science
0,0,0,1,1,1,1,0,1,Backend Development (PHP)
0,0,0,0,0,0,1,0,1,Database Administration
1,1,0,1,1,0,0,0,0,Full Stack Web Development
1,1,0,0,0,0,0,0,1,Frontend Web Development
0,0,0,1,0,1,1,0,1,Backend Development (Java)
1,1,1,0,0,0,1,1,1,Competitive Programming (DSA)
0,0,0,0,0,1,1,0,1,Data Science
0,0,0,1,1,1,1,0,1,Backend Development (PHP)
1,0,0,1,1,1,1,1,1,Competitive Programming (DSA)
0,0,0,1,0,1,1,0,0,Backend Development (Java)
0,0,0,1,1,1,0,0,0,Backend Development (PHP)
0,0,0,1,1,0,0,0,0,Backend Development (PHP)
0,0,1,1,0,1,1,1,1,Competitive Programming (DSA)
0,0,0,1,0,1,1,0,0,Backend Development (Java)
1,0,1,0,0,1,1,0,0,Frontend Web Development
0,1,0,0,1,0,0,1,0,Competitive Programming (DSA)
0,0,1,1,0,0,0,0,1,Full Stack Web Development
0,0,0,1,0,0,0,0,1,Backend Development (Java)
1,0,0,1,1,0,0,0,1,Full Stack Web Development
0,0,0,1,0,1,1,0,0,Backend Development (Java)
0,0,0,1,0,1,1,0,0,Backend Development (Java)
0,0,0,0,1,0,0,0,1,Backend Development (PHP)
1,1,1,1,0,0,1,1,0,Competitive Programming (DSA)
0,0,0,1,1,0,0,0,1,Backend Development (PHP)
0,0,0,1,0,0,1,0,1,Backend Development (Java)
0,0,0,0,0,1,1,0,0,Data Science
0,0,0,1,1,0,1,0,1,Backend Development (PHP)
0,0,0,0,1,1,0,0,1,Backend Development (PHP)
0,0,1,0,0,0,0,0,0,Frontend Web Development
0,0,0,0,0,0,0,0,1,Python Programming
0,0,0,1,0,0,0,1,0,Competitive Programming (DSA)
1,0,0,0,1,0,1,0,0,Full Stack Web Development
0,0,0,1,1,1,0,0,1,Backend Development (PHP)
1,0,1,1,1,0,1,0,1,Full Stack Web Development
0,1,0,1,1,1,0,0,0,Full Stack Web Development
0,1,1,0,0,1,1,0,0,Frontend Web Development
0,0,0,1,0,1,0,0,0,Backend Development (Java)
1,0,0,0,0,1,1,0,0,Frontend Web Development
0,0,0,0,0,1,1,0,1,Data Science
0,0,0,0,0,1,0,0,1,Python Programming
0,0,0,1,0,0,0,0,1,Backend Development (Java)
0,0,0,1,1,1,0,0,1,Backend Development (PHP)
0,0,0,1,1,0,1,0,1,Backend Development (PHP)
0,0,1,0,0,0,0,0,0,Frontend Web Development
0,0,0,1,1,0,1,0,1,Backend Development (PHP)
0,0,0,0,0,1,1,0,1,Data Science
0,0,0,0,0,0,1,0,1,Database Administration
0,0,0,0,0,0,1,0,0,Database Administration
0,0,0,1,1,0,0,0,1,Backend Development (PHP)
1,1,0,1,1,1,1,1,1,Competitive Programming (DSA)
0,0,0,1,1,0,1,0,0,Backend Development (PHP)
0,0,0,1,1,1,1,0,1,Backend Development (PHP)
0,0,0,1,0,1,1,0,1,Backend Development (Java)
0,0,0,0,0,1,1,0,1,Data Science
0,1,1,0,0,0,1,0,0,Frontend Web Development
0,1,0,0,0,1,1,0,1,Full Stack Web Development
0,0,0,0,0,1,1,1,0,Competitive Programming (DSA)
1,0,1,1,1,0,1,1,0,Competitive Programming (DSA)
0,0,0,1,0,0,0,0,0,Backend Development (Java)
0,1,1,1,0,1,0,1,0,Competitive Programming (DSA)
0,0,0,0,0,1,1,0,1,Data Science
0,0,1,0,0,1,0,0,1,Frontend Web Development
1,0,0,1,0,0,1,0,0,Full Stack Web Development
1,1,1,0,0,0,1,0,0,Frontend Web Development
0,0,0,1,0,0,1,0,0,Backend Development (Java)
0,0,0,0,0,1,1,0,1,Data Science
0,0,0,0,0,0,1,0,1,Database Administration
0,0,0,1,0,1,1,1,1,Competitive Programming (DSA)
0,0,0,1,0,0,1,0,1,Backend Development (Java)
0,0,1,0,0,0,1,0,0,Frontend Web Development
0,0,0,0,0,1,1,0,1,Data Science
0,0,0,0,0,1,0,0,1,Python Programming
0,0,0,1,0,1,1,0,0,Backend Development (Java)
0,0,0,0,0,1,1,0,1,Data Science
0,0,0,0,0,0,1,0,0,Database Administration
0,0,0,0,0,0,1,0,0,Database Administration
1,1,0,0,1,1,0,0,0,Full Stack Web Development
0,0,0,1,1,1,0,0,1,Backend Development (PHP)
0,1,0,1,0,0,0,0,0,Full Stack Web Development
0,0,0,0,0,1,1,0,0,Data Science
0,0,0,0,0,0,1,0,0,Database Administration
1,1,1,0,1,0,0,0,1,Full Stack Web Development
0,0,0,0,0,1,1,0,1,Data Science
1,1,1,0,0,0,1,0,0,Frontend Web Development
0,0,0,0,0,1,1,0,0,Data Science
0,0,0,0,0,1,1,0,0,Data Science
0,1,0,0,0,1,1,1,1,Competitive Programming (DSA)
0,0,0,1,0,1,0,0,0,Backend Development (Java)
0,1,1,0,0,1,1,0,0,Frontend Web Development
0,1,0,1,1,1,0,0,1,Full Stack Web Development
0,0,0,0,0,0,0,0,1,Python Programming
0,0,0,1,1,0,1,1,0,Competitive Programming (DSA)
0,0,1,0,1,0,1,0,1,Full Stack Web Development
1,1,0,0,1,1,1,0,1,Full Stack Web Development
0,0,0,1,0,0,1,0,1,Backend Development (Java)
0,0,0,0,0,0,0,0,1,Python Programming
0,0,0,0,0,1,1,0,1,Data Science
0,0,0,0,0,1,1,0,1,Data Science
0,0,0,0,0,0,1,0,0,Database Administration
0,0,0,1,0,0,0,0,0,Backend Development (Java)
0,0,0,1,0,0,0,0,0,Backend Development (Java)
1,0,0,0,0,0,0,0,0,Frontend Web Development
1,0,0,0,0,1,0,0,0,Frontend Web Development
1,0,0,0,0,1,1,0,0,Frontend Web Development
0,0,0,1,0,0,1,0,1,Backend Development (Java)
0,0,0,1,0,0,0,0,1,Backend Development (Java)
0,0,0,0,0,0,0,0,0,Python Programming
0,0,1,0,0,0,0,0,0,Frontend Web Development
1,1,0,0,1,0,0,1,0,Competitive Programming (DSA)
1,0,1,0,0,0,0,0,0,Frontend Web Development
0,0,0,0,0,0,0,0,1,Python Programming
0,0,0,0,0,1,1,0,1,Data Science
1,1,1,0,1,1,0,1,1,Competitive Programming (DSA)
0,0,0,0,0,0,1,1,0,Competitive Programming (DSA)
0,1,1,0,0,0,0,0,0,Frontend Web Development
0,0,0,0,0,1,0,0,1,Python Programming
1,1,1,0,1,1,0,0,0,Full Stack Web Development
0,0,0,0,0,0,1,0,0,Database Administration
0,0,0,1,1,0,0,0,0,Backend Development (PHP)
0,0,0,1,1,0,0,0,1,Backend Development (PHP)
0,0,0,0,1,0,0,0,0,Backend Development (PHP)
0,0,0,0,0,1,0,0,0,Python Programming
0,0,0,1,1,1,1,0,0,Backend Development (PHP)
0,0,0,0,0,1,1,0,0,Data Science
0,0,0,1,0,0,1,0,0,Backend Development (Java)
0,0,0,0,0,0,1,0,1,Database Administration
1,0,0,0,0,1,0,0,0,Frontend Web Development
1,0,1,0,0,0,0,0,1,Frontend Web Development
0,0,0,0,0,1,0,0,1,Python Programming
0,0,0,0,0,1,1,0,0,Data Science
1,0,1,0,0,0,1,0,0,Frontend Web Development
0,0,0,1,1,1,1,0,0,Backend Development (PHP)
0,0,0,1,0,1,0,0,1,Backend Development (Java)
0,0,0,0,0,1,0,0,1,Python Programming
0,0,1,1,1,0,1,1,1,Competitive Programming (DSA)
0,0,1,1,1,0,0,1,0,Competitive Programming (DSA)
0,0,0,0,0,0,1,0,0,Database Administration
0,1,0,0,1,0,1,1,1,Competitive Programming (DSA)
1,0,1,0,0,1,1,1,0,Competitive Programming (DSA)
0,0,0,1,0,1,0,0,1,Backend Development (Java)
0,0,1,0,0,1,0,0,1,Frontend Web Development
1,1,0,0,0,1,1,0,0,Frontend Web Development
0,0,0,1,1,1,0,0,1,Backend Development (PHP)
1,1,0,0,0,1,0,0,0,Frontend Web Development
0,0,1,0,1,1,0,1,1,Competitive Programming (DSA)
0,0,0,0,0,0,0,0,1,Python Programming
0,0,0,0,0,0,1,0,0,Database Administration
1,0,1,0,1,1,0,0,0,Full Stack Web Development
0,0,0,0,0,0,0,0,0,Python Programming
0,0,0,0,0,0,0,0,1,Python Programming
0,0,0,0,0,0,0,0,1,Python Programming
0,1,1,1,1,0,1,0,1,Full Stack Web Development
0,0,0,1,0,0,1,0,0,Backend Development (Java)
0,1,1,1,1,0,0,0,0,Full Stack Web Development
0,0,0,0,0,1,0,0,0,Python Programming
0,0,0,0,0,1,0,0,0,Python Programming
0,0,0,0,0,1,1,0,1,Data Science
1,0,0,1,0,0,1,0,0,Full Stack Web Development
0,0,0,0,1,1,0,0,0,Backend Development (PHP)
0,0,0,0,0,0,0,0,1,Python Programming
0,0,0,0,0,1,1,0,1,Data Science
1,1,0,1,0,1,1,1,0,Competitive Programming (DSA)
0,0,0,0,0,1,0,0,0,Python Programming
0,0,0,0,0,0,1,0,0,Database Administration
0,0,0,0,1,1,0,0,0,Backend Development (PHP)
0,0,0,0,0,0,1,0,1,Database Administration
0,0,0,0,0,0,1,0,0,Database Administration
0,0,0,0,0,0,0,0,1,Python Programming
0,0,0,0,0,1,1,0,0,Data Science
1,1,1,1,0,1,1,0,1,Full Stack Web Development
0,0,0,0,0,0,1,0,1,Database Administration
0,0,0,0,0,1,1,0,1,Data Science
0,1,1,0,0,0,0,0,1,Frontend Web Development
0,1,0,0,0,0,0,0,0,Frontend Web Development
1,0,1,0,0,0,0,0,0,Frontend Web Development
0,1,1,1,0,1,1,1,0,Competitive Programming (DSA)
0,0,0,0,0,0,1,0,0,Database Administration
0,0,0,1,0,0,1,0,1,Backend Development (Java)
0,0,0,0,0,0,1,0,0,Database Administration
0,1,0,1,1,1,0,1,0,Competitive Programming (DSA)
1,1,0,0,0,0,0,0,0,Frontend Web Development
0,0,0,1,1,0,0,0,0,Backend Development (PHP)
0,0,0,0,0,1,1,0,1,Data Science
1,1,1,0,0,0,0,0,0,Frontend Web Development
1,1,0,1,0,0,0,1,1,Competitive Programming (DSA)
0,0,1,0,0,0,1,0,1,Full Stack Web Development
0,0,0,1,0,1,1,0,0,Backend Development (Java)
0,0,0,0,0,1,1,0,1,Data Science
0,0,0,0,1,1,1,0,0,Backend Development (PHP)
1,0,1,0,0,0,1,1,1,Competitive Programming (DSA)
0,0,0,0,0,0,1,0,1,Database Administration
0,0,0,1,0,0,1,0,0,Backend Development (Java)
0,0,0,0,0,0,1,0,1,Database Administration
0,0,0,1,0,1,1,0,1,Backend Development (Java)
0,0,0,1,0,1,0,0,0,Backend Development (Java)
0,0,0,0,0,0,1,0,0,Database Administration
1,1,1,0,1,0,1,0,0,Full Stack Web Development
0,0,0,0,0,0,1,0,0,Database Administration
0,1,1,1,0,0,0,1,1,Competitive Programming (DSA)
0,0,0,0,0,0,1,0,1,Database Administration
0,0,0,1,1,0,1,0,0,Backend Development (PHP)
0,0,0,1,0,0,1,0,1,Backend Development (Java)
0,0,0,1,1,1,1,0,0,Backend Development (PHP)
0,0,0,0,0,1,0,0,1,Python Programming
0,0,0,1,0,0,0,0,0,Backend Development (Java)
0,0,0,0,0,0,1,0,0,Database Administration
0,1,1,1,1,0,1,1,1,Competitive Programming (DSA)
0,0,0,0,0,0,1,0,0,Database Administration
0,0,0,0,0,1,1,0,0,Data Science
0,0,0,0,0,0,1,0,0,Database Administration
0,0,0,0,0,0,1,0,1,Database Administration
0,0,0,0,1,0,1,0,1,Backend Development (PHP)
1,1,1,0,0,0,0,0,0,Frontend Web Development
0,0,0,1,0,0,0,0,1,Backend Development (Java)
0,0,0,0,0,1,1,0,1,Data Science
1,0,1,1,0,1,1,0,0,Full Stack Web Development
1,0,0,1,0,0,1,0,1,Full Stack Web Development
0,0,0,0,0,0,1,0,0,Database Administration
0,0,0,1,0,1,0,0,0,Backend Development (Java)
1,0,0,0,1,1,0,1,1,Competitive Programming (DSA)
0,1,0,0,0,0,0,0,1,Frontend Web Development
0,0,0,0,0,1,1,0,0,Data Science
0,0,0,1,0,1,0,0,1,Backend Development (Java)
1,1,1,1,0,1,1,1,1,Competitive Programming (DSA)
0,0,0,0,0,1,1,0,1,Data Science
0,0,0,0,0,0,1,0,0,Database Administration
0,0,0,0,1,1,0,1,0,Competitive Programming (DSA)
1,0,0,1,0,0,1,0,0,Full Stack Web Development
0,0,0,0,1,0,1,0,1,Backend Development (PHP)
0,0,0,0,0,0,1,0,0,Database Administration
1,0,0,0,1,1,1,0,0,Full Stack Web Development
0,0,0,0,0,1,1,0,0,Data Science
0,0,0,0,1,0,0,0,0,Backend Development (PHP)
0,1,0,1,1,1,0,1,1,Competitive Programming (DSA)
0,0,0,1,0,1,1,0,1,Backend Development (Java)
0,1,0,1,1,0,0,1,0,Competitive Programming (DSA)
1,1,1,0,0,0,0,0,1,Frontend Web Development
0,0,0,0,1,1,0,0,0,Backend Development (PHP)
0,1,1,1,1,0,1,1,0,Competitive Programming (DSA)
0,0,0,1,0,1,0,0,1,Backend Development (Java)
0,0,0,0,0,0,0,0,1,Python Programming
0,0,0,0,0,1,1,0,1,Data Science
0,0,0,0,0,1,1,0,1,Data Science
0,0,0,1,0,1,0,0,1,Backend Development (Java)
1,0,1,1,1,0,0,0,0,Full Stack Web Development
1,0,1,0,0,0,0,0,1,Frontend Web Development
0,0,0,0,0,0,0,0,0,Python Programming
0,0,0,0,0,1,1,0,1,Data Science
0,1,1,0,0,0,0,0,0,Frontend Web Development
0,0,0,0,0,1,1,0,0,Data Science
1,0,0,0,1,1,1,0,0,Full Stack Web Development
0,0,0,0,0,0,1,0,1,Database Administration
1,1,1,0,0,0,0,0,1,Frontend Web Development
0,1,0,1,0,0,0,1,0,Competitive Programming (DSA)
1,0,1,0,0,0,1,0,0,Frontend Web Development
0,0,0,0,0,1,1,0,0,Data Science
0,0,0,0,0,1,1,0,0,Data Science
0,0,0,0,0,1,1,0,0,Data Science
0,0,0,0,0,1,1,0,1,Data Science
0,1,0,0,0,1,0,0,0,Frontend Web Development
0,0,0,0,0,1,1,0,0,Data Science
0,1,1,0,0,1,0,0,1,Frontend Web Development
1,1,1,0,0,0,1,0,1,Full Stack Web Development
0,0,0,0,0,0,1,0,1,Database Administration
0,0,0,0,0,0,1,0,0,Database Administration
1,0,1,1,0,1,1,1,0,Competitive Programming (DSA)
0,1,0,1,0,1,0,0,1,Full Stack Web Development
0,1,0,0,0,0,0,0,1,Frontend Web Development
0,0,0,0,1,1,1,0,1,Backend Development (PHP)
0,0,0,1,0,0,0,0,0,Backend Development (Java)
0,0,0,0,1,1,1,0,0,Backend Development (PHP)
0,0,0,0,0,0,1,0,1,Database Administration
0,0,0,0,0,1,1,0,0,Data Science
0,1,0,1,0,0,1,0,1,Full Stack Web Development
0,0,0,1,1,0,1,0,1,Backend Development (PHP)
0,1,0,0,1,0,0,1,0,Competitive Programming (DSA)
0,1,1,0,0,1,0,1,1,Competitive Programming (DSA)
0,0,0,1,1,0,1,0,1,Backend Development (PHP)
0,0,0,0,0,0,0,0,1,Python Programming
1,1,0,0,0,0,0,0,0,Frontend Web Development
0,0,0,0,0,0,0,0,1,Python Programming
0,0,0,0,0,0,1,0,0,Database Administration
0,0,1,0,1,1,1,0,1,Full Stack Web Development
0,0,0,0,0,0,1,0,0,Database Administration
0,0,0,1,0,0,0,0,0,Backend Development (Java)
0,0,0,0,0,1,0,0,1,Python Programming
0,0,0,0,0,1,1,0,0,Data Science
0,0,0,0,1,1,0,0,0,Backend Development (PHP)
0,0,0,0,0,1,1,0,0,Data Science
1,1,0,1,0,0,1,0,1,Full Stack Web Development
0,0,1,1,0,0,1,0,1,Full Stack Web Development
0,0,0,0,1,0,0,1,1,Competitive Programming (DSA)
0,0,0,0,0,0,0,0,0,Python Programming
0,0,0,0,0,1,0,0,1,Python Programming
0,0,0,0,0,0,1,0,1,Database Administration
0,0,0,1,0,1,1,0,1,Backend Development (Java)
0,0,0,0,0,1,0,0,1,Python Programming
1,1,0,0,0,0,0,0,0,Frontend Web Development
1,1,0,1,0,1,1,0,1,Full Stack Web Development
0,0,0,0,0,0,1,0,0,Database Administration
0,1,1,0,0,1,1,0,0,Frontend Web Development
0,0,0,1,0,0,1,0,0,Backend Development (Java)
0,0,0,1,0,0,0,0,1,Backend Development (Java)
0,0,0,0,1,0,1,0,0,Backend Development (PHP)
0,0,0,0,0,1,1,0,0,Data Science
0,0,0,1,1,0,1,0,0,Backend Development (PHP)
0,1,1,1,0,1,1,1,0,Competitive Programming (DSA)
0,0,0,1,0,0,1,0,1,Backend Development (Java)
0,0,0,1,1,1,1,0,1,Backend Development (PHP)
0,0,0,1,0,1,0,1,1,Competitive Programming (DSA)
0,0,0,1,0,0,0,0,0,Backend Development (Java)
1,0,0,0,1,0,0,0,1,Full Stack Web Development
0,0,0,1,0,1,1,0,1,Backend Development (Java)
0,0,0,0,0,1,0,0,0,Python Programming
1,0,1,0,1,1,0,1,1,Competitive Programming (DSA)
0,0,1,1,1,0,1,0,0,Full Stack Web Development
0,0,0,0,0,0,0,0,1,Python Programming
0,0,0,1,1,1,0,0,1,Backend Development (PHP)
1,1,0,0,0,1,0,0,1,Frontend Web Development
0,0,0,0,0,1,1,0,1,Data Science
0,0,0,0,0,0,1,0,0,Database Administration
0,0,0,0,0,1,1,0,1,Data Science
0,1,1,0,1,0,1,0,1,Full Stack Web Development
0,0,0,0,0,1,1,0,1,Data Science
0,0,1,0,0,0,0,0,1,Frontend Web Development
1,1,0,1,1,1,0,1,1,Competitive Programming (DSA)
0,0,0,0,1,0,0,0,0,Backend Development (PHP)
0,0,0,0,0,1,1,0,0,Data Science
1,0,1,1,0,1,1,0,1,Full Stack Web Development
0,1,1,0,0,1,1,0,0,Frontend Web Development
0,0,0,0,0,1,0,0,1,Python Programming
0,0,0,0,0,0,0,0,1,Python Programming
0,1,0,1,1,0,1,0,1,Full Stack Web Development
0,0,0,0,0,0,1,0,1,Database Administration
0,0,0,0,0,0,1,0,1,Database Administration
0,0,0,0,0,1,1,0,0,Data Science
0,0,0,0,0,0,0,0,0,Python Programming
0,0,0,1,0,1,0,0,1,Backend Development (Java)
0,0,0,0,0,0,1,0,1,Database Administration
1,1,1,0,0,0,1,1,0,Competitive Programming (DSA)
0,0,0,0,0,1,0,0,0,Python Programming
0,0,0,1,0,0,1,0,0,Backend Development (Java)
1,0,0,1,0,0,1,0,0,Full Stack Web Development
0,0,0,0,1,1,1,0,0,Backend Development (PHP)
0,0,0,0,0,0,0,0,0,Python Programming
0,0,0,0,0,0,1,0,0,Database Administration
0,0,1,0,1,1,1,0,1,Full Stack Web Development
0,0,0,1,1,0,0,0,0,Backend Development (PHP)
0,0,0,0,0,0,1,0,0,Database Administration
0,1,1,0,0,0,0,0,1,Frontend Web Development
0,0,0,1,0,1,1,0,0,Backend Development (Java)
0,0,0,0,0,0,1,0,0,Database Administration
1,0,1,0,0,0,0,0,0,Frontend Web Development
1,0,0,1,1,1,1,0,1,Full Stack Web Development
0,0,0,0,1,0,0,0,0,Backend Development (PHP)
0,0,0,0,1,1,1,1,0,Competitive Programming (DSA)
0,0,1,0,0,0,0,0,0,Frontend Web Development
0,0,0,0,0,1,1,0,0,Data Science
0,0,0,1,1,0,0,0,0,Backend Development (PHP)
0,0,0,1,0,1,0,0,0,Backend Development (Java)
1,1,0,1,1,1,1,1,0,Competitive Programming (DSA)
0,0,0,0,0,1,1,0,1,Data Science
0,0,0,1,0,0,1,1,0,Competitive Programming (DSA)
0,0,0,0,0,1,1,0,0,Data Science
0,0,0,1,1,0,0,0,1,Backend Development (PHP)
0,0,1,0,0,0,0,0,1,Frontend Web Development
0,0,0,0,1,0,1,0,1,Backend Development (PHP)
0,1,1,0,1,1,1,0,0,Full Stack Web Development
0,0,0,0,1,0,0,0,0,Backend Development (PHP)
0,0,1,1,1,1,0,1,1,Competitive Programming (DSA)
1,1,1,1,1,1,0,0,0,Full Stack Web Development
0,0,0,1,1,0,0,0,1,Backend Development (PHP)
0,0,0,0,0,0,1,0,0,Database Administration
1,0,1,1,1,0,0,0,1,Full Stack Web Development
0,0,0,1,0,1,1,0,1,Backend Development (Java)
0,0,0,0,1,1,0,0,0,Backend Development (PHP)
0,0,0,1,0,1,0,0,1,Backend Development (Java)
0,0,0,1,1,1,1,0,1,Backend Development (PHP)
1,0,0,0,0,0,0,0,1,Frontend Web Development
0,0,0,1,0,0,0,0,1,Backend Development (Java)
0,1,1,0,0,1,1,0,0,Frontend Web Development
0,0,0,0,0,0,1,0,0,Database Administration
0,0,1,0,0,1,0,0,1,Frontend Web Development
0,0,0,0,0,0,1,0,0,Database Administration
0,0,0,1,0,0,1,0,0,Backend Development (Java)
0,0,0,1,0,0,1,0,1,Backend Development (Java)
1,0,0,1,0,1,1,1,0,Competitive Programming (DSA)
1,0,1,0,0,1,1,0,0,Frontend Web Development
0,0,0,0,0,0,0,0,0,Python Programming
1,0,0,0,1,0,1,0,1,Full Stack Web Development
0,0,0,0,0,1,1,0,0,Data Science
0,0,0,0,0,0,1,0,0,Database Administration
0,0,0,1,0,1,1,1,0,Competitive Programming (DSA)
0,0,0,1,1,1,0,0,0,Backend Development (PHP)
1,0,1,0,1,0,0,0,1,Full Stack Web Development
0,0,0,1,0,1,1,0,1,Backend Development (Java)
0,0,0,1,0,0,0,0,0,Backend Development (Java)
1,0,0,1,1,0,1,0,0,Full Stack Web Development
0,1,1,1,1,1,1,0,0,Full Stack Web Development
1,1,1,0,0,0,0,0,0,Frontend Web Development
0,0,0,1,0,0,0,0,1,Backend Development (Java)
0,0,0,0,0,1,0,0,1,Python Programming
0,0,0,1,0,1,0,1,0,Competitive Programming (DSA)
0,0,0,0,0,0,0,0,0,Python Programming
0,0,0,0,0,1,1,0,0,Data Science
0,0,1,0,0,1,0,0,1,Frontend Web Development
0,0,0,0,0,0,1,0,1,Database Administration
0,0,0,0,0,0,1,0,1,Database Administration
0,0,0,1,1,1,1,0,1,Backend Development (PHP)
0,0,0,0,0,1,1,0,1,Data Science
0,1,1,0,0,0,1,0,0,Frontend Web Development
0,1,0,0,0,0,0,0,0,Frontend Web Development
0,0,0,0,0,0,0,0,1,Python Programming
0,0,0,1,0,1,0,0,1,Backend Development (Java)
0,0,0,0,0,1,1,0,1,Data Science
0,0,0,0,0,0,0,0,0,Python Programming
0,1,0,0,0,1,0,0,1,Frontend Web Development
0,0,0,0,0,1,0,0,1,Python Programming
0,1,1,1,1,0,0,0,0,Full Stack Web Development
1,1,1,0,0,0,1,0,0,Frontend Web Development
0,0,0,1,0,0,1,0,0,Backend Development (Java)
0,0,0,0,0,1,1,0,1,Data Science
0,0,0,0,1,0,1,0,0,Backend Development (PHP)
1,0,0,0,0,1,1,0,0,Frontend Web Development
0,0,0,0,1,0,0,0,1,Backend Development (PHP)
0,1,1,0,0,0,0,0,1,Frontend Web Development
1,0,1,1,0,0,0,0,0,Full Stack Web Development
0,0,0,0,0,1,0,0,0,Python Programming
0,0,0,0,0,1,0,0,0,Python Programming
0,0,0,0,0,0,1,0,0,Database Administration
0,0,0,1,1,0,0,0,0,Backend Development (PHP)
1,1,0,0,0,1,1,0,1,Full Stack Web Development
0,0,0,0,0,0,1,0,0,Database Administration
1,0,1,0,0,1,1,0,0,Frontend Web Development
0,0,0,0,1,0,1,0,0,Backend Development (PHP)
0,0,0,0,0,1,0,0,0,Python Programming
0,0,0,1,0,1,1,0,1,Backend Development (Java)
1,0,0,1,1,1,0,0,0,Full Stack Web Development
0,0,0,0,0,1,0,0,1,Python Programming
0,0,0,0,0,1,0,0,0,Python Programming
0,0,0,0,1,1,1,0,0,Backend Development (PHP)
1,1,1,1,1,1,1,0,0,Full Stack Web Development
0,0,0,1,0,1,1,0,1,Backend Development (Java)
0,0,0,0,0,0,1,0,0,Database Administration
0,0,0,0,0,0,1,0,1,Database Administration
0,0,1,1,0,1,1,0,1,Full Stack Web Development
1,0,1,0,0,0,0,0,1,Frontend Web Development
1,0,1,1,0,1,1,1,1,Competitive Programming (DSA)
0,0,0,0,0,0,0,0,1,Python Programming
0,0,0,0,0,0,0,0,1,Python Programming
0,0,0,0,0,0,1,0,1,Database Administration
1,0,1,0,1,0,1,0,1,Full Stack Web Development
1,0,1,1,1,1,0,1,1,Competitive Programming (DSA)
0,1,1,1,0,0,0,0,0,Full Stack Web Development
0,0,0,0,0,0,0,0,1,Python Programming
1,1,1,0,0,0,1,0,0,Frontend Web Development
0,0,0,0,0,0,0,0,0,Python Programming
1,1,1,0,0,0,1,0,1,Full Stack Web Development
0,0,0,0,0,1,1,0,0,Data Science
1,0,1,0,0,0,1,0,0,Frontend Web Development
0,0,0,1,0,1,0,0,1,Backend Development (Java)
0,0,0,0,0,0,1,0,1,Database Administration
0,0,0,1,1,0,0,0,0,Backend Development (PHP)
0,0,0,1,0,1,1,0,0,Backend Development (Java)
0,0,0,1,1,1,0,0,0,Backend Development (PHP)
0,0,0,0,0,1,1,0,1,Data Science
0,0,0,0,0,1,0,0,0,Python Programming
0,0,0,0,0,0,0,0,1,Python Programming
0,1,1,1,0,1,1,1,0,Competitive Programming (DSA)
0,1,0,1,0,1,0,1,0,Competitive Programming (DSA)
0,0,0,0,0,1,0,0,1,Python Programming
0,0,0,0,0,0,0,0,1,Python Programming
0,0,1,0,0,1,0,0,0,Frontend Web Development
0,0,0,1,0,0,1,0,0,Backend Development (Java)
0,0,0,0,0,0,1,0,0,Database Administration
0,0,0,0,0,1,0,0,0,Python Programming
0,0,0,0,0,1,1,0,1,Data Science
0,0,0,0,0,0,0,0,0,Python Programming
1,0,0,1,1,1,0,0,1,Full Stack Web Development
0,1,1,0,0,1,0,0,0,Frontend Web Development
0,0,0,0,0,0,1,1,0,Competitive Programming (DSA)
1,1,1,1,1,0,0,1,0,Competitive Programming (DSA)
0,0,0,1,0,0,1,0,0,Backend Development (Java)
0,0,0,0,0,0,0,0,0,Python Programming
0,0,0,0,0,1,1,0,0,Data Science
1,0,0,1,0,1,0,0,1,Full Stack Web Development
0,0,0,0,0,1,1,0,0,Data Science
0,0,0,0,0,1,1,0,1,Data Science
0,0,0,1,1,1,0,0,1,Backend Development (PHP)
0,1,0,1,0,1,0,1,0,Competitive Programming (DSA)
1,1,0,0,0,0,0,0,1,Frontend Web Development
0,0,0,0,0,0,1,0,0,Database Administration
1,1,1,0,0,0,1,0,0,Frontend Web Development
0,0,0,0,0,1,1,0,1,Data Science
0,0,1,1,0,0,0,0,1,Full Stack Web Development
0,0,0,0,0,1,1,0,1,Data Science
0,0,0,0,0,0,1,0,1,Database Administration
1,1,1,0,0,0,1,0,0,Frontend Web Development
1,0,0,1,1,1,1,1,1,Competitive Programming (DSA)
0,0,1,0,0,1,0,0,1,Frontend Web Development
0,0,0,1,0,1,0,0,0,Backend Development (Java)
0,0,1,1,1,0,0,0,1,Full Stack Web Development
0,0,0,1,0,0,0,0,0,Backend Development (Java)
0,0,1,0,0,0,0,0,1,Frontend Web Development
0,1,1,1,0,0,1,0,1,Full Stack Web Development
1,0,1,0,0,1,1,0,1,Full Stack Web Development
1,0,1,1,0,1,1,1,1,Competitive Programming (DSA)
1,0,0,1,1,1,1,1,1,Competitive Programming (DSA)
0,0,0,1,0,0,1,0,1,Backend Development (Java)
0,0,0,0,1,0,0,0,1,Backend Development (PHP)
0,0,0,0,0,1,0,0,1,Python Programming
0,0,0,0,0,0,1,0,0,Database Administration
0,0,0,0,0,1,1,0,1,Data Science
0,0,0,1,0,1,1,0,0,Backend Development (Java)
1,0,1,1,0,0,0,0,1,Full Stack Web Development
0,0,0,1,1,1,0,0,0,Backend Development (PHP)
0,0,1,0,0,0,1,1,0,Competitive Programming (DSA)
0,0,0,1,1,1,0,1,1,Competitive Programming (DSA)
0,0,0,0,0,0,1,0,1,Database Administration
1,1,0,0,0,0,1,1,1,Competitive Programming (DSA)
0,0,0,0,0,1,0,1,0,Competitive Programming (DSA)
1,0,1,0,0,1,0,0,0,Frontend Web Development
0,0,0,0,0,1,1,0,0,Data Science
1,0,1,1,1,0,0,0,1,Full Stack Web Development
0,0,0,0,0,0,1,0,1,Database Administration
0,0,0,1,1,1,1,0,1,Backend Development (PHP)
0,1,0,0,0,0,0,0,1,Frontend Web Development
0,0,0,0,0,1,1,0,1,Data Science
0,0,0,0,0,1,0,0,1,Python Programming
1,1,0,0,0,1,1,1,1,Competitive Programming (DSA)
0,0,0,1,0,0,0,0,0,Backend Development (Java)
0,0,0,0,0,1,1,0,0,Data Science
0,0,0,0,0,1,0,0,0,Python Programming
0,1,0,1,1,0,1,1,0,Competitive Programming (DSA)
0,0,0,0,1,0,1,0,0,Backend Development (PHP)
0,0,0,1,0,0,1,0,1,Backend Development (Java)
1,0,0,0,0,1,1,0,0,Frontend Web Development
1,0,1,0,0,0,1,1,0,Competitive Programming (DSA)
1,1,1,0,1,0,1,1,1,Competitive Programming (DSA)
0,0,0,1,0,1,1,0,0,Backend Development (Java)
0,1,0,1,0,1,0,1,1,Competitive Programming (DSA)
1,1,1,1,1,1,1,1,0,Competitive Programming (DSA)
0,0,0,0,0,0,1,0,0,Database Administration
0,0,0,0,0,1,0,0,1,Python Programming
1,0,0,1,0,0,1,0,0,Full Stack Web Development
0,0,1,1,1,0,0,1,1,Competitive Programming (DSA)
0,0,0,0,0,1,1,0,0,Data Science
0,1,0,0,0,1,0,0,1,Frontend Web Development
0,0,0,0,0,1,1,0,1,Data Science
0,0,0,0,0,1,1,0,1,Data Science
0,0,0,1,0,0,0,0,0,Backend Development (Java)
1,0,0,0,0,1,0,1,0,Competitive Programming (DSA)
0,0,0,0,0,1,0,0,1,Python Programming
1,0,1,0,1,0,1,0,1,Full Stack Web Development
0,0,0,0,0,1,1,0,0,Data Science
0,1,0,0,0,0,1,0,0,Frontend Web Development
0,0,0,0,0,0,0,0,1,Python Programming
0,0,0,0,1,0,0,0,1,Backend Development (PHP)
0,0,0,1,0,1,0,0,0,Backend Development (Java)
0,0,0,1,0,1,0,0,0,Backend Development (Java)
1,1,1,0,0,0,0,0,1,Frontend Web Development
1,1,0,1,0,1,1,1,1,Competitive Programming (DSA)
0,0,0,1,0,1,0,0,0,Backend Development (Java)
0,0,1,0,0,1,1,0,0,Frontend Web Development
0,0,0,0,0,0,1,0,0,Database Administration
0,0,0,0,0,1,0,0,1,Python Programming
0,0,0,0,0,1,1,0,1,Data Science
1,1,1,1,1,0,1,1,1,Competitive Programming (DSA)
0,0,0,0,1,1,1,0,1,Backend Development (PHP)
0,0,0,0,0,1,1,0,1,Data Science
1,1,0,1,1,0,1,0,0,Full Stack Web Development
1,0,1,1,0,0,1,1,1,Competitive Programming (DSA)
0,0,0,0,0,1,1,0,0,Data Science
0,0,0,0,0,0,1,0,1,Database Administration
0,0,0,0,1,1,1,1,1,Competitive Programming (DSA)
1,0,0,1,1,0,0,0,0,Full Stack Web Development
0,0,0,0,0,0,1,0,0,Database Administration
0,0,0,1,1,1,1,0,0,Backend Development (PHP)
0,0,1,0,0,0,0,0,1,Frontend Web Development
0,0,0,1,0,1,0,0,0,Backend Development (Java)
0,0,0,0,0,1,1,0,1,Data Science
0,0,0,1,0,0,1,0,1,Backend Development (Java)
0,0,0,1,1,1,0,0,1,Backend Development (PHP)
0,1,0,0,1,1,1,0,0,Full Stack Web Development
1,0,1,1,0,1,1,0,0,Full Stack Web Development
1,0,0,0,0,0,0,0,0,Frontend Web Development
0,0,0,0,0,0,0,0,1,Python Programming
0,0,0,1,1,0,1,0,1,Backend Development (PHP)
0,0,0,0,0,0,1,0,1,Database Administration
0,0,0,1,0,0,1,0,0,Backend Development (Java)
1,0,1,0,0,1,0,0,1,Frontend Web Development
0,0,0,1,1,0,0,0,1,Backend Development (PHP)
0,0,0,0,0,1,1,0,0,Data Science
0,0,0,1,0,0,0,0,1,Backend Development (Java)
0,0,0,0,0,1,0,0,1,Python Programming
0,1,0,1,1,1,0,0,0,Full Stack Web Development
0,0,0,1,0,0,1,0,0,Backend Development (Java)
0,0,1,0,0,1,0,0,0,Frontend Web Development
0,0,0,0,1,1,0,0,1,Backend Development (PHP)
0,0,0,0,0,0,1,0,0,Database Administration
0,0,0,1,0,1,0,0,1,Backend Development (Java)
0,0,1,1,1,1,0,1,1,Competitive Programming (DSA)
0,0,0,0,0,1,1,0,1,Data Science
0,1,1,0,0,1,0,0,0,Frontend Web Development
0,0,0,0,0,0,0,0,1,Python Programming
0,0,0,0,0,1,1,0,1,Data Science
0,0,0,0,0,0,1,0,0,Database Administration
0,0,0,1,0,1,1,0,0,Backend Development (Java)
0,1,0,0,0,1,0,0,0,Frontend Web Development
0,0,0,1,0,0,0,0,0,Backend Development (Java)
0,0,0,1,0,1,1,0,1,Backend Development (Java)
0,0,1,0,0,1,0,0,1,Frontend Web Development
1,0,0,0,0,1,0,1,1,Competitive Programming (DSA)
0,0,0,0,0,0,1,0,1,Database Administration
0,0,0,0,0,0,1,0,0,Database Administration
0,0,0,1,0,0,1,0,1,Backend Development (Java)
0,0,0,0,0,1,1,0,1,Data Science
0,0,0,1,0,1,1,0,0,Backend Development (Java)
1,1,1,0,0,0,1,1,0,Competitive Programming (DSA)
0,1,0,0,0,1,1,0,1,Full Stack Web Development
0,0,0,1,0,0,0,0,0,Backend Development (Java)
0,1,0,0,0,0,0,0,1,Frontend Web Development
0,0,0,0,0,0,1,0,1,Database Administration
0,0,0,0,0,0,1,0,0,Database Administration
0,0,0,0,0,1,1,0,1,Data Science
0,0,0,0,0,1,1,0,1,Data Science
0,0,0,0,0,0,1,0,1,Database Administration
1,1,1,0,0,1,1,0,0,Frontend Web Development
0,0,0,0,0,0,1,0,1,Database Administration
0,1,1,0,1,0,0,0,1,Full Stack Web Development
0,0,0,0,0,0,1,0,0,Database Administration
0,0,0,0,0,1,0,0,1,Python Programming
0,0,0,1,0,0,0,0,1,Backend Development (Java)
0,0,0,1,0,0,1,0,1,Backend Development (Java)
0,0,0,1,1,0,0,0,1,Backend Development (PHP)
1,0,1,1,0,0,1,1,1,Competitive Programming (DSA)
0,1,0,0,0,1,1,1,0,Competitive Programming (DSA)
0,0,0,0,0,0,1,0,0,Database Administration
0,0,0,0,0,0,1,0,1,Database Administration
0,1,1,1,0,0,1,0,1,Full Stack Web Development
1,0,0,0,0,0,1,0,0,Frontend Web Development
0,0,1,0,0,0,0,0,1,Frontend Web Development
0,1,0,0,0,1,0,0,1,Frontend Web Development
0,0,0,0,0,0,0,0,0,Python Programming
1,1,1,1,0,0,0,1,1,Competitive Programming (DSA)
0,1,1,0,1,0,1,1,0,Competitive Programming (DSA)
1,1,1,0,1,1,1,1,1,Competitive Programming (DSA)
0,0,0,0,1,0,0,0,0,Backend Development (PHP)
0,0,1,0,0,1,1,0,0,Frontend Web Development
0,0,0,1,0,0,0,0,0,Backend Development (Java)
0,0,0,0,1,0,1,0,0,Backend Development (PHP)
0,0,0,0,0,0,1,0,1,Database Administration
1,0,1,1,0,1,0,1,1,Competitive Programming (DSA)
1,1,1,1,1,1,0,1,1,Competitive Programming (DSA)
0,0,0,0,0,1,1,0,0,Data Science
0,1,1,0,0,0,1,1,0,Competitive Programming (DSA)
0,0,0,1,1,0,0,0,1,Backend Development (PHP)
0,0,0,0,0,1,1,0,1,Data Science
0,0,0,0,0,1,0,0,1,Python Programming
0,0,0,0,0,1,1,0,1,Data Science
0,0,0,0,0,0,1,0,1,Database Administration
1,1,0,0,0,0,0,1,1,Competitive Programming (DSA)
1,0,1,1,0,1,1,0,0,Full Stack Web Development
0,0,0,0,0,1,0,0,1,Python Programming
0,0,0,0,1,1,1,0,0,Backend Development (PHP)
0,0,0,0,0,0,1,0,1,Database Administration
0,0,0,0,0,1,1,0,0,Data Science
0,0,1,0,1,0,0,0,0,Full Stack Web Development
1,1,0,1,1,0,1,1,0,Competitive Programming (DSA)
0,0,0,0,0,1,1,0,1,Data Science
0,0,0,0,0,0,1,0,1,Database Administration
1,0,1,0,0,0,0,1,0,Competitive Programming (DSA)
0,0,0,0,1,1,1,0,1,Backend Development (PHP)
1,1,0,0,1,0,0,0,0,Full Stack Web Development
0,0,0,0,1,0,1,0,0,Backend Development (PHP)
0,0,0,0,0,1,1,0,1,Data Science
0,0,0,0,0,1,1,0,0,Data Science
0,0,1,0,1,0,0,0,0,Full Stack Web Development
1,1,0,0,0,1,0,0,0,Frontend Web Development
0,0,0,0,0,1,1,0,1,Data Science
0,0,0,0,1,0,0,0,1,Backend Development (PHP)
1,1,1,0,0,0,0,0,1,Frontend Web Development
0,0,0,0,1,0,1,0,1,Backend Development (PHP)
0,0,0,0,0,1,0,0,0,Python Programming
0,0,0,1,1,1,0,0,0,Backend Development (PHP)
0,0,0,0,0,1,0,0,0,Python Programming
0,0,0,1,0,0,0,0,1,Backend Development (Java)
0,0,0,0,1,0,0,0,1,Backend Development (PHP)
0,0,0,0,0,0,0,0,0,Python Programming
1,1,1,0,0,1,1,0,0,Frontend Web Development
0,0,0,1,0,0,1,0,0,Backend Development (Java)
0,0,0,0,0,1,1,0,1,Data Science
1,0,1,0,0,1,0,0,1,Frontend Web Development
0,0,0,0,1,1,0,0,0,Backend Development (PHP)
0,0,0,0,0,1,1,0,0,Data Science
1,1,0,0,0,1,0,1,1,Competitive Programming (DSA)
1,1,0,0,0,1,0,0,1,Frontend Web Development
0,1,1,0,0,0,0,0,0,Frontend Web Development
0,0,1,1,0,0,0,0,1,Full Stack Web Development
0,0,0,0,0,0,0,0,1,Python Programming
0,0,0,0,0,1,0,0,1,Python Programming
0,0,0,1,0,1,0,0,1,Backend Development (Java)
0,0,0,0,0,1,1,0,1,Data Science
0,0,0,0,0,0,0,0,1,Python Programming
0,1,0,1,1,1,0,0,0,Full Stack Web Development
0,0,0,0,0,1,0,0,1,Python Programming
0,0,0,0,0,0,1,0,0,Database Administration
0,0,0,0,1,1,1,0,0,Backend Development (PHP)
0,0,1,0,0,1,0,0,0,Frontend Web Development
1,0,1,0,0,0,0,1,0,Competitive Programming (DSA)
0,1,0,1,0,1,1,1,1,Competitive Programming (DSA)
0,0,0,0,0,0,1,0,0,Database Administration
0,0,0,1,0,1,1,0,0,Backend Development (Java)
1,1,1,0,0,1,1,1,0,Competitive Programming (DSA)
0,0,0,0,0,1,1,0,1,Data Science
0,1,1,0,0,1,1,0,0,Frontend Web Development
0,0,0,0,0,0,1,0,1,Database Administration
0,0,0,0,1,0,0,1,0,Competitive Programming (DSA)
0,0,0,0,0,0,1,0,0,Database Administration
0,0,0,0,0,0,1,0,1,Database Administration
0,0,0,0,1,0,1,0,1,Backend Development (PHP)
1,0,0,0,1,0,0,1,0,Competitive Programming (DSA)
0,0,1,1,1,0,1,0,1,Full Stack Web Development
0,0,0,0,0,1,1,0,0,Data Science
0,0,0,0,0,0,1,0,0,Database Administration
0,0,0,0,0,0,1,0,0,Database Administration
0,0,0,1,0,1,1,0,0,Backend Development (Java)
0,1,1,1,1,1,0,0,1,Full Stack Web Development
0,0,0,1,0,0,0,0,1,Backend Development (Java)
1,1,0,1,1,1,0,0,1,Full Stack Web Development
0,0,0,0,0,1,1,0,0,Data Science
1,1,0,1,1,1,1,0,0,Full Stack Web Development
0,0,0,0,0,0,0,0,1,Python Programming
0,0,0,0,0,0,0,0,0,Python Programming
0,0,0,0,0,1,0,0,0,Python Programming
0,0,0,1,0,1,0,0,1,Backend Development (Java)
1,1,0,1,1,0,1,1,1,Competitive Programming (DSA)
1,1,1,0,0,1,1,0,1,Full Stack Web Development
1,1,1,0,0,1,1,0,0,Frontend Web Development
0,0,1,1,1,1,1,1,0,Competitive Programming (DSA)
1,1,0,0,0,1,1,0,0,Frontend Web Development
0,0,0,0,1,1,1,0,1,Backend Development (PHP)
0,0,0,0,0,0,1,0,0,Database Administration
0,1,1,1,0,0,1,0,0,Full Stack Web Development
0,1,0,0,0,0,0,0,1,Frontend Web Development
1,0,1,1,0,1,0,0,1,Full Stack Web Development
0,0,0,0,0,0,0,0,1,Python Programming
0,1,0,0,0,0,0,0,1,Frontend Web Development
0,0,0,0,0,0,0,0,0,Python Programming
0,1,1,0,1,1,1,1,0,Competitive Programming (DSA)
0,0,0,0,0,0,1,0,0,Database Administration
0,0,0,0,0,1,1,0,0,Data Science
0,1,1,1,0,0,1,0,1,Full Stack Web Development
1,0,0,0,0,0,1,1,1,Competitive Programming (DSA)
0,0,0,0,0,0,0,0,0,Python Programming
0,0,0,0,0,1,1,0,1,Data Science
1,1,0,1,1,0,1,0,1,Full Stack Web Development
0,0,0,0,0,1,1,0,0,Data Science
0,0,0,0,1,0,1,0,0,Backend Development (PHP)
1,1,0,0,1,0,0,0,0,Full Stack Web Development
0,0,0,0,0,1,0,0,1,Python Programming
1,1,0,0,0,1,1,0,0,Frontend Web Development
1,0,0,0,0,1,0,0,0,Frontend Web Development
0,1,1,0,0,1,1,0,0,Frontend Web Development
0,0,0,1,0,0,1,0,1,Backend Development (Java)
1,1,0,1,1,0,0,1,1,Competitive Programming (DSA)
0,0,0,0,0,1,1,0,1,Data Science
1,0,1,1,1,0,1,0,1,Full Stack Web Development
1,0,1,0,0,1,1,0,0,Frontend Web Development
0,0,0,1,0,0,1,0,1,Backend Development (Java)
0,0,0,1,1,1,1,0,1,Backend Development (PHP)
1,1,0,1,1,0,1,0,1,Full Stack Web Development
0,0,0,0,1,0,1,0,1,Backend Development (PHP)
0,0,0,0,0,1,1,0,0,Data Science
0,0,0,0,0,0,0,0,1,Python Programming
0,0,0,1,1,0,1,0,1,Backend Development (PHP)
0,0,0,0,0,1,1,0,0,Data Science
0,0,0,0,0,0,1,0,0,Database Administration
0,0,0,1,0,1,1,0,1,Backend Development (Java)
0,0,0,0,1,1,0,0,0,Backend Development (PHP)
0,0,0,0,0,1,0,0,1,Python Programming
0,0,0,0,0,0,1,0,0,Database Administration
1,1,0,0,0,0,0,0,1,Frontend Web Development
0,0,0,0,0,0,1,0,0,Database Administration
0,0,0,0,0,1,1,0,0,Data Science
0,0,0,0,0,0,0,0,0,Python Programming
0,0,0,0,0,0,0,0,0,Python Programming
0,0,0,0,0,1,1,0,0,Data Science
0,0,0,0,0,1,1,0,1,Data Science
0,0,0,0,0,0,1,0,1,Database Administration
1,1,1,1,0,1,1,1,1,Competitive Programming (DSA)
1,0,1,1,1,1,1,0,1,Full Stack Web Development
0,0,0,0,0,0,1,0,1,Database Administration
0,0,0,0,0,1,0,0,1,Python Programming
0,0,0,0,0,1,0,0,0,Python Programming
0,0,0,0,0,0,1,0,1,Database Administration
0,1,1,0,1,0,1,0,1,Full Stack Web Development
0,1,0,0,0,1,0,0,0,Frontend Web Development
0,0,1,0,0,1,0,0,1,Frontend Web Development
0,0,0,0,0,0,0,0,1,Python Programming
0,1,0,0,0,1,1,0,0,Frontend Web Development
0,0,0,1,0,1,0,0,0,Backend Development (Java)
0,1,1,0,0,1,1,0,0,Frontend Web Development
1,0,0,1,0,1,1,0,0,Full Stack Web Development
1,1,0,0,0,1,1,1,1,Competitive Programming (DSA)
0,0,0,0,1,0,1,0,1,Backend Development (PHP)
0,0,0,0,0,0,0,0,0,Python Programming
0,0,0,0,0,1,1,0,1,Data Science
1,0,0,0,1,0,0,1,0,Competitive Programming (DSA)
0,0,0,1,0,1,0,0,1,Backend Development (Java)
0,0,0,1,0,0,1,0,0,Backend Development (Java)
1,1,1,1,0,1,1,0,0,Full Stack Web Development
0,0,0,0,1,0,1,0,1,Backend Development (PHP)
1,1,0,0,0,1,1,1,1,Competitive Programming (DSA)
0,0,0,0,0,1,1,0,0,Data Science
1,1,1,0,1,0,0,0,1,Full Stack Web Development
0,0,0,0,0,0,0,0,1,Python Programming
0,0,0,0,0,0,0,0,1,Python Programming
0,0,1,1,1,1,1,1,1,Competitive Programming (DSA)
1,1,1,0,0,0,1,0,0,Frontend Web Development
0,0,1,0,1,1,1,0,1,Full Stack Web Development
0,1,0,0,0,0,1,0,0,Frontend Web Development
0,0,0,0,0,0,1,0,0,Database Administration
0,1,1,0,0,1,0,0,1,Frontend Web Development
0,0,0,0,0,1,1,0,0,Data Science
0,0,0,0,0,0,1,0,0,Database Administration
0,0,0,0,1,0,0,0,0,Backend Development (PHP)
0,0,0,0,0,1,1,0,1,Data Science
0,1,1,0,0,0,0,0,1,Frontend Web Development
0,0,0,0,0,1,1,0,1,Data Science
1,1,0,1,1,0,1,1,0,Competitive Programming (DSA)
1,1,1,1,1,0,0,0,0,Full Stack Web Development
1,0,0,0,0,0,1,0,0,Frontend Web Development
0,0,0,0,0,0,0,0,1,Python Programming
0,0,0,1,0,1,0,0,1,Backend Development (Java)
0,1,0,0,0,1,0,0,1,Frontend Web Development
1,1,1,0,0,0,0,0,1,Frontend Web Development
1,1,0,1,0,0,0,0,0,Full Stack Web Development
1,0,1,0,0,0,1,0,0,Frontend Web Development
0,0,0,0,0,1,0,0,1,Python Programming
1,0,0,1,1,0,0,1,1,Competitive Programming (DSA)
0,0,0,1,0,1,1,0,0,Backend Development (Java)
0,0,0,0,0,1,1,0,0,Data Science
0,0,0,1,1,0,1,0,1,Backend Development (PHP)
1,0,1,1,1,0,0,0,0,Full Stack Web Development
0,1,1,0,0,0,0,0,1,Frontend Web Development
0,0,0,0,0,0,1,0,1,Database Administration
0,0,1,0,1,0,1,0,1,Full Stack Web Development
0,0,0,0,0,0,0,0,1,Python Programming
1,0,0,0,0,1,0,0,0,Frontend Web Development
0,0,1,1,0,1,0,1,1,Competitive Programming (DSA)
0,0,0,0,0,0,1,0,0,Database Administration
1,1,0,1,0,0,0,0,0,Full Stack Web Development
0,0,0,0,0,1,1,0,1,Data Science
0,0,0,0,0,0,1,0,0,Database Administration
0,0,0,0,1,0,0,0,1,Backend Development (PHP)
0,0,0,0,0,1,1,0,0,Data Science
0,0,0,0,0,0,1,0,0,Database Administration
1,0,1,0,0,0,1,0,0,Frontend Web Development
0,0,0,0,0,1,1,0,0,Data Science
1,0,1,0,0,1,1,0,0,Frontend Web Development
0,0,0,0,0,0,1,0,0,Database Administration
0,0,0,1,0,0,0,0,0,Backend Development (Java)
1,0,1,1,0,0,1,0,1,Full Stack Web Development
0,0,0,1,1,1,0,0,0,Backend Development (PHP)
1,1,0,0,0,0,1,0,0,Frontend Web Development
0,0,0,1,1,1,0,0,1,Backend Development (PHP)
0,0,0,1,0,0,0,0,0,Backend Development (Java)
1,1,1,0,1,0,1,0,0,Full Stack Web Development
1,0,1,0,1,0,0,1,0,Competitive Programming (DSA)
0,0,0,0,0,0,1,0,1,Database Administration
1,1,1,0,1,1,0,1,1,Competitive Programming (DSA)
0,0,1,1,1,1,1,0,0,Full Stack Web Development
0,0,0,0,1,1,1,0,0,Backend Development (PHP)
0,0,0,1,0,1,1,0,1,Backend Development (Java)
0,0,0,0,0,1,1,0,1,Data Science
0,0,0,1,0,1,1,0,1,Backend Development (Java)
0,1,0,1,0,1,1,1,1,Competitive Programming (DSA)
0,0,0,0,0,1,1,0,1,Data Science
0,1,1,1,0,0,1,1,1,Competitive Programming (DSA)
0,0,0,0,0,0,1,1,0,Competitive Programming (DSA)
0,0,0,1,1,1,0,0,0,Backend Development (PHP)
0,0,0,0,0,0,1,0,1,Database Administration
0,0,0,0,0,1,0,0,0,Python Programming
0,0,0,0,0,0,1,0,1,Database Administration
0,0,0,1,0,0,0,0,1,Backend Development (Java)
0,0,0,0,1,1,1,0,0,Backend Development (PHP)
0,0,0,1,1,1,1,0,0,Backend Development (PHP)
0,0,0,0,0,1,1,0,0,Data Science
0,1,1,1,1,1,1,0,0,Full Stack Web Development
0,0,0,1,0,0,1,0,0,Backend Development (Java)
0,1,1,0,0,1,1,0,1,Full Stack Web Development
0,0,0,1,0,0,1,0,1,Backend Development (Java)
0,1,0,0,0,1,0,0,0,Frontend Web Development
0,0,0,0,0,1,1,0,0,Data Science
0,0,0,0,0,1,1,0,1,Data Science
1,1,1,0,0,0,0,0,0,Frontend Web Development
0,0,0,1,0,1,0,0,1,Backend Development (Java)
0,0,0,0,0,1,1,0,0,Data Science
0,0,0,0,0,0,1,0,0,Database Administration
0,0,0,0,1,1,1,0,0,Backend Development (PHP)
0,0,0,1,1,0,0,0,1,Backend Development (PHP)
0,0,0,0,0,1,1,0,1,Data Science
1,1,0,0,0,0,0,0,0,Frontend Web Development
0,1,1,0,0,0,1,0,0,Frontend Web Development
1,0,0,0,1,0,0,0,0,Full Stack Web Development
0,0,0,1,1,1,0,0,1,Backend Development (PHP)
1,1,1,0,0,1,0,0,1,Frontend Web Development
0,0,0,0,1,1,1,0,0,Backend Development (PHP)
0,0,0,1,0,0,1,0,1,Backend Development (Java)
0,0,0,1,0,0,0,0,1,Backend Development (Java)
0,0,0,0,0,1,1,0,0,Data Science
0,0,0,0,0,0,1,0,0,Database Administration
1,0,1,0,0,0,1,0,0,Frontend Web Development
0,0,0,0,0,1,1,0,1,Data Science
0,1,0,1,0,0,1,1,1,Competitive Programming (DSA)
0,0,0,1,0,0,1,0,0,Backend Development (Java)
0,0,0,0,0,1,1,0,1,Data Science
1,1,1,0,0,0,1,0,0,Frontend Web Development
0,0,0,0,0,1,1,0,1,Data Science
0,0,0,1,0,0,1,0,0,Backend Development (Java)
0,0,0,0,0,0,0,0,1,Python Programming
0,0,0,0,1,0,1,0,1,Backend Development (PHP)
1,0,1,1,1,1,1,1,0,Competitive Programming (DSA)
0,0,0,0,0,1,1,0,0,Data Science
0,1,1,0,0,0,1,0,0,Frontend Web Development
0,1,1,0,0,1,0,0,1,Frontend Web Development
0,0,0,1,1,1,1,0,1,Backend Development (PHP)
0,0,0,0,0,0,1,0,1,Database Administration
0,0,0,0,0,0,0,0,1,Python Programming
1,1,1,0,0,1,1,1,1,Competitive Programming (DSA)
1,1,0,0,0,1,1,0,0,Frontend Web Development
0,0,0,1,1,1,1,0,1,Backend Development (PHP)
0,0,0,1,1,0,1,0,1,Backend Development (PHP)
0,0,0,0,0,1,0,0,0,Python Programming
0,0,0,0,1,0,1,0,0,Backend Development (PHP)
0,0,0,0,0,0,1,0,0,Database Administration
0,0,1,0,1,1,1,0,0,Full Stack Web Development
0,0,0,0,0,0,1,0,0,Database Administration
0,0,0,0,0,1,1,0,0,Data Science
0,0,1,0,0,0,1,0,0,Frontend Web Development
0,0,1,0,0,0,1,0,0,Frontend Web Development
0,0,0,0,0,1,1,0,0,Data Science
1,0,0,0,0,1,1,0,0,Frontend Web Development
0,0,0,0,0,1,0,0,1,Python Programming
0,1,0,1,1,0,1,1,1,Competitive Programming (DSA)
0,0,0,1,0,1,1,0,0,Backend Development (Java)
0,0,0,0,0,0,1,0,1,Database Administration
0,0,0,0,1,1,1,0,0,Backend Development (PHP)
0,0,0,0,0,1,1,0,1,Data Science
0,0,0,1,0,1,1,0,1,Backend Development (Java)
0,1,0,0,1,0,0,0,1,Full Stack Web Development
0,0,0,0,0,0,1,0,1,Database Administration
0,1,1,1,0,0,1,0,1,Full Stack Web Development
0,0,0,0,0,1,1,0,1,Data Science
0,1,0,1,1,0,0,0,1,Full Stack Web Development
0,0,0,1,1,1,0,0,0,Backend Development (PHP)
0,0,0,0,0,0,0,0,1,Python Programming
1,1,1,0,1,1,0,0,1,Full Stack Web Development
1,0,1,0,0,1,0,0,1,Frontend Web Development
1,1,0,0,0,0,1,0,0,Frontend Web Development
1,1,1,1,0,1,1,1,0,Competitive Programming (DSA)
0,0,0,1,0,0,0,0,1,Backend Development (Java)
0,0,0,0,0,1,1,0,0,Data Science
0,0,0,0,0,1,0,0,1,Python Programming
0,0,0,0,0,0,0,0,1,Python Programming
0,1,0,0,0,0,1,1,0,Competitive Programming (DSA)
0,0,0,0,1,0,1,0,0,Backend Development (PHP)
0,0,0,1,0,0,1,0,1,Backend Development (Java)
0,0,0,0,0,1,0,0,1,Python Programming
0,0,0,0,0,1,1,0,1,Data Science
0,1,1,0,0,0,1,0,0,Frontend Web Development
1,1,1,1,0,1,0,0,0,Full Stack Web Development
0,1,0,0,1,1,0,0,0,Full Stack Web Development
0,0,0,1,0,0,0,0,1,Backend Development (Java)
0,0,0,0,0,0,1,0,1,Database Administration
0,0,0,0,0,1,0,0,0,Python Programming
0,0,0,0,0,1,0,0,0,Python Programming
0,0,0,1,0,1,0,0,0,Backend Development (Java)
0,1,0,0,1,0,0,0,0,Full Stack Web Development
1,0,1,0,0,0,1,1,0,Competitive Programming (DSA)
0,0,0,1,0,1,1,0,1,Backend Development (Java)
1,0,1,1,1,0,1,1,1,Competitive Programming (DSA)
1,0,0,1,1,1,0,0,0,Full Stack Web Development
0,1,1,0,0,0,0,1,1,Competitive Programming (DSA)
0,0,0,0,0,0,1,0,1,Database Administration
0,0,0,0,0,1,1,0,0,Data Science
1,1,1,1,1,1,1,0,0,Full Stack Web Development
1,1,1,1,0,1,0,0,1,Full Stack Web Development
1,1,0,0,0,1,0,0,0,Frontend Web Development
0,0,0,0,0,0,1,0,1,Database Administration
0,0,0,1,1,1,0,0,0,Backend Development (PHP)
1,0,1,0,0,1,1,1,1,Competitive Programming (DSA)
1,0,1,1,1,1,1,1,0,Competitive Programming (DSA)
0,0,0,1,0,1,1,0,0,Backend Development (Java)
0,0,0,1,1,1,0,0,1,Backend Development (PHP)
0,0,0,0,1,1,0,0,0,Backend Development (PHP)
0,0,0,0,0,0,1,0,0,Database Administration
0,0,1,0,0,1,0,1,0,Competitive Programming (DSA)
0,0,0,1,0,1,1,0,1,Backend Development (Java)
0,0,0,0,0,0,1,0,0,Database Administration
0,0,0,0,0,1,1,0,1,Data Science
0,0,0,0,0,1,0,0,1,Python Programming
0,0,1,1,0,0,1,0,0,Full Stack Web Development
1,1,1,1,0,1,0,0,0,Full Stack Web Development
0,0,0,0,0,1,0,0,0,Python Programming
1,1,1,1,0,0,0,0,1,Full Stack Web Development
1,1,1,0,0,0,1,0,0,Frontend Web Development
0,0,1,0,1,1,0,0,0,Full Stack Web Development
0,0,0,0,0,1,0,0,1,Python Programming
0,1,0,1,0,1,1,0,0,Full Stack Web Development
0,1,1,1,1,0,1,0,1,Full Stack Web Development
0,0,1,0,0,1,1,0,0,Frontend Web Development
0,0,0,1,0,1,1,0,0,Backend Development (Java)
0,0,0,0,1,1,0,0,0,Backend Development (PHP)
0,0,0,0,0,1,1,0,0,Data Science
1,0,1,0,0,1,0,0,1,Frontend Web Development
0,0,0,1,0,0,0,0,0,Backend Development (Java)
0,0,1,0,0,1,0,0,0,Frontend Web Development
0,0,0,0,0,0,0,0,1,Python Programming
0,0,0,1,1,1,0,0,0,Backend Development (PHP)
0,0,0,0,0,0,1,0,0,Database Administration
1,0,0,0,0,1,0,0,1,Frontend Web Development
1,1,0,1,0,1,0,1,1,Competitive Programming (DSA)
0,0,0,1,0,1,0,0,1,Backend Development (Java)
1,1,0,1,1,1,1,0,0,Full Stack Web Development
0,0,0,0,0,0,1,0,1,Database Administration
0,0,0,0,0,1,1,0,1,Data Science
0,0,0,0,0,0,0,0,1,Python Programming
0,0,0,0,0,1,1,0,1,Data Science
0,0,0,0,1,1,1,0,1,Backend Development (PHP)
1,0,1,0,0,1,1,1,1,Competitive Programming (DSA)
1,0,1,0,0,1,0,1,1,Competitive Programming (DSA)
0,0,0,1,0,0,0,0,0,Backend Development (Java)
0,0,0,0,1,0,0,0,0,Backend Development (PHP)
0,0,0,0,0,1,0,0,1,Python Programming
0,1,1,0,0,1,0,1,1,Competitive Programming (DSA)
0,0,0,1,1,1,1,0,1,Backend Development (PHP)
0,1,0,0,0,0,1,0,0,Frontend Web Development
0,0,0,0,0,0,0,0,0,Python Programming
1,0,0,0,0,0,0,0,1,Frontend Web Development
0,0,0,0,0,0,0,0,0,Python Programming
0,0,0,0,0,1,1,0,1,Data Science
1,0,1,0,1,0,0,0,0,Full Stack Web Development
0,0,0,0,0,1,1,0,1,Data Science
1,1,0,0,0,1,0,0,1,Frontend Web Development
0,0,0,0,0,1,0,0,1,Python Programming
0,0,0,0,1,0,1,0,1,Backend Development (PHP)
1,1,0,0,0,1,0,0,0,Frontend Web Development
1,1,0,0,0,0,1,1,0,Competitive Programming (DSA)
0,0,0,0,0,1,1,0,1,Data Science
1,1,1,0,0,1,1,0,0,Frontend Web Development
0,0,0,1,1,1,1,0,0,Backend Development (PHP)
0,1,0,0,1,1,0,0,0,Full Stack Web Development
0,0,0,0,0,1,1,0,0,Data Science
0,0,0,0,0,1,1,0,0,Data Science
0,0,0,0,1,1,0,0,0,Backend Development (PHP)
0,0,0,0,1,0,1,0,1,Backend Development (PHP)
0,0,1,1,0,0,1,1,0,Competitive Programming (DSA)
0,0,0,1,1,0,1,0,0,Backend Development (PHP)
0,0,0,0,0,0,1,0,0,Database Administration
0,0,0,1,0,1,1,0,0,Backend Development (Java)
0,1,1,0,0,0,0,0,1,Frontend Web Development
0,0,0,0,1,0,0,0,1,Backend Development (PHP)
0,0,0,1,1,0,1,0,0,Backend Development (PHP)
0,1,0,1,1,0,1,0,1,Full Stack Web Development
0,0,0,0,1,1,1,0,0,Backend Development (PHP)
0,0,0,0,0,1,1,0,0,Data Science
1,1,1,0,0,0,0,0,0,Frontend Web Development
0,0,1,1,0,0,0,0,1,Full Stack Web Development
0,0,0,0,0,0,1,0,1,Database Administration
0,1,1,1,1,0,1,1,0,Competitive Programming (DSA)
1,0,1,1,1,1,1,1,0,Competitive Programming (DSA)
0,1,0,0,0,0,0,0,0,Frontend Web Development
1,1,1,1,0,0,1,0,1,Full Stack Web Development
0,0,0,0,0,1,0,0,1,Python Programming
0,0,0,0,1,0,1,0,0,Backend Development (PHP)
0,0,0,0,0,1,1,0,0,Data Science
0,1,0,1,0,1,1,0,0,Full Stack Web Development
1,0,1,1,1,0,0,1,1,Competitive Programming (DSA)
1,1,0,0,0,1,1,0,0,Frontend Web Development
0,0,0,0,0,0,1,0,0,Database Administration
0,0,0,0,0,0,0,0,0,Python Programming
0,0,0,0,1,1,0,0,0,Backend Development (PHP)
0,0,0,0,0,1,0,0,0,Python Programming
1,1,1,1,1,1,1,1,0,Competitive Programming (DSA)
1,0,0,0,1,0,1,0,1,Full Stack Web Development
0,0,0,0,0,1,1,0,0,Data Science
0,0,0,0,1,0,0,0,1,Backend Development (PHP)
0,0,0,0,0,1,1,0,0,Data Science
0,0,0,0,0,0,1,0,0,Database Administration
0,0,0,0,0,0,1,0,0,Database Administration
1,1,0,1,0,0,1,0,0,Full Stack Web Development
0,1,0,0,1,0,0,1,1,Competitive Programming (DSA)
0,0,0,0,0,0,0,0,0,Python Programming
0,0,0,0,0,1,0,0,0,Python Programming
0,0,0,1,0,0,1,0,0,Backend Development (Java)
0,0,0,1,0,1,0,1,0,Competitive Programming (DSA)
0,0,1,1,0,0,0,1,0,Competitive Programming (DSA)
0,0,0,0,0,1,0,0,1,Python Programming
0,0,0,0,1,0,0,0,1,Backend Development (PHP)
0,0,0,1,0,1,0,0,0,Backend Development (Java)
0,0,0,1,0,0,0,0,0,Backend Development (Java)
1,0,0,0,0,0,0,0,0,Frontend Web Development
1,0,0,0,1,0,0,1,0,Competitive Programming (DSA)
0,0,0,1,1,0,1,0,1,Backend Development (PHP)
0,0,0,0,0,0,1,0,1,Database Administration
0,0,0,0,0,0,1,0,0,Database Administration
0,0,0,0,0,0,0,0,0,Python Programming
0,0,1,0,1,1,1,0,0,Full Stack Web Development
0,1,1,0,0,1,0,1,1,Competitive Programming (DSA)
1,0,0,1,0,0,1,0,1,Full Stack Web Development
0,0,0,1,0,1,0,0,1,Backend Development (Java)
0,0,0,1,0,1,0,0,0,Backend Development (Java)
0,0,0,0,1,0,0,0,0,Backend Development (PHP)
0,0,0,1,0,1,0,0,0,Backend Development (Java)
0,0,0,1,1,1,0,0,0,Backend Development (PHP)
0,0,0,0,0,1,1,0,0,Data Science
0,0,0,0,0,0,0,0,0,Python Programming
1,0,1,0,1,0,0,0,1,Full Stack Web Development
0,0,0,0,0,0,1,0,0,Database Administration
0,0,0,0,0,1,1,0,0,Data Science
1,0,0,1,0,0,0,1,0,Competitive Programming (DSA)
1,0,1,0,0,0,1,0,0,Frontend Web Development
1,0,1,0,0,1,0,0,1,Frontend Web Development
0,0,0,0,0,1,0,0,1,Python Programming
0,0,0,0,0,1,1,0,0,Data Science
0,0,0,0,0,0,1,0,0,Database Administration
0,0,0,0,0,0,1,0,0,Database Administration
1,1,0,0,0,0,0,1,0,Competitive Programming (DSA)
1,1,0,0,1,1,0,1,0,Competitive Programming (DSA)
1,0,0,1,1,1,1,1,0,Competitive Programming (DSA)
0,0,0,0,0,0,1,0,0,Database Administration
0,0,0,1,0,1,0,0,0,Backend Development (Java)
0,1,0,1,0,1,1,0,1,Full Stack Web Development
0,0,0,0,0,1,1,0,1,Data Science
0,0,0,1,0,1,0,0,1,Backend Development (Java)
0,0,0,0,0,0,0,0,0,Python Programming
0,0,0,0,0,1,1,0,1,Data Science
0,0,0,0,1,1,1,0,0,Backend Development (PHP)
0,1,1,0,0,1,1,0,1,Full Stack Web Development
1,0,0,1,0,0,0,0,0,Full Stack Web Development
0,0,0,0,0,0,1,0,1,Database Administration
0,0,0,0,0,1,0,0,1,Python Programming
0,0,0,1,0,0,0,0,0,Backend Development (Java)
0,0,1,0,0,1,0,0,1,Frontend Web Development
0,0,0,0,0,1,1,0,1,Data Science
0,0,0,1,0,1,0,0,0,Backend Development (Java)
0,0,0,0,0,0,1,0,0,Database Administration
1,0,0,0,0,1,0,0,1,Frontend Web Development
0,0,0,1,0,1,1,0,1,Backend Development (Java)
0,0,0,0,0,0,1,0,1,Database Administration
0,0,0,1,0,1,1,0,0,Backend Development (Java)
1,1,0,1,0,0,1,1,0,Competitive Programming (DSA)
1,0,1,0,0,1,1,0,0,Frontend Web Development
0,0,0,0,1,0,0,0,0,Backend Development (PHP)
0,1,1,0,0,1,0,0,0,Frontend Web Development
1,1,1,1,1,1,0,1,1,Competitive Programming (DSA)
0,0,0,0,0,1,1,0,0,Data Science
0,0,0,1,0,0,0,0,1,Backend Development (Java)
0,1,1,1,1,1,1,1,0,Competitive Programming (DSA)
0,0,0,0,0,1,0,0,1,Python Programming
1,0,1,0,1,1,1,0,0,Full Stack Web Development
0,0,0,0,0,1,1,0,1,Data Science
1,1,1,1,0,0,0,0,1,Full Stack Web Development
0,1,0,1,1,1,0,0,1,Full Stack Web Development
0,0,0,0,0,1,1,0,1,Data Science
1,0,0,0,0,0,0,0,0,Frontend Web Development
0,0,1,0,0,0,0,0,1,Frontend Web Development
1,1,1,0,0,1,1,0,0,Frontend Web Development
0,0,0,1,0,0,0,0,1,Backend Development (Java)
0,0,0,0,0,0,1,0,1,Database Administration
0,0,0,0,0,0,1,0,1,Database Administration
0,0,0,1,1,0,0,0,0,Backend Development (PHP)
0,0,0,0,0,1,1,0,0,Data Science
0,0,0,0,0,1,1,0,1,Data Science
0,0,0,1,0,0,0,0,1,Backend Development (Java)
0,1,1,1,0,0,1,1,1,Competitive Programming (DSA)
0,1,1,1,1,1,1,0,0,Full Stack Web Development
0,0,0,0,0,1,0,0,0,Python Programming
0,1,1,0,0,1,0,1,0,Competitive Programming (DSA)
0,0,0,0,1,1,0,0,1,Backend Development (PHP)
1,1,1,0,0,1,0,0,1,Frontend Web Development
0,0,0,1,1,0,0,0,1,Backend Development (PHP)
0,0,0,0,0,1,1,0,0,Data Science
0,0,0,0,1,0,0,0,0,Backend Development (PHP)
0,1,0,1,0,0,0,0,0,Full Stack Web Development
1,0,0,1,0,0,1,0,0,Full Stack Web Development
0,1,0,1,0,1,0,0,0,Full Stack Web Development
0,0,0,0,0,0,1,0,1,Database Administration
1,0,1,0,1,0,0,0,0,Full Stack Web Development
0,1,0,0,0,1,0,0,0,Frontend Web Development
0,0,0,0,0,1,1,0,1,Data Science
0,0,0,1,0,1,0,0,0,Backend Development (Java)
1,0,1,1,1,1,1,0,0,Full Stack Web Development
0,0,0,0,0,1,1,0,1,Data Science
0,0,0,0,0,0,0,0,1,Python Programming
1,1,0,0,0,0,0,0,0,Frontend Web Development
0,0,0,0,0,1,1,0,0,Data Science
0,1,0,0,0,1,1,0,0,Frontend Web Development
0,0,0,1,0,0,0,0,0,Backend Development (Java)
0,1,0,1,0,1,0,0,0,Full Stack Web Development
0,0,0,1,1,1,0,0,1,Backend Development (PHP)
1,0,0,1,1,0,1,0,1,Full Stack Web Development
0,0,1,0,1,1,1,0,1,Full Stack Web Development
0,1,0,0,0,1,0,1,0,Competitive Programming (DSA)
1,1,1,0,1,0,0,0,1,Full Stack Web Development
0,1,1,1,1,1,0,0,1,Full Stack Web Development
1,0,1,0,0,0,0,0,1,Frontend Web Development
0,0,0,1,0,1,0,0,1,Backend Development (Java)
1,0,0,1,1,0,0,0,0,Full Stack Web Development
0,0,0,0,0,0,0,0,1,Python Programming
0,0,0,0,0,0,0,0,0,Python Programming
0,0,0,0,0,1,1,0,0,Data Science
0,1,0,1,0,1,0,1,1,Competitive Programming (DSA)
0,0,0,0,0,1,1,0,1,Data Science
0,0,0,0,0,1,0,0,0,Python Programming
1,1,0,1,0,1,0,1,1,Competitive Programming (DSA)
0,0,0,0,0,0,0,0,1,Python Programming
0,0,0,0,0,1,1,0,1,Data Science
0,0,0,0,0,1,0,0,0,Python Programming
0,0,0,0,0,0,0,0,1,Python Programming
0,0,0,0,0,1,0,0,0,Python Programming
0,1,1,0,0,1,0,0,0,Frontend Web Development
0,0,1,0,0,1,0,0,1,Frontend Web Development
0,0,0,0,0,0,1,0,0,Database Administration
0,0,0,0,0,1,0,0,0,Python Programming
0,0,0,0,0,0,1,0,1,Database Administration
0,0,0,0,0,0,1,0,0,Database Administration
0,0,0,1,1,1,0,0,1,Backend Development (PHP)
0,0,0,1,1,1,0,0,1,Backend Development (PHP)
1,0,0,0,1,0,0,1,1,Competitive Programming (DSA)
0,0,0,0,0,1,0,0,0,Python Programming
0,0,0,0,0,0,0,0,0,Python Programming
0,0,0,1,1,1,0,0,0,Backend Development (PHP)
0,0,1,1,0,0,1,1,1,Competitive Programming (DSA)
0,0,0,0,1,0,0,0,1,Backend Development (PHP)
1,0,1,0,0,0,0,0,1,Frontend Web Development
0,0,0,1,0,1,0,0,0,Backend Development (Java)
0,0,0,0,0,1,1,0,1,Data Science
0,0,0,1,0,1,0,0,1,Backend Development (Java)
0,0,1,1,1,1,0,1,0,Competitive Programming (DSA)
0,1,1,0,0,0,1,0,1,Full Stack Web Development
0,0,0,1,0,1,1,0,0,Backend Development (Java)
0,0,0,1,1,1,1,0,1,Backend Development (PHP)
0,0,1,0,0,1,0,0,1,Frontend Web Development
1,1,0,1,0,1,1,1,0,Competitive Programming (DSA)
0,0,0,0,0,0,1,0,1,Database Administration
0,0,0,0,0,1,1,0,0,Data Science
0,1,1,0,0,0,1,0,1,Full Stack Web Development
0,0,0,0,0,0,0,0,1,Python Programming
0,0,0,0,0,0,1,0,0,Database Administration
0,0,1,0,0,0,0,0,1,Frontend Web Development
0,0,0,0,0,0,1,0,0,Database Administration
0,0,0,0,0,0,1,0,1,Database Administration
0,0,0,0,1,0,0,0,0,Backend Development (PHP)
1,1,0,0,0,0,1,0,1,Full Stack Web Development
0,0,0,0,0,1,1,0,1,Data Science
0,0,0,0,0,0,1,0,1,Database Administration
1,1,1,0,1,0,1,0,0,Full Stack Web Development
0,0,0,1,0,1,1,0,0,Backend Development (Java)
0,0,0,0,0,0,1,0,1,Database Administration
1,0,0,0,1,1,1,0,0,Full Stack Web Development
0,0,0,1,1,1,0,0,0,Backend Development (PHP)
0,0,0,0,0,0,1,0,1,Database Administration
0,0,1,0,0,1,1,0,0,Frontend Web Development
0,0,0,1,0,1,0,0,0,Backend Development (Java)
0,0,0,0,0,0,1,0,1,Database Administration
0,0,0,0,0,0,0,0,0,Python Programming
1,0,0,1,0,1,0,0,1,Full Stack Web Development
1,0,1,1,0,1,0,1,1,Competitive Programming (DSA)
1,0,1,0,0,1,0,0,0,Frontend Web Development
0,0,0,1,1,1,1,0,0,Backend Development (PHP)
1,1,0,1,0,1,0,1,0,Competitive Programming (DSA)
0,0,1,1,0,1,0,0,1,Full Stack Web Development
1,1,0,1,1,0,0,1,1,Competitive Programming (DSA)
0,0,0,0,0,0,1,0,0,Database Administration
0,1,1,0,0,1,1,1,1,Competitive Programming (DSA)
0,1,0,0,1,1,0,0,1,Full Stack Web Development
0,0,0,1,0,0,1,0,1,Backend Development (Java)
0,0,0,1,0,1,1,0,0,Backend Development (Java)
1,0,0,0,1,1,0,1,1,Competitive Programming (DSA)
0,0,1,0,0,1,0,0,0,Frontend Web Development
0,0,0,0,0,0,1,0,0,Database Administration
1,0,0,0,1,1,0,0,1,Full Stack Web Development
0,0,1,0,0,1,0,0,1,Frontend Web Development
0,1,0,1,0,1,1,0,0,Full Stack Web Development
0,0,0,0,0,0,1,0,1,Database Administration
0,0,0,1,0,0,0,0,1,Backend Development (Java)
1,0,1,0,0,0,1,0,0,Frontend Web Development
1,0,1,0,0,0,0,0,1,Frontend Web Development
1,1,0,1,0,1,1,0,0,Full Stack Web Development
0,0,0,0,0,1,0,0,0,Python Programming
0,0,1,0,0,0,0,0,1,Frontend Web Development
1,1,0,0,0,1,0,0,1,Frontend Web Development
0,0,0,0,0,0,0,0,0,Python Programming
0,0,0,1,1,1,1,0,0,Backend Development (PHP)
1,1,1,0,0,0,1,0,0,Frontend Web Development
0,0,0,1,0,0,1,0,0,Backend Development (Java)
0,1,1,0,0,1,0,0,1,Frontend Web Development
0,1,1,1,1,1,1,0,1,Full Stack Web Development
0,0,0,1,0,1,0,0,1,Backend Development (Java)
1,1,1,0,0,0,0,0,1,Frontend Web Development
1,1,1,1,1,0,1,1,0,Competitive Programming (DSA)
0,0,0,0,0,0,0,0,1,Python Programming
0,0,0,0,0,0,1,0,0,Database Administration
0,0,0,1,0,0,1,0,1,Backend Development (Java)
1,0,1,0,0,0,1,1,1,Competitive Programming (DSA)
0,0,0,0,0,1,0,0,1,Python Programming
0,0,0,0,0,0,1,0,0,Database Administration
0,0,0,0,0,0,0,0,1,Python Programming
0,1,1,0,0,1,0,0,1,Frontend Web Development
0,0,0,0,0,0,1,0,1,Database Administration
0,1,1,1,1,0,0,0,0,Full Stack Web Development
0,0,0,0,1,1,0,0,0,Backend Development (PHP)
0,0,0,0,1,1,0,0,1,Backend Development (PHP)
0,0,0,1,1,0,1,0,1,Backend Development (PHP)
1,0,0,0,0,0,1,0,1,Full Stack Web Development
0,0,0,0,0,1,1,0,1,Data Science
0,0,0,0,0,0,1,0,0,Database Administration
0,1,1,1,0,0,1,0,0,Full Stack Web Development
0,0,0,1,0,0,0,0,1,Backend Development (Java)
0,0,0,0,0,0,1,0,1,Database Administration
0,0,0,1,0,0,0,0,0,Backend Development (Java)
1,1,0,1,1,0,0,1,0,Competitive Programming (DSA)
0,0,0,1,0,0,1,0,1,Backend Development (Java)
1,1,1,0,1,1,0,0,1,Full Stack Web Development
0,0,0,0,0,1,1,0,1,Data Science
1,1,0,1,0,0,1,0,1,Full Stack Web Development
1,0,1,0,0,0,1,0,0,Frontend Web Development
0,0,0,1,1,0,0,0,1,Backend Development (PHP)
1,1,0,0,0,1,0,1,0,Competitive Programming (DSA)
0,1,1,1,1,0,0,1,1,Competitive Programming (DSA)
1,0,0,0,0,1,0,0,0,Frontend Web Development
1,0,0,0,0,0,1,0,0,Frontend Web Development
0,0,0,0,0,1,1,0,1,Data Science
1,0,1,0,0,1,1,0,1,Full Stack Web Development
0,0,0,0,0,1,0,0,1,Python Programming
0,0,0,0,0,0,1,0,1,Database Administration
0,0,0,0,0,0,1,0,0,Database Administration
0,0,0,0,0,0,1,0,0,Database Administration
1,0,1,0,0,1,0,0,1,Frontend Web Development
1,0,0,1,0,1,1,0,1,Full Stack Web Development
0,1,0,0,0,0,0,0,0,Frontend Web Development
0,0,0,0,0,0,1,0,0,Database Administration
0,0,0,0,0,0,0,0,1,Python Programming
0,1,1,1,1,0,0,0,0,Full Stack Web Development
0,0,0,0,0,1,1,0,0,Data Science
0,0,0,0,0,0,1,0,1,Database Administration
0,0,0,0,0,0,1,0,0,Database Administration
0,1,0,0,0,1,1,0,0,Frontend Web Development
0,0,0,0,0,0,1,0,1,Database Administration
0,1,0,0,0,0,0,0,0,Frontend Web Development
0,0,0,0,1,1,1,0,1,Backend Development (PHP)
0,0,0,0,0,1,0,0,0,Python Programming
0,0,0,0,0,0,1,0,0,Database Administration
1,0,1,1,1,0,0,0,0,Full Stack Web Development
0,0,0,0,0,1,1,0,0,Data Science
1,0,1,1,0,0,0,0,0,Full Stack Web Development
0,0,0,0,0,0,0,0,0,Python Programming
0,0,1,0,0,1,0,0,1,Frontend Web Development
0,0,1,0,0,1,1,1,1,Competitive Programming (DSA)
0,0,0,0,0,1,0,0,1,Python Programming
0,0,0,0,1,0,1,0,1,Backend Development (PHP)
0,0,0,0,0,1,1,1,0,Competitive Programming (DSA)
0,0,0,0,0,1,0,0,1,Python Programming
0,0,0,0,0,0,1,0,1,Database Administration
0,0,0,0,1,1,1,0,1,Backend Development (PHP)
0,0,0,0,0,1,1,0,1,Data Science
0,0,0,0,1,1,0,0,1,Backend Development (PHP)
0,0,1,1,1,1,0,1,1,Competitive Programming (DSA)
0,0,0,0,0,0,0,0,0,Python Programming
0,0,0,0,0,1,1,0,1,Data Science
0,0,0,0,0,1,1,0,0,Data Science
0,0,1,0,1,0,0,0,1,Full Stack Web Development
0,1,0,0,0,0,1,1,1,Competitive Programming (DSA)
0,0,0,0,0,0,1,0,0,Database Administration
0,0,0,0,0,1,0,0,0,Python Programming
1,1,0,1,0,0,0,0,0,Full Stack Web Development
0,0,0,0,0,1,1,0,1,Data Science
0,0,0,1,0,0,0,1,1,Competitive Programming (DSA)
0,0,0,1,0,0,0,0,0,Backend Development (Java)
0,0,0,1,1,0,1,1,1,Competitive Programming (DSA)
0,0,0,1,0,0,0,0,1,Backend Development (Java)
0,0,0,1,0,1,0,0,0,Backend Development (Java)
0,0,0,1,0,1,0,0,0,Backend Development (Java)
1,1,1,1,0,1,1,0,0,Full Stack Web Development
0,0,0,0,0,1,0,0,0,Python Programming
0,1,1,1,0,1,1,1,0,Competitive Programming (DSA)
0,0,0,1,0,1,0,0,1,Backend Development (Java)
0,0,0,0,1,1,1,0,1,Backend Development (PHP)
0,0,1,0,0,0,0,0,1,Frontend Web Development
0,0,0,0,0,1,1,0,0,Data Science
1,0,1,1,1,1,1,1,1,Competitive Programming (DSA)
0,0,0,1,1,0,0,0,0,Backend Development (PHP)
0,0,0,0,0,1,0,0,1,Python Programming
0,0,0,0,1,1,0,0,1,Backend Development (PHP)
0,0,0,1,1,1,1,0,1,Backend Development (PHP)
1,0,1,1,1,1,0,0,0,Full Stack Web Development
0,0,0,0,0,0,1,0,0,Database Administration
0,0,0,0,0,0,1,0,0,Database Administration
0,0,0,0,0,0,1,0,1,Database Administration
0,0,0,1,1,1,0,0,1,Backend Development (PHP)
0,0,0,0,0,0,1,0,1,Database Administration
0,0,0,1,0,0,1,0,0,Backend Development (Java)
0,0,0,1,0,0,1,0,1,Backend Development (Java)
0,1,1,0,1,0,0,1,0,Competitive Programming (DSA)
0,1,1,0,1,1,0,0,1,Full Stack Web Development
0,0,0,0,0,0,0,0,1,Python Programming
1,1,0,0,0,1,1,0,0,Frontend Web Development
0,0,0,0,0,1,1,0,1,Data Science
0,0,0,1,0,0,1,0,1,Backend Development (Java)
0,0,0,0,0,0,1,0,1,Database Administration
1,0,1,1,0,1,1,1,1,Competitive Programming (DSA)
0,0,0,0,0,0,0,0,1,Python Programming
0,1,1,0,0,1,0,1,0,Competitive Programming (DSA)
0,0,1,0,1,1,0,0,0,Full Stack Web Development
0,0,0,0,0,0,1,0,1,Database Administration
1,0,0,0,0,0,1,0,0,Frontend Web Development
0,0,0,0,0,1,1,0,0,Data Science
0,0,0,0,0,0,1,0,0,Database Administration
0,0,0,0,0,0,1,0,1,Database Administration
0,0,0,1,0,1,1,0,0,Backend Development (Java)
0,0,0,0,0,0,1,0,1,Database Administration
0,0,0,0,0,0,0,0,1,Python Programming
0,0,0,0,0,1,0,0,1,Python Programming
0,0,0,1,0,1,1,0,0,Backend Development (Java)
0,1,0,0,1,0,1,1,0,Competitive Programming (DSA)
0,0,0,0,1,0,0,0,1,Backend Development (PHP)
0,0,0,0,1,0,1,0,1,Backend Development (PHP)
1,1,0,0,0,0,1,0,0,Frontend Web Development
0,0,1,1,1,0,0,0,1,Full Stack Web Development
0,0,0,0,0,0,1,0,0,Database Administration
1,0,1,0,1,1,0,1,1,Competitive Programming (DSA)
0,0,0,0,0,1,0,0,1,Python Programming
0,0,0,0,1,1,1,0,0,Backend Development (PHP)
1,0,0,1,0,0,1,0,0,Full Stack Web Development
0,1,0,0,1,0,1,0,1,Full Stack Web Development
0,0,0,1,0,0,1,0,0,Backend Development (Java)
0,0,0,0,0,1,1,0,0,Data Science
0,0,0,0,0,0,1,0,0,Database Administration
0,0,0,0,0,0,0,0,0,Python Programming
0,0,1,0,0,0,0,0,0,Frontend Web Development
0,0,0,0,0,0,1,0,1,Database Administration
0,0,0,0,1,0,1,0,1,Backend Development (PHP)
1,1,0,0,1,1,1,0,1,Full Stack Web Development
0,0,0,0,1,0,1,0,0,Backend Development (PHP)
0,0,0,0,0,1,0,0,0,Python Programming
0,0,0,0,0,0,1,0,0,Database Administration
0,0,0,1,0,1,1,0,1,Backend Development (Java)
0,1,0,0,0,0,1,1,1,Competitive Programming (DSA)
0,0,1,1,0,1,1,0,1,Full Stack Web Development
1,1,0,0,0,0,1,0,0,Frontend Web Development
1,0,0,0,0,1,1,0,0,Frontend Web Development
0,0,0,0,0,1,1,0,1,Data Science
0,0,0,0,0,1,1,0,0,Data Science
0,0,1,0,0,1,0,0,1,Frontend Web Development
0,0,1,1,0,1,0,0,0,Full Stack Web Development
0,0,0,1,1,0,1,0,0,Backend Development (PHP)
0,0,0,1,0,1,0,0,1,Backend Development (Java)
0,0,0,0,1,0,0,0,1,Backend Development (PHP)
0,0,0,0,0,0,0,0,1,Python Programming
0,0,0,1,0,0,1,0,0,Backend Development (Java)
0,0,0,1,1,0,1,0,0,Backend Development (PHP)
1,0,0,1,1,0,0,0,1,Full Stack Web Development
0,0,0,0,0,1,1,0,1,Data Science
0,0,0,0,1,0,0,0,1,Backend Development (PHP)
0,0,0,0,0,0,1,0,0,Database Administration
0,0,0,0,0,1,1,0,1,Data Science
1,0,1,0,1,0,0,0,1,Full Stack Web Development
0,0,0,0,0,1,1,0,0,Data Science
0,0,0,0,0,0,1,0,1,Database Administration
0,0,0,1,0,0,1,0,0,Backend Development (Java)
1,1,1,0,0,0,0,0,1,Frontend Web Development
0,0,0,0,0,1,0,0,0,Python Programming
1,1,1,1,1,1,0,0,1,Full Stack Web Development
0,0,0,1,0,0,0,0,0,Backend Development (Java)
0,0,0,0,0,0,1,0,0,Database Administration
0,0,0,0,0,0,1,0,1,Database Administration
0,0,0,0,0,1,1,0,0,Data Science
1,1,1,1,1,0,1,0,0,Full Stack Web Development
0,0,0,0,0,1,0,0,0,Python Programming
1,0,1,0,1,0,1,0,0,Full Stack Web Development
0,0,0,0,0,1,0,0,1,Python Programming
0,0,0,0,0,1,0,0,1,Python Programming
0,0,0,0,0,0,1,0,0,Database Administration
0,0,0,0,0,0,1,0,0,Database Administration
0,0,0,0,0,0,1,0,0,Database Administration
1,1,1,0,0,1,0,0,0,Frontend Web Development
0,0,0,0,1,0,0,0,0,Backend Development (PHP)
0,0,0,0,0,0,1,0,1,Database Administration
1,0,1,0,0,1,0,0,0,Frontend Web Development
0,0,0,0,0,1,1,0,0,Data Science
0,0,0,0,1,0,0,0,0,Backend Development (PHP)
0,0,1,0,1,0,0,1,1,Competitive Programming (DSA)
0,0,0,0,0,0,0,0,0,Python Programming
1,1,1,0,0,0,1,0,0,Frontend Web Development
0,0,0,1,1,1,0,0,1,Backend Development (PHP)
1,0,1,1,1,1,1,1,1,Competitive Programming (DSA)
0,0,0,1,0,1,1,0,1,Backend Development (Java)
1,1,1,0,0,1,1,1,0,Competitive Programming (DSA)
0,0,0,0,0,1,1,0,1,Data Science
0,0,0,0,0,0,1,0,0,Database Administration
0,0,0,1,1,0,1,0,0,Backend Development (PHP)
0,0,0,1,0,0,0,0,0,Backend Development (Java)
0,0,0,0,0,1,0,0,1,Python Programming
0,0,0,0,1,0,0,0,0,Backend Development (PHP)
0,0,0,0,0,0,1,0,0,Database Administration
0,1,1,0,1,1,1,1,1,Competitive Programming (DSA)
0,0,0,1,0,0,0,0,0,Backend Development (Java)
0,0,0,0,0,0,1,0,1,Database Administration
0,0,0,1,0,1,1,0,1,Backend Development (Java)
0,0,0,0,0,0,1,0,0,Database Administration
1,0,1,0,1,0,0,0,0,Full Stack Web Development
0,0,0,0,0,0,0,0,1,Python Programming
1,1,0,0,0,0,1,0,0,Frontend Web Development
1,1,1,0,0,0,0,0,1,Frontend Web Development
0,0,0,1,1,0,1,0,1,Backend Development (PHP)
0,0,0,0,0,0,1,0,0,Database Administration
0,0,0,1,1,0,1,0,0,Backend Development (PHP)
0,0,0,1,1,1,0,0,0,Backend Development (PHP)
0,0,0,0,0,0,1,0,0,Database Administration
0,0,0,0,1,1,1,0,1,Backend Development (PHP)
0,0,1,0,0,1,1,0,0,Frontend Web Development
1,1,0,0,1,0,0,1,0,Competitive Programming (DSA)
0,0,0,0,0,0,1,0,1,Database Administration
0,0,0,0,1,1,1,0,1,Backend Development (PHP)
0,0,0,0,0,0,1,0,0,Database Administration
0,0,0,1,1,0,1,0,1,Backend Development (PHP)
0,0,1,1,0,1,1,1,0,Competitive Programming (DSA)
0,0,0,0,0,1,0,0,0,Python Programming
0,0,0,1,0,0,0,0,0,Backend Development (Java)
0,0,0,1,1,1,1,0,0,Backend Development (PHP)
0,0,0,1,1,0,0,0,1,Backend Development (PHP)
0,0,0,0,0,0,1,0,1,Database Administration
0,0,0,0,0,0,1,0,1,Database Administration
0,1,0,0,0,1,1,1,1,Competitive Programming (DSA)
0,0,0,0,0,1,1,0,1,Data Science
0,0,0,0,0,0,0,0,0,Python Programming
0,0,0,0,0,0,1,0,0,Database Administration
0,0,0,1,1,1,0,0,1,Backend Development (PHP)
0,0,0,0,0,1,1,0,0,Data Science
0,0,0,1,0,1,0,0,1,Backend Development (Java)
1,1,1,1,1,0,1,1,1,Competitive Programming (DSA)
1,1,1,0,1,1,0,0,1,Full Stack Web Development
0,1,0,0,1,1,1,0,1,Full Stack Web Development
0,0,1,0,0,0,0,0,1,Frontend Web Development
0,0,0,0,0,0,1,0,0,Database Administration
0,0,1,1,1,1,1,0,0,Full Stack Web Development
0,0,0,0,0,1,1,0,0,Data Science
0,0,0,1,1,1,1,0,0,Backend Development (PHP)
1,1,0,0,0,0,0,0,1,Frontend Web Development
0,0,0,1,1,1,0,0,0,Backend Development (PHP)
0,0,0,1,1,0,0,0,0,Backend Development (PHP)
0,0,0,1,0,0,0,0,0,Backend Development (Java)
0,0,0,0,1,0,1,0,0,Backend Development (PHP)
0,0,0,0,0,1,0,0,1,Python Programming
0,0,0,0,0,1,1,0,0,Data Science
0,0,0,0,0,1,1,0,0,Data Science
0,0,0,1,1,0,0,0,1,Backend Development (PHP)
0,1,1,0,0,1,0,0,1,Frontend Web Development
1,1,1,0,0,0,1,0,0,Frontend Web Development
0,0,1,1,1,0,1,0,1,Full Stack Web Development
0,0,0,0,0,1,1,0,1,Data Science
0,1,1,1,1,1,1,0,1,Full Stack Web Development
0,0,0,0,0,0,0,0,0,Python Programming
0,0,0,0,0,1,1,0,0,Data Science
0,0,0,0,0,1,1,0,1,Data Science
0,0,0,0,0,1,1,0,1,Data Science
0,0,0,0,0,0,0,0,1,Python Programming
0,0,0,0,0,1,0,0,0,Python Programming
0,0,0,0,0,1,0,0,0,Python Programming
0,1,0,0,0,0,1,0,0,Frontend Web Development
0,0,0,0,0,1,1,0,1,Data Science
0,0,0,1,1,1,0,0,1,Backend Development (PHP)
0,0,0,1,0,0,1,0,1,Backend Development (Java)
1,0,0,1,1,1,0,0,0,Full Stack Web Development
0,0,0,0,0,1,1,0,1,Data Science
0,0,0,1,1,1,1,0,0,Backend Development (PHP)
1,0,0,1,1,1,1,0,0,Full Stack Web Development
0,0,0,0,1,1,0,0,0,Backend Development (PHP)
0,0,0,1,1,1,1,0,1,Backend Development (PHP)
0,0,0,0,0,1,1,0,0,Data Science
1,1,1,0,0,1,0,0,0,Frontend Web Development
1,1,0,0,1,1,1,0,1,Full Stack Web Development
0,0,0,0,0,0,0,0,0,Python Programming
0,0,0,1,0,0,0,0,1,Backend Development (Java)
1,0,1,0,0,0,0,0,0,Frontend Web Development
0,0,0,1,1,1,1,0,1,Backend Development (PHP)
1,1,0,0,1,0,1,0,0,Full Stack Web Development
0,0,0,0,0,0,0,0,0,Python Programming
1,1,0,1,0,0,1,0,1,Full Stack Web Development
0,0,0,0,1,1,1,0,1,Backend Development (PHP)
0,0,1,1,0,1,0,0,1,Full Stack Web Development
1,1,0,0,1,0,0,0,1,Full Stack Web Development
0,0,0,0,0,1,1,0,1,Data Science
0,0,0,0,0,1,0,0,0,Python Programming
0,0,0,0,0,0,0,0,0,Python Programming
0,0,0,0,0,0,1,0,0,Database Administration
1,1,0,0,0,1,1,0,0,Frontend Web Development
0,0,0,1,0,1,1,0,0,Backend Development (Java)
0,0,0,0,0,1,1,0,1,Data Science
1,1,0,1,0,0,0,1,0,Competitive Programming (DSA)
0,0,0,1,0,0,1,0,1,Backend Development (Java)
1,1,1,1,1,1,0,1,1,Competitive Programming (DSA)
0,0,0,0,0,1,0,0,0,Python Programming
1,0,0,0,0,0,1,0,1,Full Stack Web Development
0,1,0,0,0,0,0,0,0,Frontend Web Development
1,1,0,0,1,1,0,1,0,Competitive Programming (DSA)
0,0,0,1,0,0,1,0,1,Backend Development (Java)
0,0,0,0,0,0,1,0,0,Database Administration
0,0,0,1,1,1,1,1,0,Competitive Programming (DSA)
0,1,1,0,0,1,0,0,1,Frontend Web Development
0,0,0,1,0,0,0,0,1,Backend Development (Java)
0,0,0,0,0,0,0,0,1,Python Programming
0,1,1,0,0,1,0,0,0,Frontend Web Development
0,0,0,0,0,0,0,0,1,Python Programming
0,0,0,0,0,1,1,0,1,Data Science
0,0,0,0,0,1,1,0,1,Data Science
0,0,0,0,1,0,0,0,1,Backend Development (PHP)
0,0,0,1,0,0,1,0,0,Backend Development (Java)
1,0,0,0,0,1,0,0,1,Frontend Web Development
0,0,0,1,0,1,1,0,0,Backend Development (Java)
0,0,0,0,0,1,0,0,0,Python Programming
0,0,0,0,1,1,1,1,0,Competitive Programming (DSA)
0,0,0,1,0,1,1,0,0,Backend Development (Java)
0,1,0,1,1,0,0,1,1,Competitive Programming (DSA)
1,1,0,0,1,1,0,1,0,Competitive Programming (DSA)
0,0,0,0,0,1,1,0,0,Data Science
0,0,0,1,0,1,0,0,0,Backend Development (Java)
1,0,0,0,1,1,0,0,0,Full Stack Web Development
0,0,1,0,0,0,0,0,0,Frontend Web Development
0,0,0,0,0,1,0,0,1,Python Programming
1,0,1,1,1,1,1,0,0,Full Stack Web Development
0,0,0,0,0,1,1,0,0,Data Science
1,0,1,1,1,1,1,0,1,Full Stack Web Development
0,0,0,0,0,1,1,1,0,Competitive Programming (DSA)
0,0,0,0,0,1,1,0,1,Data Science
1,1,0,1,0,1,1,1,0,Competitive Programming (DSA)
0,0,0,0,0,0,0,0,1,Python Programming
0,1,0,1,1,0,0,1,1,Competitive Programming (DSA)
0,0,0,1,0,0,0,0,1,Backend Development (Java)
0,0,0,0,0,1,1,0,1,Data Science
0,0,1,0,1,1,1,0,1,Full Stack Web Development
0,1,0,0,0,0,0,0,1,Frontend Web Development
1,1,1,0,0,0,0,0,1,Frontend Web Development
0,0,0,1,0,1,1,0,1,Backend Development (Java)
0,0,0,0,0,1,1,0,1,Data Science
1,1,1,0,0,1,0,0,0,Frontend Web Development
0,0,0,1,0,1,0,0,0,Backend Development (Java)
0,0,0,0,1,1,1,0,1,Backend Development (PHP)
0,0,0,0,1,0,0,1,1,Competitive Programming (DSA)
1,0,1,1,1,0,0,0,0,Full Stack Web Development
0,0,0,0,1,0,1,0,1,Backend Development (PHP)
0,0,0,0,0,0,1,0,1,Database Administration
0,0,0,0,1,0,0,0,0,Backend Development (PHP)
0,0,0,0,0,1,0,0,1,Python Programming
0,0,0,0,0,0,0,0,1,Python Programming
0,0,0,0,0,0,1,0,1,Database Administration
0,0,0,0,0,1,1,0,0,Data Science
0,0,0,0,0,1,1,0,0,Data Science
0,1,0,0,1,0,1,1,1,Competitive Programming (DSA)
0,0,0,0,0,0,1,0,0,Database Administration
1,0,0,1,0,1,1,0,0,Full Stack Web Development
0,0,0,1,0,1,0,0,1,Backend Development (Java)
0,0,0,0,0,0,0,0,0,Python Programming
1,0,0,0,0,1,0,0,1,Frontend Web Development
0,0,1,0,0,0,0,0,0,Frontend Web Development
0,1,0,0,0,1,1,0,0,Frontend Web Development
0,0,0,0,0,0,1,0,1,Database Administration
0,0,0,0,0,0,0,0,0,Python Programming
1,1,1,1,0,0,1,0,1,Full Stack Web Development
0,0,0,0,1,1,1,0,1,Backend Development (PHP)
0,0,0,0,0,1,1,0,1,Data Science
1,0,0,0,1,1,0,0,1,Full Stack Web Development
1,0,1,0,0,0,1,1,0,Competitive Programming (DSA)
0,0,0,0,0,1,0,0,0,Python Programming
0,0,0,1,0,0,0,0,0,Backend Development (Java)
1,1,1,0,1,1,1,0,0,Full Stack Web Development
0,1,0,0,0,0,0,0,1,Frontend Web Development
0,0,0,0,0,1,1,0,0,Data Science
0,0,0,1,0,1,1,0,1,Backend Development (Java)
0,0,0,0,0,0,0,0,1,Python Programming
0,0,0,0,0,1,0,0,1,Python Programming
1,1,1,0,1,0,1,0,1,Full Stack Web Development
0,0,0,0,0,1,1,0,1,Data Science
0,0,0,0,0,0,1,0,1,Database Administration
0,0,0,0,0,1,1,0,1,Data Science
0,0,0,0,0,1,1,0,0,Data Science
0,0,0,0,0,0,1,0,0,Database Administration
0,0,0,1,1,0,0,0,1,Backend Development (PHP)
0,0,0,1,1,0,0,0,1,Backend Development (PHP)
0,0,0,0,0,0,1,0,0,Database Administration
1,0,1,0,0,0,1,0,0,Frontend Web Development
0,0,0,0,0,1,1,0,0,Data Science
0,0,1,1,1,0,1,1,0,Competitive Programming (DSA)
0,0,0,0,0,0,0,0,1,Python Programming
0,0,0,0,0,0,0,0,0,Python Programming
0,0,0,1,0,0,1,0,1,Backend Development (Java)
0,0,0,1,1,0,0,0,0,Backend Development (PHP)
0,0,0,0,1,0,1,0,0,Backend Development (PHP)
0,0,1,0,0,0,0,0,0,Frontend Web Development
0,0,0,0,0,1,0,0,0,Python Programming
0,0,0,0,0,0,1,0,0,Database Administration
0,0,0,0,0,0,1,0,1,Database Administration
0,1,1,1,1,1,1,0,1,Full Stack Web Development
0,0,0,0,0,0,1,0,0,Database Administration
1,0,0,1,1,0,1,0,0,Full Stack Web Development
0,0,0,0,0,1,1,0,0,Data Science
0,0,0,0,0,0,0,0,1,Python Programming
0,1,1,0,1,1,1,1,1,Competitive Programming (DSA)
1,0,1,0,1,0,0,0,0,Full Stack Web Development
0,0,0,1,1,1,1,0,1,Backend Development (PHP)
0,0,0,0,1,0,0,0,1,Backend Development (PHP)
0,0,0,1,1,1,1,1,0,Competitive Programming (DSA)
0,0,0,0,0,0,1,0,1,Database Administration
1,1,1,0,0,0,0,1,1,Competitive Programming (DSA)
1,1,1,0,0,1,0,0,0,Frontend Web Development
0,0,0,0,0,1,0,0,0,Python Programming
0,0,0,1,0,1,0,0,1,Backend Development (Java)
0,0,0,1,0,1,0,0,0,Backend Development (Java)
0,1,0,1,1,1,0,1,0,Competitive Programming (DSA)
1,0,1,1,0,1,1,1,1,Competitive Programming (DSA)
1,1,0,1,1,1,0,0,1,Full Stack Web Development
0,0,0,0,0,0,1,0,1,Database Administration
0,0,0,0,0,1,1,0,0,Data Science
0,0,0,0,0,1,0,0,1,Python Programming
1,1,1,1,0,0,1,0,1,Full Stack Web Development
1,1,1,0,0,0,0,0,1,Frontend Web Development
0,1,1,1,1,0,1,0,0,Full Stack Web Development
0,0,0,0,0,0,1,0,1,Database Administration
0,0,0,0,0,1,0,0,1,Python Programming
1,1,0,0,0,0,1,0,0,Frontend Web Development
1,1,1,1,1,0,0,1,0,Competitive Programming (DSA)
1,0,1,0,0,0,0,0,0,Frontend Web Development
0,0,0,0,0,1,1,0,1,Data Science
0,0,0,0,0,0,1,0,0,Database Administration
0,0,1,0,1,1,1,1,1,Competitive Programming (DSA)
1,0,0,0,1,0,0,1,0,Competitive Programming (DSA)
0,1,0,0,0,0,1,0,0,Frontend Web Development
0,0,0,0,0,0,0,0,1,Python Programming
0,0,0,1,0,0,1,0,1,Backend Development (Java)
0,0,0,0,0,0,0,0,1,Python Programming
0,0,0,0,1,1,0,0,0,Backend Development (PHP)
0,0,0,1,0,1,1,0,1,Backend Development (Java)
0,0,0,1,0,1,0,0,0,Backend Development (Java)
1,0,1,0,0,1,1,0,1,Full Stack Web Development
0,0,0,0,0,1,0,0,1,Python Programming
0,0,0,0,1,1,1,0,0,Backend Development (PHP)
0,0,0,0,0,0,0,0,1,Python Programming
0,0,0,1,0,0,1,0,1,Backend Development (Java)
0,0,0,0,0,1,1,0,1,Data Science
0,1,0,1,1,0,1,0,0,Full Stack Web Development
0,1,0,1,0,1,1,0,0,Full Stack Web Development
1,1,0,1,0,1,0,0,0,Full Stack Web Development
0,0,0,1,1,0,1,0,0,Backend Development (PHP)
0,0,0,0,0,0,1,0,0,Database Administration
0,0,0,1,0,0,0,0,1,Backend Development (Java)
0,1,1,1,0,0,1,0,0,Full Stack Web Development
0,0,0,0,0,1,1,0,1,Data Science
1,1,1,0,1,1,0,1,1,Competitive Programming (DSA)
1,1,1,0,1,1,0,1,1,Competitive Programming (DSA)
1,1,0,0,0,1,0,0,1,Frontend Web Development
0,0,0,0,0,0,1,0,1,Database Administration
0,0,0,1,0,1,0,0,0,Backend Development (Java)
1,1,1,1,1,0,1,1,0,Competitive Programming (DSA)
0,0,0,0,1,1,1,0,1,Backend Development (PHP)
0,0,0,0,1,0,1,0,0,Backend Development (PHP)
0,0,0,0,1,0,0,0,0,Backend Development (PHP)
0,0,0,1,0,0,1,0,0,Backend Development (Java)
0,0,0,0,1,1,0,0,0,Backend Development (PHP)
0,0,0,0,0,0,1,0,1,Database Administration
0,0,0,1,0,1,1,1,1,Competitive Programming (DSA)
1,0,0,1,1,1,0,0,1,Full Stack Web Development
0,0,0,0,0,1,0,0,1,Python Programming
0,0,0,0,0,1,1,0,0,Data Science
1,0,0,0,0,0,0,0,0,Frontend Web Development
1,1,0,0,0,0,0,0,0,Frontend Web Development
1,0,0,1,1,0,1,1,1,Competitive Programming (DSA)
0,0,0,0,0,1,1,0,0,Data Science
0,0,0,0,0,0,0,0,1,Python Programming
1,1,1,0,0,1,0,0,1,Frontend Web Development
0,1,0,0,1,1,0,1,0,Competitive Programming (DSA)
0,0,0,0,0,0,1,0,1,Database Administration
0,0,0,0,0,1,0,0,1,Python Programming
0,0,1,0,1,0,1,0,0,Full Stack Web Development
0,0,0,0,1,1,1,0,0,Backend Development (PHP)
0,0,0,1,0,1,1,0,0,Backend Development (Java)
0,0,0,0,1,0,0,0,1,Backend Development (PHP)
1,0,1,0,0,1,0,0,1,Frontend Web Development
1,1,0,0,0,1,1,0,0,Frontend Web Development
1,0,0,0,0,0,0,0,1,Frontend Web Development
0,0,0,0,0,0,1,0,0,Database Administration
0,0,0,0,0,1,0,0,1,Python Programming
0,0,1,0,1,0,0,1,0,Competitive Programming (DSA)
0,0,0,0,0,0,0,0,1,Python Programming
1,1,1,0,0,1,1,1,0,Competitive Programming (DSA)
0,0,0,0,0,1,0,0,0,Python Programming
1,0,0,0,0,0,1,0,0,Frontend Web Development
1,1,0,0,1,0,0,0,0,Full Stack Web Development
0,1,0,0,0,1,1,0,0,Frontend Web Development
1,0,0,0,0,0,1,1,1,Competitive Programming (DSA)
0,0,0,0,0,0,1,0,1,Database Administration
1,0,1,0,0,1,1,0,0,Frontend Web Development
0,0,0,0,0,1,1,0,0,Data Science
0,0,0,0,1,1,1,0,0,Backend Development (PHP)
1,0,0,0,1,1,1,1,0,Competitive Programming (DSA)
0,0,0,0,0,0,0,0,0,Python Programming
1,1,1,0,0,1,0,0,0,Frontend Web Development
0,0,0,0,1,0,0,0,0,Backend Development (PHP)
1,1,0,0,1,1,0,1,1,Competitive Programming (DSA)
1,1,0,0,0,0,0,0,0,Frontend Web Development
0,0,0,0,1,1,0,0,1,Backend Development (PHP)
0,0,0,0,0,1,1,0,0,Data Science
0,0,0,1,0,0,0,0,1,Backend Development (Java)
0,0,0,0,0,0,0,1,0,Competitive Programming (DSA)
0,0,0,0,1,1,0,0,1,Backend Development (PHP)
0,0,0,1,0,0,0,1,1,Competitive Programming (DSA)
1,0,1,1,1,0,0,1,0,Competitive Programming (DSA)
0,0,0,1,1,1,0,0,1,Backend Development (PHP)
0,0,0,0,0,1,1,0,0,Data Science
0,0,0,0,0,1,0,0,1,Python Programming
0,0,0,0,0,1,1,0,1,Data Science
0,0,0,0,0,1,0,0,0,Python Programming
0,0,0,1,0,0,1,0,1,Backend Development (Java)
0,0,1,0,0,1,1,0,1,Full Stack Web Development
1,0,0,1,1,1,1,0,0,Full Stack Web Development
0,0,1,1,0,0,0,1,1,Competitive Programming (DSA)
0,0,0,0,0,1,1,0,1,Data Science
0,0,0,1,1,0,1,0,0,Backend Development (PHP)
0,0,0,1,1,1,1,0,0,Backend Development (PHP)
1,1,0,1,0,1,0,1,1,Competitive Programming (DSA)
0,0,0,0,0,0,0,0,0,Python Programming
0,0,0,0,1,0,1,0,0,Backend Development (PHP)
0,0,0,1,0,1,0,0,0,Backend Development (Java)
1,0,1,0,1,1,1,1,0,Competitive Programming (DSA)
0,0,1,1,1,1,0,0,1,Full Stack Web Development
0,0,0,0,0,1,1,0,0,Data Science
0,0,0,0,0,0,0,0,1,Python Programming
0,0,0,0,0,1,1,0,0,Data Science
0,0,0,0,0,1,1,0,1,Data Science
1,0,1,0,0,1,0,0,1,Frontend Web Development
0,1,0,0,1,1,0,1,0,Competitive Programming (DSA)
0,0,0,0,0,1,1,0,1,Data Science
0,0,0,0,1,1,1,0,0,Backend Development (PHP)
0,0,0,1,1,1,1,0,0,Backend Development (PHP)
0,0,0,0,1,0,0,0,1,Backend Development (PHP)
0,0,0,0,0,1,1,0,0,Data Science
1,0,0,0,0,1,0,0,1,Frontend Web Development
0,1,1,1,0,1,1,0,1,Full Stack Web Development
0,0,0,1,0,1,0,0,1,Backend Development (Java)
0,0,1,0,0,1,0,0,0,Frontend Web Development
1,1,0,1,1,0,0,0,0,Full Stack Web Development
1,1,0,1,1,1,0,0,1,Full Stack Web Development
1,1,0,0,1,1,0,1,0,Competitive Programming (DSA)
0,0,1,1,1,1,0,0,1,Full Stack Web Development
0,0,0,0,0,0,1,0,1,Database Administration
0,0,0,0,0,0,1,0,1,Database Administration
0,0,0,0,0,1,1,0,1,Data Science
0,0,0,1,0,1,1,0,0,Backend Development (Java)
0,0,0,1,0,1,1,0,1,Backend Development (Java)
1,0,0,1,1,1,1,0,1,Full Stack Web Development
0,0,0,0,0,1,1,0,0,Data Science
0,0,0,0,0,0,1,0,1,Database Administration
0,0,0,0,0,0,1,0,0,Database Administration
1,1,0,0,0,0,0,0,0,Frontend Web Development
0,0,0,0,0,1,1,0,1,Data Science
0,1,0,1,1,1,0,0,0,Full Stack Web Development
0,0,0,0,1,0,0,0,1,Backend Development (PHP)
0,0,0,0,0,1,1,0,1,Data Science
0,0,0,1,0,1,0,0,1,Backend Development (Java)
0,0,0,0,0,1,0,0,1,Python Programming
0,1,1,0,0,1,1,0,0,Frontend Web Development
0,0,0,0,0,1,1,0,0,Data Science
1,1,0,0,1,0,1,0,1,Full Stack Web Development
0,0,0,0,0,1,1,0,0,Data Science
0,0,0,0,0,0,1,0,0,Database Administration
0,0,0,0,0,0,1,0,1,Database Administration
0,0,0,0,0,0,1,0,1,Database Administration
1,0,0,1,1,0,0,1,0,Competitive Programming (DSA)
0,0,0,1,0,0,0,0,1,Backend Development (Java)
1,1,1,1,0,0,1,0,1,Full Stack Web Development
0,0,0,0,0,1,0,0,1,Python Programming
0,0,0,0,0,0,0,0,1,Python Programming
0,0,0,0,0,1,0,0,1,Python Programming
0,0,0,1,0,0,1,0,0,Backend Development (Java)
0,0,0,1,0,0,1,0,0,Backend Development (Java)
0,0,0,0,0,1,1,0,0,Data Science
0,0,0,0,1,0,1,0,1,Backend Development (PHP)
0,0,0,0,0,0,1,0,0,Database Administration
1,0,0,0,1,1,1,0,0,Full Stack Web Development
0,0,0,0,0,0,1,0,0,Database Administration
0,0,0,0,1,0,0,0,0,Backend Development (PHP)
0,1,0,1,0,1,1,1,0,Competitive Programming (DSA)
0,0,0,0,0,0,1,0,1,Database Administration
0,0,0,0,0,1,1,0,0,Data Science
1,0,0,0,1,0,0,1,1,Competitive Programming (DSA)
0,0,0,0,1,0,1,0,1,Backend Development (PHP)
1,0,1,0,0,0,0,0,1,Frontend Web Development
0,0,0,0,0,0,1,0,0,Database Administration
0,0,0,0,0,1,1,0,1,Data Science
0,0,1,0,0,1,1,0,0,Frontend Web Development
0,0,0,0,1,1,1,0,1,Backend Development (PHP)
0,0,0,1,1,0,0,0,0,Backend Development (PHP)
0,0,0,0,0,1,0,0,0,Python Programming
0,0,0,0,0,1,0,0,1,Python Programming
1,0,0,0,0,1,0,0,0,Frontend Web Development
0,1,1,0,0,1,0,0,0,Frontend Web Development
1,0,1,0,1,1,0,0,0,Full Stack Web Development
0,0,0,1,1,1,1,0,0,Backend Development (PHP)
0,0,0,1,1,0,0,0,1,Backend Development (PHP)
1,1,0,0,0,0,1,0,0,Frontend Web Development
0,0,0,0,0,0,1,0,0,Database Administration
0,0,0,0,0,1,1,0,0,Data Science
0,0,0,0,0,1,1,0,0,Data Science
0,0,0,0,0,0,0,0,1,Python Programming
0,1,0,0,0,0,1,0,0,Frontend Web Development
0,0,1,0,0,1,0,0,1,Frontend Web Development
0,1,1,0,0,0,0,0,0,Frontend Web Development
0,1,0,0,0,1,0,1,1,Competitive Programming (DSA)
1,0,1,0,0,1,0,1,0,Competitive Programming (DSA)
0,0,0,1,0,1,1,1,0,Competitive Programming (DSA)
0,0,0,1,0,0,0,0,1,Backend Development (Java)
0,1,1,1,0,1,1,1,0,Competitive Programming (DSA)
0,0,0,0,1,0,0,0,0,Backend Development (PHP)
1,1,1,0,0,1,0,0,0,Frontend Web Development
0,0,0,0,0,1,1,0,0,Data Science
0,0,0,0,1,0,1,0,0,Backend Development (PHP)
1,1,1,1,0,0,0,0,0,Full Stack Web Development
0,0,0,0,1,1,0,0,1,Backend Development (PHP)
1,1,1,0,1,1,1,0,0,Full Stack Web Development
0,0,0,0,0,0,1,0,0,Database Administration
0,0,0,0,0,1,1,0,1,Data Science
0,0,0,0,0,0,0,0,1,Python Programming
0,0,0,0,0,1,1,0,0,Data Science
0,1,0,0,0,1,1,0,0,Frontend Web Development
0,0,0,0,1,1,0,0,0,Backend Development (PHP)
1,1,1,0,1,1,0,0,0,Full Stack Web Development
0,0,0,0,0,0,0,0,0,Python Programming
0,0,0,0,0,1,1,0,1,Data Science
0,0,0,0,0,0,0,0,1,Python Programming
0,1,1,1,1,1,0,1,0,Competitive Programming (DSA)
0,0,0,0,0,0,0,0,1,Python Programming
0,0,0,1,1,1,1,0,1,Backend Development (PHP)
0,0,0,0,0,0,0,0,0,Python Programming
0,0,0,1,0,0,1,0,0,Backend Development (Java)
0,0,0,0,0,0,1,0,1,Database Administration
0,0,0,1,1,0,0,0,0,Backend Development (PHP)
0,0,0,1,1,1,1,0,1,Backend Development (PHP)
0,0,0,0,1,0,0,0,1,Backend Development (PHP)
0,1,0,0,1,1,0,1,0,Competitive Programming (DSA)
0,0,0,0,0,1,1,0,1,Data Science
0,0,0,1,0,1,0,0,1,Backend Development (Java)
0,0,0,0,0,1,0,0,0,Python Programming
0,0,0,0,1,0,0,0,1,Backend Development (PHP)
0,0,0,0,0,1,1,0,0,Data Science
0,0,0,1,0,0,0,0,1,Backend Development (Java)
0,0,0,0,0,1,0,0,0,Python Programming
0,0,1,1,0,0,0,1,1,Competitive Programming (DSA)
0,0,0,0,0,1,1,0,0,Data Science
1,1,1,0,0,0,0,0,1,Frontend Web Development
1,0,0,1,0,0,0,1,1,Competitive Programming (DSA)
0,0,0,0,0,0,1,0,0,Database Administration
0,0,0,0,0,1,1,0,0,Data Science
0,0,0,0,0,0,1,0,0,Database Administration
0,0,0,0,0,0,1,0,0,Database Administration
0,1,0,0,0,1,1,1,0,Competitive Programming (DSA)
0,0,0,1,1,0,0,0,1,Backend Development (PHP)
0,0,0,1,1,0,0,0,1,Backend Development (PHP)
0,0,0,0,1,0,0,0,1,Backend Development (PHP)
0,0,0,0,1,0,0,0,1,Backend Development (PHP)
0,0,0,0,0,0,0,0,0,Python Programming
0,0,0,0,1,1,1,0,1,Backend Development (PHP)
0,0,0,1,0,1,0,0,0,Backend Development (Java)
0,1,0,0,0,1,1,1,0,Competitive Programming (DSA)
0,1,0,0,1,0,1,0,1,Full Stack Web Development
0,0,0,1,0,0,1,0,0,Backend Development (Java)
0,0,0,1,0,0,0,0,0,Backend Development (Java)
0,0,0,0,0,0,1,0,0,Database Administration
0,0,0,0,1,1,0,0,1,Backend Development (PHP)
1,0,0,0,0,1,0,0,1,Frontend Web Development
0,0,0,0,0,0,0,0,0,Python Programming
0,0,1,0,0,0,0,1,0,Competitive Programming (DSA)
1,1,1,1,0,1,0,1,0,Competitive Programming (DSA)
1,1,0,0,0,0,0,0,1,Frontend Web Development
0,0,0,0,0,0,1,0,0,Database Administration
1,0,1,0,1,1,1,0,1,Full Stack Web Development
1,0,1,0,1,0,1,0,1,Full Stack Web Development
0,0,0,1,1,0,1,0,0,Backend Development (PHP)
0,0,0,0,0,0,1,0,0,Database Administration
0,0,0,1,1,0,0,0,1,Backend Development (PHP)
0,0,0,0,0,1,1,0,1,Data Science
0,0,0,0,0,1,1,0,1,Data Science
0,0,0,1,0,1,1,0,0,Backend Development (Java)
0,1,1,0,0,1,1,0,0,Frontend Web Development
0,0,0,1,0,1,0,0,1,Backend Development (Java)
1,0,1,0,0,1,0,0,1,Frontend Web Development
0,0,0,0,0,1,0,0,1,Python Programming
1,1,0,0,0,0,1,0,0,Frontend Web Development
1,1,1,0,1,0,1,0,0,Full Stack Web Development
0,0,0,1,0,0,1,0,0,Backend Development (Java)
0,0,0,0,0,0,0,0,0,Python Programming
0,0,0,1,0,1,0,0,1,Backend Development (Java)
0,0,0,0,0,0,1,0,1,Database Administration
0,0,0,1,0,1,1,0,1,Backend Development (Java)
0,0,0,1,1,1,0,0,0,Backend Development (PHP)
0,0,0,0,0,1,1,0,1,Data Science
0,1,1,0,0,0,1,1,0,Competitive Programming (DSA)
0,0,0,0,0,1,1,0,0,Data Science
0,0,0,0,1,0,0,0,0,Backend Development (PHP)
0,0,1,0,0,0,1,1,1,Competitive Programming (DSA)
0,0,1,0,0,0,1,0,0,Frontend Web Development
0,0,0,1,1,1,1,0,0,Backend Development (PHP)
1,0,1,0,0,0,0,1,0,Competitive Programming (DSA)
0,0,0,1,1,1,0,0,1,Backend Development (PHP)
0,0,0,0,0,1,0,0,1,Python Programming
1,0,1,1,0,1,1,0,1,Full Stack Web Development
0,0,0,0,0,1,1,0,1,Data Science
0,0,0,0,0,1,1,0,0,Data Science
0,0,0,0,0,0,0,0,0,Python Programming
0,0,0,0,0,1,1,0,0,Data Science
0,0,0,0,0,1,0,0,1,Python Programming
0,0,0,0,0,1,1,0,1,Data Science
1,0,1,0,0,1,0,0,1,Frontend Web Development
0,0,0,0,0,1,1,0,1,Data Science
0,0,0,1,1,0,1,1,0,Competitive Programming (DSA)
0,1,1,0,0,0,1,1,0,Competitive Programming (DSA)
0,0,0,0,0,0,0,0,0,Python Programming
0,0,1,0,0,1,0,0,0,Frontend Web Development
0,0,0,1,0,1,1,0,0,Backend Development (Java)
0,1,1,1,1,1,1,1,1,Competitive Programming (DSA)
0,0,0,1,1,0,1,0,1,Backend Development (PHP)
0,0,0,0,0,0,1,0,1,Database Administration
1,1,0,0,0,0,0,0,0,Frontend Web Development
0,1,1,0,0,0,0,0,1,Frontend Web Development
0,0,0,1,0,1,0,0,1,Backend Development (Java)
0,0,0,0,0,1,1,0,1,Data Science
1,1,1,1,0,0,0,0,0,Full Stack Web Development
0,0,0,0,0,0,1,0,0,Database Administration
1,0,0,0,0,1,0,0,0,Frontend Web Development
0,1,1,0,0,0,0,0,1,Frontend Web Development
1,1,0,1,1,1,1,0,1,Full Stack Web Development
0,0,0,0,0,1,0,0,1,Python Programming
0,0,1,1,1,0,1,0,0,Full Stack Web Development
0,0,0,0,0,1,1,0,1,Data Science
1,0,1,0,1,0,1,1,0,Competitive Programming (DSA)
0,0,1,0,0,0,1,0,0,Frontend Web Development
1,0,1,0,0,1,0,0,1,Frontend Web Development
0,0,0,0,0,0,1,0,0,Database Administration
0,0,0,0,0,1,1,0,1,Data Science
0,0,0,1,0,1,1,0,0,Backend Development (Java)
0,0,0,0,0,0,1,0,1,Database Administration
0,0,0,0,0,1,1,0,0,Data Science
0,0,0,1,1,1,1,0,0,Backend Development (PHP)
0,0,0,0,0,0,1,0,1,Database Administration
0,0,0,0,0,0,1,0,0,Database Administration
0,1,1,0,0,1,0,0,0,Frontend Web Development
0,0,1,0,1,1,0,1,0,Competitive Programming (DSA)
0,0,0,0,0,0,1,0,1,Database Administration
1,0,1,0,1,1,1,1,1,Competitive Programming (DSA)
0,1,0,0,0,1,0,0,1,Frontend Web Development
0,1,0,1,1,1,1,0,1,Full Stack Web Development
1,0,1,1,0,0,1,0,1,Full Stack Web Development
0,0,0,0,1,1,0,0,1,Backend Development (PHP)
0,0,0,0,0,1,0,0,1,Python Programming
0,0,0,0,0,1,0,0,1,Python Programming
0,0,0,0,0,1,0,0,0,Python Programming
1,0,1,0,0,0,1,1,0,Competitive Programming (DSA)
0,0,0,0,0,0,1,0,0,Database Administration
1,0,1,0,0,0,0,0,0,Frontend Web Development
0,0,0,1,0,0,1,0,1,Backend Development (Java)
1,0,0,0,1,0,1,0,1,Full Stack Web Development
0,0,0,1,1,1,1,0,0,Backend Development (PHP)
0,0,0,0,0,0,1,0,0,Database Administration
0,0,0,0,0,0,1,0,1,Database Administration
0,0,0,0,0,1,1,0,0,Data Science
0,0,0,1,0,1,1,0,1,Backend Development (Java)
0,0,0,0,1,0,0,0,1,Backend Development (PHP)
1,1,1,0,0,0,1,1,0,Competitive Programming (DSA)
1,1,1,0,0,0,1,0,0,Frontend Web Development
0,0,0,0,0,1,1,0,1,Data Science
1,1,1,0,1,0,0,0,0,Full Stack Web Development
0,0,0,0,0,0,1,0,1,Database Administration
0,1,1,0,0,0,1,0,0,Frontend Web Development
0,0,0,0,0,0,0,0,1,Python Programming
0,0,0,0,0,1,0,0,1,Python Programming
0,1,1,0,0,0,0,0,1,Frontend Web Development
0,1,1,0,0,0,0,1,0,Competitive Programming (DSA)
1,1,1,0,1,1,1,1,0,Competitive Programming (DSA)
1,1,0,0,0,1,0,0,0,Frontend Web Development
0,0,0,1,1,0,1,0,1,Backend Development (PHP)
0,0,0,1,0,0,1,0,1,Backend Development (Java)
0,1,0,1,1,0,1,0,1,Full Stack Web Development
0,0,0,1,0,1,0,0,0,Backend Development (Java)
0,1,1,0,1,1,1,1,1,Competitive Programming (DSA)
0,0,0,1,1,0,0,0,0,Backend Development (PHP)
0,0,0,1,0,1,0,0,0,Backend Development (Java)
0,0,0,1,0,1,0,0,1,Backend Development (Java)
0,0,0,1,0,0,0,0,0,Backend Development (Java)
0,0,0,1,1,0,1,0,1,Backend Development (PHP)
0,0,0,1,0,1,1,0,1,Backend Development (Java)
0,0,0,1,1,0,1,0,0,Backend Development (PHP)
0,1,0,0,1,0,0,0,0,Full Stack Web Development
0,0,0,0,0,1,1,0,1,Data Science
0,0,0,0,0,1,1,0,1,Data Science
0,0,0,0,1,1,0,0,0,Backend Development (PHP)
0,1,0,0,0,1,1,1,0,Competitive Programming (DSA)
0,0,0,0,0,1,1,0,1,Data Science
0,0,0,0,0,1,0,0,0,Python Programming
0,1,1,0,0,0,1,0,0,Frontend Web Development
0,0,0,1,0,0,1,0,1,Backend Development (Java)
0,0,0,0,1,0,0,0,0,Backend Development (PHP)
0,0,0,0,0,0,1,0,0,Database Administration
0,0,0,0,0,1,0,0,0,Python Programming
1,1,1,0,0,1,1,0,0,Frontend Web Development
0,1,0,1,1,0,0,0,0,Full Stack Web Development
0,0,0,1,0,1,1,0,1,Backend Development (Java)
1,1,1,0,0,1,0,0,0,Frontend Web Development
0,1,1,0,0,0,0,0,0,Frontend Web Development
1,0,0,1,0,0,1,0,1,Full Stack Web Development
0,0,0,1,0,1,1,0,0,Backend Development (Java)
0,0,0,0,0,0,1,0,0,Database Administration
0,0,0,0,0,1,1,0,0,Data Science
0,0,0,0,0,1,0,0,1,Python Programming
0,0,0,0,0,0,1,0,0,Database Administration
1,1,1,1,1,0,1,0,0,Full Stack Web Development
1,0,1,0,0,1,1,0,1,Full Stack Web Development
1,1,1,1,0,0,0,1,1,Competitive Programming (DSA)
0,0,0,0,0,1,1,0,1,Data Science
0,0,0,1,1,0,1,0,1,Backend Development (PHP)
0,0,0,0,0,1,1,0,1,Data Science
0,0,0,0,1,0,0,1,1,Competitive Programming (DSA)
0,0,0,0,0,1,1,0,1,Data Science
0,0,0,0,0,1,1,0,0,Data Science
0,1,1,1,1,0,1,1,0,Competitive Programming (DSA)
0,0,0,0,0,1,1,0,1,Data Science
0,1,1,1,0,1,1,0,0,Full Stack Web Development
0,0,0,0,0,1,0,0,0,Python Programming
0,0,0,1,1,0,1,0,1,Backend Development (PHP)
0,1,1,1,0,0,0,0,0,Full Stack Web Development
0,0,0,0,0,0,0,0,0,Python Programming
1,1,1,0,1,0,0,0,0,Full Stack Web Development
1,0,1,1,0,0,0,1,1,Competitive Programming (DSA)
0,0,0,0,0,0,1,0,0,Database Administration
0,0,0,0,0,1,1,0,1,Data Science
0,0,0,0,1,1,1,0,1,Backend Development (PHP)
0,0,0,1,0,1,1,0,0,Backend Development (Java)
0,0,0,1,0,1,1,0,1,Backend Development (Java)
0,0,0,0,0,1,1,0,0,Data Science
0,0,0,1,0,1,0,0,1,Backend Development (Java)
0,0,0,1,0,0,0,0,1,Backend Development (Java)
0,0,0,1,0,0,1,0,0,Backend Development (Java)
0,0,0,0,1,1,0,0,0,Backend Development (PHP)
1,1,0,1,1,0,0,0,1,Full Stack Web Development
0,0,0,0,1,1,0,0,1,Backend Development (PHP)
0,0,0,0,0,1,1,0,0,Data Science
0,1,1,0,0,1,0,1,0,Competitive Programming (DSA)
0,1,1,0,0,0,0,0,1,Frontend Web Development
0,0,0,0,1,0,0,0,1,Backend Development (PHP)
0,0,0,0,1,0,0,0,1,Backend Development (PHP)
1,0,0,0,0,1,0,1,1,Competitive Programming (DSA)
0,1,0,0,0,1,0,0,0,Frontend Web Development
0,1,0,0,1,1,0,1,0,Competitive Programming (DSA)
0,0,0,0,0,0,0,0,0,Python Programming
0,0,0,0,0,1,1,0,1,Data Science
1,0,0,0,0,0,0,0,0,Frontend Web Development
0,0,0,1,0,1,0,0,1,Backend Development (Java)
0,0,0,1,0,0,0,0,0,Backend Development (Java)
0,0,0,0,0,0,1,0,0,Database Administration
0,0,0,0,0,0,1,0,0,Database Administration
0,0,0,0,0,0,0,0,0,Python Programming
0,0,0,0,0,1,1,0,0,Data Science
0,0,0,1,0,1,1,0,0,Backend Development (Java)
0,0,0,0,0,0,0,0,1,Python Programming
0,0,0,0,0,0,1,0,0,Database Administration
0,0,0,0,0,1,1,0,0,Data Science
0,0,0,1,0,1,0,0,0,Backend Development (Java)
0,0,0,0,1,0,0,0,1,Backend Development (PHP)
0,1,1,0,0,1,1,0,0,Frontend Web Development
0,0,0,0,0,1,1,0,0,Data Science
0,1,0,1,1,1,0,1,1,Competitive Programming (DSA)
0,0,0,1,1,0,1,0,0,Backend Development (PHP)
0,0,0,0,0,0,1,0,1,Database Administration
0,0,0,0,0,0,0,0,1,Python Programming
0,1,0,0,0,1,1,0,0,Frontend Web Development
0,0,0,0,0,0,1,0,1,Database Administration
0,1,1,1,0,0,0,1,1,Competitive Programming (DSA)
0,1,0,0,0,1,1,0,0,Frontend Web Development
0,0,0,0,0,1,1,0,1,Data Science
0,0,0,0,0,0,0,0,0,Python Programming
0,0,1,0,0,0,0,0,0,Frontend Web Development
1,1,0,0,0,1,0,0,1,Frontend Web Development
0,0,0,0,0,0,0,0,1,Python Programming
0,0,0,1,1,0,1,0,0,Backend Development (PHP)
0,0,0,0,0,0,1,0,1,Database Administration
0,0,0,0,0,0,0,0,0,Python Programming
0,0,0,1,1,0,0,0,0,Backend Development (PHP)
0,0,0,0,0,1,1,0,1,Data Science
0,0,0,0,0,1,1,0,1,Data Science
0,1,1,0,0,0,0,0,0,Frontend Web Development
0,0,0,1,1,0,1,0,1,Backend Development (PHP)
0,0,0,0,0,0,1,0,1,Database Administration
0,0,0,0,0,1,0,0,1,Python Programming
0,0,0,0,0,0,0,0,1,Python Programming
0,0,0,0,0,0,1,0,0,Database Administration
1,0,1,1,0,0,0,1,1,Competitive Programming (DSA)
1,1,0,0,0,1,0,0,1,Frontend Web Development
1,0,1,0,0,0,0,0,0,Frontend Web Development
1,0,0,0,0,1,0,0,0,Frontend Web Development
0,0,0,0,0,0,1,0,1,Database Administration
1,1,0,0,0,1,0,1,1,Competitive Programming (DSA)
1,0,1,0,1,1,0,0,0,Full Stack Web Development
0,0,0,1,1,1,1,0,0,Backend Development (PHP)
0,0,0,0,1,1,0,0,0,Backend Development (PHP)
0,0,0,0,0,0,1,0,0,Database Administration
1,0,0,1,0,1,0,1,0,Competitive Programming (DSA)
1,1,1,1,1,0,1,0,0,Full Stack Web Development
0,1,1,0,0,0,0,0,0,Frontend Web Development
0,0,0,0,0,1,0,0,1,Python Programming
0,0,0,1,0,1,1,0,1,Backend Development (Java)
1,0,0,1,0,0,0,0,0,Full Stack Web Development
0,0,0,0,0,0,1,0,1,Database Administration
0,1,0,0,0,0,0,0,0,Frontend Web Development
0,0,0,0,1,1,1,0,0,Backend Development (PHP)
1,1,0,1,1,0,1,1,1,Competitive Programming (DSA)
0,0,0,0,1,1,1,0,0,Backend Development (PHP)
0,0,0,0,0,0,1,0,0,Database Administration
0,0,0,0,0,0,1,0,0,Database Administration
0,0,0,0,0,0,0,0,1,Python Programming
0,0,0,0,1,0,1,0,1,Backend Development (PHP)
1,0,0,0,1,1,0,0,1,Full Stack Web Development
0,0,0,0,0,0,1,0,1,Database Administration
0,0,0,1,0,0,1,0,0,Backend Development (Java)
0,0,0,0,0,1,1,0,0,Data Science
0,0,0,0,0,0,1,0,0,Database Administration
0,0,0,0,0,0,1,0,1,Database Administration
0,0,0,0,0,0,0,0,0,Python Programming
0,0,0,1,0,1,1,0,0,Backend Development (Java)
0,0,0,0,1,1,0,0,1,Backend Development (PHP)
0,0,0,0,0,1,1,0,1,Data Science
1,0,1,1,0,0,1,1,0,Competitive Programming (DSA)
1,0,1,0,1,1,1,1,0,Competitive Programming (DSA)
0,0,0,1,0,0,1,0,1,Backend Development (Java)
1,0,1,0,1,0,0,1,1,Competitive Programming (DSA)
1,0,0,0,0,0,1,0,0,Frontend Web Development
0,0,0,0,0,0,1,0,1,Database Administration
0,0,0,1,0,1,0,0,0,Backend Development (Java)
0,1,0,1,0,1,0,1,1,Competitive Programming (DSA)
0,0,0,0,0,1,0,0,1,Python Programming
0,0,0,0,0,1,1,0,1,Data Science
0,0,0,0,0,1,1,0,1,Data Science
0,0,0,1,1,1,0,0,1,Backend Development (PHP)
0,0,0,0,0,0,1,0,1,Database Administration
0,0,0,1,1,0,1,0,1,Backend Development (PHP)
0,0,0,1,1,1,1,0,0,Backend Development (PHP)
0,0,0,0,1,1,0,0,1,Backend Development (PHP)
0,0,0,0,1,1,1,0,1,Backend Development (PHP)
1,1,1,0,0,1,0,0,0,Frontend Web Development
0,0,0,0,0,1,1,0,0,Data Science
0,0,0,0,0,0,1,0,0,Database Administration
0,0,0,1,1,1,0,0,1,Backend Development (PHP)
0,0,0,0,0,1,1,0,1,Data Science
0,0,0,1,0,0,0,0,1,Backend Development (Java)
0,0,0,0,0,1,0,0,0,Python Programming
0,0,0,0,0,0,0,0,0,Python Programming
0,0,1,1,0,0,1,1,0,Competitive Programming (DSA)
0,0,0,0,0,1,1,0,1,Data Science
0,1,1,1,1,1,0,0,0,Full Stack Web Development
0,0,0,0,1,0,0,0,0,Backend Development (PHP)
0,0,0,0,0,0,1,0,0,Database Administration
0,0,0,0,0,0,1,0,0,Database Administration
0,0,0,0,0,1,1,0,1,Data Science
0,1,0,0,0,1,1,0,0,Frontend Web Development
1,1,1,1,0,1,0,0,1,Full Stack Web Development
0,1,0,1,1,0,0,0,1,Full Stack Web Development
0,1,0,1,0,0,0,1,1,Competitive Programming (DSA)
0,0,0,1,0,1,0,0,1,Backend Development (Java)
0,0,0,1,0,0,1,0,0,Backend Development (Java)
0,0,0,0,0,0,1,0,1,Database Administration
0,0,0,1,1,0,0,0,0,Backend Development (PHP)
0,1,1,1,0,0,1,0,1,Full Stack Web Development
1,0,0,0,0,1,0,0,0,Frontend Web Development
1,0,0,0,1,1,0,1,0,Competitive Programming (DSA)
0,0,0,0,1,1,1,0,0,Backend Development (PHP)
0,0,0,0,0,0,0,0,0,Python Programming
0,0,0,0,0,1,0,0,0,Python Programming
1,0,0,1,1,1,0,0,0,Full Stack Web Development
0,0,0,0,1,0,0,0,1,Backend Development (PHP)
0,0,0,0,0,1,1,0,1,Data Science
0,0,0,0,0,0,1,0,1,Database Administration
1,0,0,0,0,1,0,0,0,Frontend Web Development
0,0,0,0,0,1,1,0,1,Data Science
0,0,0,0,0,0,1,0,0,Database Administration
0,1,1,0,0,1,1,1,1,Competitive Programming (DSA)
1,1,0,0,0,0,1,1,0,Competitive Programming (DSA)
0,1,1,0,0,1,0,1,0,Competitive Programming (DSA)
0,0,0,0,0,1,1,0,1,Data Science
1,0,1,0,0,0,1,1,1,Competitive Programming (DSA)
1,0,1,0,0,0,1,0,0,Frontend Web Development
0,0,0,0,0,0,1,0,0,Database Administration
0,0,0,0,0,0,1,0,0,Database Administration
0,0,1,0,1,1,1,0,0,Full Stack Web Development
0,0,0,1,0,1,1,0,0,Backend Development (Java)
1,0,0,1,0,0,1,0,1,Full Stack Web Development
0,0,0,0,0,1,1,0,0,Data Science
0,0,0,0,1,1,0,0,1,Backend Development (PHP)
0,0,0,0,0,1,1,0,1,Data Science
1,0,0,0,0,1,1,0,0,Frontend Web Development
0,0,0,1,0,0,0,0,1,Backend Development (Java)
0,0,0,0,1,1,1,0,0,Backend Development (PHP)
1,1,0,0,0,0,0,0,0,Frontend Web Development
0,0,0,0,1,1,1,0,1,Backend Development (PHP)
0,0,0,0,0,0,0,0,0,Python Programming
0,0,0,0,1,0,1,0,0,Backend Development (PHP)
1,1,0,0,0,1,0,0,0,Frontend Web Development
1,0,1,0,0,0,0,0,0,Frontend Web Development
0,1,0,0,0,1,0,0,0,Frontend Web Development
0,0,0,0,0,0,0,0,1,Python Programming
0,1,0,1,1,1,0,1,1,Competitive Programming (DSA)
0,0,0,0,0,0,0,1,0,Competitive Programming (DSA)
1,0,0,0,0,0,0,0,0,Frontend Web Development
1,1,0,1,1,0,0,1,0,Competitive Programming (DSA)
0,0,0,1,0,1,1,0,0,Backend Development (Java)
1,0,1,0,1,1,1,1,0,Competitive Programming (DSA)
0,0,0,0,0,1,1,0,0,Data Science
0,0,0,0,1,0,1,0,0,Backend Development (PHP)
0,0,0,0,0,1,1,0,0,Data Science
0,0,0,0,1,1,0,0,0,Backend Development (PHP)
1,1,0,1,0,0,0,0,0,Full Stack Web Development
1,0,1,0,1,0,0,1,1,Competitive Programming (DSA)
0,0,0,0,0,0,1,0,0,Database Administration
0,0,0,0,1,0,0,0,0,Backend Development (PHP)
0,0,0,0,0,1,1,0,0,Data Science
0,0,0,0,0,0,0,0,0,Python Programming
0,0,0,1,1,0,0,0,0,Backend Development (PHP)
0,0,0,0,0,1,1,0,1,Data Science
0,0,0,1,1,0,1,0,0,Backend Development (PHP)
0,0,0,0,1,1,0,0,1,Backend Development (PHP)
0,0,0,0,0,1,0,0,0,Python Programming
1,0,1,1,1,1,0,1,0,Competitive Programming (DSA)
0,0,0,0,0,0,0,0,0,Python Programming
0,0,0,0,0,1,0,0,0,Python Programming
0,0,0,0,0,1,1,0,0,Data Science
0,0,0,0,0,0,0,0,1,Python Programming
0,0,0,0,0,1,1,0,1,Data Science
0,0,0,1,0,1,1,0,1,Backend Development (Java)
0,0,0,1,0,0,0,0,1,Backend Development (Java)
0,0,0,0,0,0,1,0,0,Database Administration
0,0,0,0,0,0,1,0,0,Database Administration
0,0,0,0,0,1,0,0,1,Python Programming
0,0,0,0,0,1,1,0,1,Data Science
0,0,0,0,1,0,1,0,1,Backend Development (PHP)
1,0,0,0,1,1,0,0,0,Full Stack Web Development
0,0,0,0,0,0,1,0,0,Database Administration
0,0,0,0,0,0,0,0,0,Python Programming
0,0,0,1,0,1,0,0,1,Backend Development (Java)
1,0,1,0,0,1,0,0,0,Frontend Web Development
0,0,1,0,1,0,0,0,1,Full Stack Web Development
0,0,0,0,0,1,1,0,1,Data Science
0,0,0,0,0,1,0,0,1,Python Programming
0,1,1,0,1,0,1,0,1,Full Stack Web Development
0,0,0,0,0,0,1,0,1,Database Administration
0,0,0,0,1,1,0,0,0,Backend Development (PHP)
1,1,1,1,0,0,0,1,1,Competitive Programming (DSA)
0,0,0,0,1,1,1,0,1,Backend Development (PHP)
0,0,0,0,0,1,1,0,0,Data Science
0,0,0,0,0,1,0,0,1,Python Programming
0,1,1,1,1,1,1,1,1,Competitive Programming (DSA)
0,0,0,1,0,1,1,0,1,Backend Development (Java)
0,0,0,0,0,0,1,0,0,Database Administration
1,0,1,0,0,1,0,0,0,Frontend Web Development
0,0,0,1,0,0,0,0,1,Backend Development (Java)
0,0,0,0,1,1,0,0,0,Backend Development (PHP)
0,0,0,0,1,1,1,0,0,Backend Development (PHP)
0,0,0,0,0,0,1,0,1,Database Administration
0,0,0,0,0,1,0,0,1,Python Programming
0,0,0,1,1,0,1,1,0,Competitive Programming (DSA)
1,1,0,1,0,0,1,0,0,Full Stack Web Development
0,0,0,0,0,0,1,0,1,Database Administration
0,0,0,0,0,0,1,0,0,Database Administration
0,0,0,0,1,0,0,0,0,Backend Development (PHP)
0,0,0,0,0,0,1,0,0,Database Administration
0,0,0,0,0,1,1,0,0,Data Science
0,0,0,1,0,0,1,0,1,Backend Development (Java)
1,1,1,0,0,0,0,0,0,Frontend Web Development
1,1,0,0,0,0,0,0,1,Frontend Web Development
0,0,0,0,0,0,1,0,1,Database Administration
0,0,0,0,0,0,0,0,1,Python Programming
0,0,0,0,0,1,0,0,0,Python Programming
0,0,0,1,0,1,0,0,1,Backend Development (Java)
0,0,0,0,0,0,1,0,0,Database Administration
0,0,0,0,0,0,1,0,1,Database Administration
0,0,0,1,0,0,1,0,1,Backend Development (Java)
0,0,0,0,0,0,0,0,1,Python Programming
0,1,1,0,0,1,0,0,0,Frontend Web Development
0,1,1,1,0,0,0,0,0,Full Stack Web Development
0,0,0,1,1,1,1,0,1,Backend Development (PHP)
0,0,0,0,0,0,0,0,1,Python Programming
1,1,1,0,1,1,0,1,0,Competitive Programming (DSA)
0,1,1,1,1,0,1,0,0,Full Stack Web Development
0,0,0,1,0,1,1,0,1,Backend Development (Java)
0,0,0,0,1,1,0,0,0,Backend Development (PHP)
1,0,1,0,0,1,0,0,0,Frontend Web Development
1,0,0,1,1,0,0,0,0,Full Stack Web Development
1,0,1,0,0,0,1,0,0,Frontend Web Development
0,1,1,0,0,1,1,0,0,Frontend Web Development
0,0,0,1,1,1,1,0,0,Backend Development (PHP)
0,1,1,1,1,1,1,1,1,Competitive Programming (DSA)
0,0,0,0,0,1,1,0,0,Data Science
0,0,0,0,0,0,1,0,0,Database Administration
0,0,0,1,1,1,1,0,0,Backend Development (PHP)
0,0,0,0,0,0,1,0,1,Database Administration
0,0,0,0,0,1,0,0,1,Python Programming
0,0,0,1,0,1,1,0,1,Backend Development (Java)
0,0,1,1,1,0,1,1,1,Competitive Programming (DSA)
0,0,0,0,0,0,1,0,0,Database Administration
0,0,0,0,1,1,1,0,1,Backend Development (PHP)
0,0,0,0,0,1,1,0,0,Data Science
0,0,0,0,0,0,0,0,1,Python Programming
0,0,0,0,0,0,1,0,0,Database Administration
1,1,0,0,0,1,1,1,0,Competitive Programming (DSA)
0,0,0,0,0,0,1,0,0,Database Administration
1,0,1,0,0,1,0,0,0,Frontend Web Development
0,0,0,0,0,0,0,0,0,Python Programming
0,0,0,1,1,0,0,0,1,Backend Development (PHP)
0,0,0,1,0,0,1,1,1,Competitive Programming (DSA)
1,1,0,1,1,0,1,1,0,Competitive Programming (DSA)
0,0,0,1,0,1,0,0,1,Backend Development (Java)
0,0,0,0,0,0,0,0,1,Python Programming
1,1,0,1,1,1,1,0,0,Full Stack Web Development
0,0,0,0,0,1,1,0,1,Data Science
0,0,0,0,0,0,0,1,1,Competitive Programming (DSA)
0,1,1,1,1,0,1,0,1,Full Stack Web Development
0,0,0,0,0,1,1,0,0,Data Science
0,0,0,0,0,1,1,0,1,Data Science
0,0,0,1,0,0,0,0,1,Backend Development (Java)
0,0,0,0,0,0,0,0,0,Python Programming
0,0,1,0,1,1,1,0,1,Full Stack Web Development
1,1,0,0,0,1,0,0,1,Frontend Web Development
0,0,0,0,0,1,1,0,0,Data Science
0,0,0,0,0,0,1,0,1,Database Administration
0,0,0,0,0,0,1,0,0,Database Administration
0,0,0,0,0,1,1,0,0,Data Science
0,0,0,0,0,1,1,0,0,Data Science
0,0,0,0,1,1,0,0,0,Backend Development (PHP)
0,0,1,0,0,0,1,0,0,Frontend Web Development
0,0,0,0,0,0,0,0,1,Python Programming
0,0,0,0,0,0,0,0,1,Python Programming
0,0,0,0,0,0,1,0,0,Database Administration
0,1,1,1,1,1,1,1,0,Competitive Programming (DSA)
1,1,1,0,0,1,1,0,0,Frontend Web Development
0,0,1,0,0,1,0,0,1,Frontend Web Development
0,0,0,0,0,0,1,0,1,Database Administration
1,0,1,0,1,0,0,1,0,Competitive Programming (DSA)
0,0,0,1,0,0,1,0,1,Backend Development (Java)
0,0,0,0,0,1,1,0,1,Data Science
1,0,1,0,1,0,1,1,1,Competitive Programming (DSA)
0,0,0,0,0,0,1,0,1,Database Administration
0,0,0,0,1,1,1,0,1,Backend Development (PHP)
0,0,0,1,1,0,1,0,1,Backend Development (PHP)
0,0,0,1,1,1,1,0,1,Backend Development (PHP)
1,1,0,1,0,1,1,1,0,Competitive Programming (DSA)
0,1,0,0,0,0,1,1,0,Competitive Programming (DSA)
0,0,0,0,0,0,0,0,1,Python Programming
0,1,1,1,0,1,1,1,1,Competitive Programming (DSA)
1,1,0,0,0,1,1,1,1,Competitive Programming (DSA)
0,0,0,0,0,1,0,0,0,Python Programming
0,0,0,0,0,1,0,0,1,Python Programming
0,0,0,0,0,1,0,0,0,Python Programming
0,0,1,1,1,0,1,0,0,Full Stack Web Development
1,1,1,0,0,0,0,1,0,Competitive Programming (DSA)
0,0,0,0,1,1,1,0,0,Backend Development (PHP)
0,0,0,0,0,0,0,0,0,Python Programming
1,1,0,0,0,1,0,0,1,Frontend Web Development
1,0,0,1,1,0,1,0,0,Full Stack Web Development
0,0,1,1,1,0,1,0,1,Full Stack Web Development
0,0,0,0,0,1,0,0,1,Python Programming
0,0,1,1,0,0,1,0,1,Full Stack Web Development
0,0,0,1,1,1,0,1,1,Competitive Programming (DSA)
1,0,1,0,1,0,1,0,0,Full Stack Web Development
1,1,0,1,1,1,0,1,1,Competitive Programming (DSA)
1,0,0,0,0,0,1,0,0,Frontend Web Development
0,0,0,0,0,1,1,0,1,Data Science
1,0,0,0,0,1,1,0,0,Frontend Web Development
0,0,0,0,0,0,0,0,1,Python Programming
0,0,1,0,0,1,0,0,0,Frontend Web Development
0,1,0,1,1,0,0,0,1,Full Stack Web Development
0,1,1,1,1,0,0,0,1,Full Stack Web Development
0,1,1,0,0,1,0,0,0,Frontend Web Development
0,0,1,1,1,1,0,0,0,Full Stack Web Development
0,0,0,0,0,1,0,0,0,Python Programming
1,0,1,1,0,0,0,1,1,Competitive Programming (DSA)
0,1,0,0,0,1,0,1,1,Competitive Programming (DSA)
0,0,0,0,0,0,1,0,0,Database Administration
1,0,0,0,1,0,0,1,1,Competitive Programming (DSA)
0,0,0,0,0,0,1,0,1,Database Administration
0,1,1,1,0,1,0,1,1,Competitive Programming (DSA)
0,0,0,0,0,0,0,0,0,Python Programming
0,0,0,0,0,1,1,0,0,Data Science
0,1,1,1,0,1,0,0,1,Full Stack Web Development
1,0,0,0,0,0,1,0,0,Frontend Web Development
0,0,0,0,1,1,1,0,1,Backend Development (PHP)
0,0,0,1,1,1,0,0,0,Backend Development (PHP)
0,0,0,0,0,0,1,0,1,Database Administration
0,0,0,1,1,1,0,0,0,Backend Development (PHP)
0,0,0,0,0,0,1,0,0,Database Administration
0,0,0,1,0,0,0,0,1,Backend Development (Java)
0,0,0,1,0,1,0,0,1,Backend Development (Java)
0,0,0,1,1,0,1,0,1,Backend Development (PHP)
1,1,0,0,0,1,0,0,1,Frontend Web Development
0,0,0,0,0,0,0,0,0,Python Programming
0,0,0,0,0,0,0,0,1,Python Programming
0,0,0,0,0,0,0,0,1,Python Programming
0,0,0,0,0,0,0,0,0,Python Programming
1,0,0,0,1,1,1,0,1,Full Stack Web Development
0,1,1,0,0,1,0,0,0,Frontend Web Development
0,0,0,0,0,0,1,0,1,Database Administration
0,0,0,0,0,0,1,0,1,Database Administration
1,1,0,0,1,1,0,1,0,Competitive Programming (DSA)
0,1,1,1,0,1,0,1,1,Competitive Programming (DSA)
0,0,0,1,0,0,0,0,0,Backend Development (Java)
0,0,0,0,0,0,0,0,1,Python Programming
1,1,0,1,1,0,1,1,0,Competitive Programming (DSA)
1,1,0,0,1,0,1,1,1,Competitive Programming (DSA)
0,0,0,1,0,0,1,0,1,Backend Development (Java)
1,0,0,0,1,1,1,1,1,Competitive Programming (DSA)
0,0,0,0,0,1,0,0,1,Python Programming
0,0,0,1,1,0,0,0,0,Backend Development (PHP)
1,1,1,1,0,0,0,0,0,Full Stack Web Development
0,0,0,0,0,1,0,0,0,Python Programming
0,0,1,1,1,0,1,0,0,Full Stack Web Development
0,0,0,0,0,1,1,0,1,Data Science
0,0,0,1,0,0,1,0,1,Backend Development (Java)
0,0,0,1,0,1,1,0,1,Backend Development (Java)
0,0,0,0,0,1,1,0,0,Data Science
1,0,0,0,1,0,0,0,1,Full Stack Web Development
1,0,1,0,1,0,0,1,0,Competitive Programming (DSA)
0,0,0,0,0,1,1,0,1,Data Science
0,0,1,0,1,0,1,0,1,Full Stack Web Development
1,1,0,0,0,1,0,0,1,Frontend Web Development
0,0,0,0,0,0,1,0,0,Database Administration
1,0,1,0,0,1,0,1,1,Competitive Programming (DSA)
0,0,0,1,1,0,1,0,1,Backend Development (PHP)
0,0,0,0,0,0,1,0,1,Database Administration
0,0,0,0,0,1,1,0,1,Data Science
0,0,0,0,0,0,0,0,1,Python Programming
1,0,1,0,1,0,0,1,1,Competitive Programming (DSA)
0,0,0,0,0,1,1,0,0,Data Science
0,0,0,1,0,1,1,0,0,Backend Development (Java)
0,0,0,1,1,1,1,0,0,Backend Development (PHP)
1,0,1,1,0,1,0,1,0,Competitive Programming (DSA)
0,0,0,1,0,0,1,0,0,Backend Development (Java)
1,1,1,0,1,0,0,0,1,Full Stack Web Development
0,1,1,0,0,1,1,1,0,Competitive Programming (DSA)
0,0,0,0,1,0,1,0,1,Backend Development (PHP)
0,0,1,0,0,1,1,0,0,Frontend Web Development
0,0,0,0,0,1,1,0,1,Data Science
0,0,0,1,0,0,1,0,1,Backend Development (Java)
0,0,0,1,0,1,0,0,1,Backend Development (Java)
0,0,0,0,0,0,1,0,0,Database Administration
0,0,0,0,0,1,1,0,0,Data Science
0,0,1,0,1,0,0,0,1,Full Stack Web Development
0,0,0,1,0,1,1,0,0,Backend Development (Java)
0,0,0,0,1,1,1,0,1,Backend Development (PHP)
1,0,1,0,0,0,1,0,0,Frontend Web Development
1,1,1,0,0,0,1,0,0,Frontend Web Development
0,0,0,1,1,0,1,0,1,Backend Development (PHP)
1,1,0,0,1,0,0,0,1,Full Stack Web Development
1,1,1,1,0,0,0,0,0,Full Stack Web Development
0,0,0,0,0,0,0,0,1,Python Programming
1,0,1,0,0,1,0,0,1,Frontend Web Development
0,0,0,0,0,0,1,0,1,Database Administration
0,0,0,0,0,0,1,0,0,Database Administration
0,0,0,0,0,0,0,0,0,Python Programming
1,1,1,0,1,0,0,0,0,Full Stack Web Development
1,0,1,0,0,0,0,0,1,Frontend Web Development
0,0,0,1,0,0,0,0,1,Backend Development (Java)
0,0,0,0,0,1,1,0,0,Data Science
0,0,0,0,0,0,0,0,0,Python Programming
1,0,1,1,0,1,1,0,1,Full Stack Web Development
0,0,0,0,0,0,1,0,0,Database Administration
0,0,0,0,0,0,0,0,1,Python Programming
0,1,0,0,0,1,0,0,1,Frontend Web Development
0,0,0,0,0,0,1,0,0,Database Administration
0,0,0,1,1,1,1,0,1,Backend Development (PHP)
1,1,0,1,1,0,1,1,0,Competitive Programming (DSA)
0,0,0,0,0,0,1,0,0,Database Administration
0,0,0,0,1,0,1,0,0,Backend Development (PHP)
0,0,0,0,1,0,1,0,1,Backend Development (PHP)
0,0,0,0,0,0,1,0,1,Database Administration
0,0,1,0,0,1,0,1,1,Competitive Programming (DSA)
1,0,0,0,0,0,1,0,0,Frontend Web Development
1,1,0,1,1,0,0,1,0,Competitive Programming (DSA)
0,0,0,0,0,1,1,0,0,Data Science
0,0,0,1,0,1,1,0,0,Backend Development (Java)
0,0,1,0,1,1,0,1,1,Competitive Programming (DSA)
0,0,0,0,0,0,0,0,0,Python Programming
1,1,1,1,1,1,1,1,0,Competitive Programming (DSA)
1,0,1,0,0,0,0,0,1,Frontend Web Development
0,1,0,1,0,1,1,0,0,Full Stack Web Development
0,1,1,0,0,0,1,0,1,Full Stack Web Development
0,0,0,0,0,1,0,0,1,Python Programming
0,0,1,0,1,0,1,1,0,Competitive Programming (DSA)
0,0,0,0,0,0,1,0,0,Database Administration
0,0,0,0,1,1,0,0,1,Backend Development (PHP)
0,0,0,1,0,0,0,0,0,Backend Development (Java)
1,0,1,0,0,0,0,0,1,Frontend Web Development
0,0,0,1,0,1,1,0,1,Backend Development (Java)
0,0,0,0,0,1,0,0,0,Python Programming
0,0,0,0,0,0,1,0,1,Database Administration
0,0,0,0,0,0,1,0,0,Database Administration
0,0,0,0,0,0,0,0,1,Python Programming
0,0,0,0,0,0,1,0,0,Database Administration
1,1,0,1,1,1,0,1,1,Competitive Programming (DSA)
1,0,0,0,0,0,1,0,0,Frontend Web Development
0,0,0,0,0,1,1,0,1,Data Science
0,0,1,1,1,0,0,0,0,Full Stack Web Development
0,0,0,0,0,1,1,0,1,Data Science
0,0,0,0,1,0,0,0,1,Backend Development (PHP)
1,1,0,0,0,0,0,0,0,Frontend Web Development
0,0,0,0,0,1,1,0,1,Data Science
0,0,0,0,0,1,0,1,0,Competitive Programming (DSA)
0,0,0,1,1,0,0,0,1,Backend Development (PHP)
0,1,0,0,1,0,1,0,1,Full Stack Web Development
1,1,1,0,1,0,0,0,1,Full Stack Web Development
0,0,1,1,0,0,0,1,0,Competitive Programming (DSA)
0,0,0,0,0,0,0,0,0,Python Programming
0,0,0,1,1,1,0,0,0,Backend Development (PHP)
1,1,0,1,0,1,1,0,1,Full Stack Web Development
0,0,0,0,0,0,1,0,1,Database Administration
0,0,0,0,0,1,0,0,0,Python Programming
0,0,0,0,0,0,1,0,1,Database Administration
0,1,0,1,0,0,0,0,1,Full Stack Web Development
0,0,0,0,0,0,1,0,1,Database Administration
0,0,0,0,0,1,0,0,1,Python Programming
0,0,0,1,1,0,0,0,0,Backend Development (PHP)
0,0,0,0,0,0,1,0,1,Database Administration
0,0,0,0,0,0,1,0,1,Database Administration
0,0,1,1,0,1,0,0,1,Full Stack Web Development
0,0,0,0,0,1,1,0,1,Data Science
0,0,0,0,0,1,1,0,1,Data Science
0,0,0,0,0,0,1,0,0,Database Administration
0,0,0,0,0,1,0,0,0,Python Programming
0,0,0,1,0,1,0,0,0,Backend Development (Java)
1,1,0,1,0,1,0,0,0,Full Stack Web Development
1,0,0,0,1,1,0,1,1,Competitive Programming (DSA)
0,0,0,1,0,1,0,0,1,Backend Development (Java)
0,0,0,0,0,0,1,0,0,Database Administration
1,0,0,0,0,0,1,1,0,Competitive Programming (DSA)
0,0,1,0,0,0,0,1,1,Competitive Programming (DSA)
1,1,1,1,0,0,0,1,1,Competitive Programming (DSA)
1,0,0,0,0,1,1,0,1,Full Stack Web Development
0,0,0,0,0,0,1,0,0,Database Administration
1,1,1,1,0,1,0,0,1,Full Stack Web Development
0,0,0,0,0,1,1,0,0,Data Science
0,0,0,0,0,1,0,0,0,Python Programming
0,0,0,0,1,0,1,0,1,Backend Development (PHP)
0,1,1,0,0,0,1,1,0,Competitive Programming (DSA)
1,1,0,1,1,0,1,1,1,Competitive Programming (DSA)
0,0,0,0,0,1,1,0,1,Data Science
0,0,0,0,0,0,0,0,0,Python Programming
0,1,0,1,0,0,0,0,1,Full Stack Web Development
1,0,1,1,0,0,1,1,1,Competitive Programming (DSA)
0,0,0,0,1,0,1,0,0,Backend Development (PHP)
0,0,0,0,0,1,0,0,1,Python Programming
0,0,0,0,1,0,0,0,1,Backend Development (PHP)
0,0,0,0,0,1,0,0,1,Python Programming
0,0,1,1,0,1,0,0,1,Full Stack Web Development
1,1,1,1,0,1,1,0,1,Full Stack Web Development
0,0,0,1,0,1,1,0,1,Backend Development (Java)
0,1,0,0,0,1,0,0,1,Frontend Web Development
1,0,0,0,1,0,1,0,1,Full Stack Web Development
0,0,0,0,0,1,1,0,0,Data Science
0,0,0,0,0,0,0,0,0,Python Programming
1,1,0,1,0,0,0,0,0,Full Stack Web Development
1,1,1,0,0,1,0,0,0,Frontend Web Development
1,1,1,0,1,1,0,0,1,Full Stack Web Development
0,0,0,1,0,0,0,0,0,Backend Development (Java)
0,0,0,1,0,0,0,0,1,Backend Development (Java)
0,0,1,0,1,1,0,0,1,Full Stack Web Development
0,0,0,0,0,0,1,0,1,Database Administration
0,1,0,1,1,0,0,0,0,Full Stack Web Development
0,0,0,0,0,1,1,0,1,Data Science
0,0,1,0,0,1,0,0,1,Frontend Web Development
1,1,0,0,0,0,0,1,1,Competitive Programming (DSA)
0,0,0,0,0,0,1,0,1,Database Administration
1,1,0,0,0,1,1,0,1,Full Stack Web Development
0,0,0,0,0,0,1,0,0,Database Administration
0,0,0,0,0,0,0,0,0,Python Programming
0,0,0,0,1,0,0,0,0,Backend Development (PHP)
0,0,0,1,1,0,1,0,0,Backend Development (PHP)
1,0,0,0,0,0,1,0,0,Frontend Web Development
0,0,0,1,1,1,0,0,0,Backend Development (PHP)
0,0,0,0,0,0,1,0,1,Database Administration
1,1,1,0,0,0,0,0,1,Frontend Web Development
0,0,0,0,0,0,0,0,0,Python Programming
0,0,0,1,0,1,0,0,1,Backend Development (Java)
0,0,0,1,0,0,1,0,0,Backend Development (Java)
0,0,0,0,0,1,1,0,1,Data Science
0,1,1,1,0,1,1,1,0,Competitive Programming (DSA)
1,0,0,1,0,1,0,0,1,Full Stack Web Development
0,0,0,0,0,0,1,0,1,Database Administration
1,1,0,0,0,0,0,1,0,Competitive Programming (DSA)
0,0,0,0,0,1,1,0,1,Data Science
0,1,0,1,1,0,1,1,0,Competitive Programming (DSA)
0,0,0,1,1,1,0,0,0,Backend Development (PHP)
0,0,0,1,0,1,1,0,1,Backend Development (Java)
0,0,0,0,1,1,1,0,0,Backend Development (PHP)
0,0,1,1,0,0,1,1,0,Competitive Programming (DSA)
0,0,0,1,1,1,1,0,0,Backend Development (PHP)
0,0,1,0,0,1,0,0,0,Frontend Web Development
0,0,0,0,0,1,0,0,1,Python Programming
0,0,0,0,1,0,1,0,0,Backend Development (PHP)
0,0,0,0,0,1,0,0,0,Python Programming
0,0,0,0,0,1,1,0,0,Data Science
0,1,1,1,0,1,0,0,1,Full Stack Web Development
1,0,1,0,0,1,0,0,0,Frontend Web Development
0,0,0,0,1,1,1,0,1,Backend Development (PHP)
0,0,0,1,0,0,1,0,0,Backend Development (Java)
0,0,1,1,1,1,1,0,1,Full Stack Web Development
0,0,0,0,0,0,1,0,0,Database Administration
0,0,0,0,0,1,1,0,1,Data Science
0,0,0,1,0,1,0,0,0,Backend Development (Java)
0,1,1,0,0,0,0,0,1,Frontend Web Development
1,1,0,0,1,1,0,0,0,Full Stack Web Development
1,0,1,0,0,0,1,0,0,Frontend Web Development
0,0,0,0,0,1,1,0,1,Data Science
0,0,0,0,0,1,1,0,1,Data Science
1,1,0,0,0,1,1,1,0,Competitive Programming (DSA)
0,0,0,1,1,1,0,0,1,Backend Development (PHP)
0,0,0,1,0,1,0,0,1,Backend Development (Java)
0,0,0,0,0,1,1,0,0,Data Science
0,1,0,0,1,0,1,1,0,Competitive Programming (DSA)
0,0,1,0,0,1,1,0,0,Frontend Web Development
0,0,0,1,0,1,0,0,1,Backend Development (Java)
0,0,0,0,0,0,0,0,1,Python Programming
0,0,0,1,1,0,1,1,1,Competitive Programming (DSA)
0,0,0,0,1,1,1,0,1,Backend Development (PHP)
0,0,0,0,0,1,1,0,0,Data Science
0,0,0,1,0,1,1,0,0,Backend Development (Java)
0,0,0,0,1,1,1,0,1,Backend Development (PHP)
0,0,0,0,0,1,1,0,0,Data Science
0,0,0,0,0,0,0,0,1,Python Programming
0,0,0,1,0,0,1,0,1,Backend Development (Java)
0,1,0,1,1,0,1,0,1,Full Stack Web Development
0,0,0,0,0,1,1,0,0,Data Science
0,0,0,1,0,1,1,0,1,Backend Development (Java)
0,0,0,0,0,1,0,0,0,Python Programming
0,0,1,0,0,1,0,1,0,Competitive Programming (DSA)
0,0,0,0,0,0,1,0,0,Database Administration
0,1,0,1,0,1,1,0,0,Full Stack Web Development
0,0,0,0,0,0,0,0,0,Python Programming
0,0,0,1,0,1,0,0,0,Backend Development (Java)
0,0,0,0,1,1,1,0,0,Backend Development (PHP)
0,0,0,0,0,1,1,0,0,Data Science
0,0,0,1,0,1,0,0,1,Backend Development (Java)
1,0,1,0,0,0,0,0,1,Frontend Web Development
0,1,1,0,1,1,1,1,0,Competitive Programming (DSA)
0,0,0,0,0,0,1,0,1,Database Administration
0,0,0,1,0,1,1,0,0,Backend Development (Java)
1,1,1,0,0,1,0,0,1,Frontend Web Development
0,1,1,0,0,1,0,1,0,Competitive Programming (DSA)
0,0,0,0,1,0,0,1,1,Competitive Programming (DSA)
0,0,0,1,1,1,0,0,0,Backend Development (PHP)
0,0,0,0,0,1,0,0,1,Python Programming
0,0,0,1,0,0,1,0,1,Backend Development (Java)
0,0,0,0,0,1,1,0,0,Data Science
0,0,0,0,0,1,0,0,1,Python Programming
0,0,0,0,0,0,1,0,1,Database Administration
0,1,1,1,1,0,1,1,0,Competitive Programming (DSA)
0,1,0,0,0,1,0,0,0,Frontend Web Development
0,0,0,1,0,0,0,0,1,Backend Development (Java)
0,0,0,1,0,0,0,0,1,Backend Development (Java)
0,0,0,0,0,0,0,0,0,Python Programming
1,1,1,1,0,0,1,0,0,Full Stack Web Development
0,0,0,1,0,0,1,1,1,Competitive Programming (DSA)
0,0,0,1,0,1,0,0,1,Backend Development (Java)
0,0,0,0,0,1,0,0,0,Python Programming
0,0,0,0,0,1,1,0,0,Data Science
0,1,0,0,1,1,1,0,1,Full Stack Web Development
0,0,0,1,0,1,0,0,1,Backend Development (Java)
0,0,0,0,1,0,1,0,0,Backend Development (PHP)
0,1,0,0,0,1,0,1,0,Competitive Programming (DSA)
1,1,0,0,0,0,1,0,0,Frontend Web Development
0,0,0,0,1,0,1,0,1,Backend Development (PHP)
0,0,0,0,0,0,1,0,1,Database Administration
0,0,0,0,0,1,1,0,0,Data Science
0,0,0,0,1,1,0,0,0,Backend Development (PHP)
0,0,0,1,1,0,0,0,0,Backend Development (PHP)
0,0,0,1,0,1,1,0,0,Backend Development (Java)
0,1,0,1,1,0,1,0,0,Full Stack Web Development
0,0,0,0,1,1,0,0,1,Backend Development (PHP)
0,0,0,1,0,0,0,0,0,Backend Development (Java)
0,0,0,0,0,0,1,0,1,Database Administration
0,0,0,0,0,1,1,0,1,Data Science
1,0,1,1,1,0,0,1,1,Competitive Programming (DSA)
1,0,1,0,0,1,0,0,0,Frontend Web Development
0,0,0,1,0,0,1,0,0,Backend Development (Java)
0,0,0,0,0,0,1,0,0,Database Administration
1,0,0,0,1,0,1,0,0,Full Stack Web Development
0,0,0,0,0,0,1,0,0,Database Administration
0,0,0,1,0,1,1,0,1,Backend Development (Java)
0,0,0,0,0,0,1,0,1,Database Administration
0,0,0,0,0,1,0,0,1,Python Programming
0,1,0,1,0,0,1,1,0,Competitive Programming (DSA)
0,0,0,0,0,1,0,0,0,Python Programming
0,0,0,0,0,0,1,0,1,Database Administration
0,0,0,0,1,0,0,0,0,Backend Development (PHP)
1,0,0,0,1,1,0,0,0,Full Stack Web Development
0,0,0,0,1,1,0,0,0,Backend Development (PHP)
0,0,0,0,0,0,0,0,1,Python Programming
0,0,0,0,0,0,1,0,1,Database Administration
0,1,1,1,0,0,0,1,1,Competitive Programming (DSA)
1,1,1,0,1,1,1,0,1,Full Stack Web Development
1,0,0,1,0,0,1,0,1,Full Stack Web Development
0,0,0,1,1,1,1,1,1,Competitive Programming (DSA)
0,0,1,0,0,0,1,1,0,Competitive Programming (DSA)
0,0,0,0,0,1,1,0,1,Data Science
0,1,1,0,0,0,0,0,0,Frontend Web Development
0,0,1,0,0,1,0,0,0,Frontend Web Development
0,0,0,0,0,0,1,0,0,Database Administration
1,0,0,0,0,1,1,0,0,Frontend Web Development
0,0,0,0,0,1,0,0,0,Python Programming
0,0,1,1,1,0,1,1,1,Competitive Programming (DSA)
1,0,0,0,0,1,0,0,0,Frontend Web Development
1,1,1,0,0,1,0,0,0,Frontend Web Development
1,0,1,0,1,1,1,0,1,Full Stack Web Development
0,0,0,1,0,0,0,0,1,Backend Development (Java)
0,0,0,0,0,0,1,0,0,Database Administration
0,0,1,0,0,1,0,0,0,Frontend Web Development
0,0,0,0,0,0,1,0,0,Database Administration
0,0,0,1,1,0,1,0,1,Backend Development (PHP)
0,0,0,0,0,0,0,0,0,Python Programming
0,0,0,0,0,0,1,0,0,Database Administration
0,0,0,1,0,0,1,0,0,Backend Development (Java)
0,0,0,0,0,0,1,0,1,Database Administration
0,0,0,0,0,0,1,0,1,Database Administration
0,0,0,0,0,0,1,0,1,Database Administration
0,0,0,0,0,1,0,0,1,Python Programming
0,1,0,1,0,0,0,0,1,Full Stack Web Development
0,0,0,0,0,1,1,0,1,Data Science
0,0,0,1,0,0,0,0,1,Backend Development (Java)
0,0,0,0,0,1,0,0,1,Python Programming
0,0,1,1,1,0,1,1,1,Competitive Programming (DSA)
0,1,1,0,0,0,1,1,0,Competitive Programming (DSA)
0,0,0,0,0,0,0,0,0,Python Programming
0,1,1,0,1,1,0,0,0,Full Stack Web Development
0,0,0,1,0,0,0,1,1,Competitive Programming (DSA)
0,0,0,0,0,0,0,0,1,Python Programming
1,0,1,1,1,1,1,1,1,Competitive Programming (DSA)
0,0,0,0,0,1,1,0,0,Data Science
0,0,0,1,1,0,0,0,0,Backend Development (PHP)
0,0,0,1,0,1,0,0,1,Backend Development (Java)
1,1,1,0,0,1,0,0,1,Frontend Web Development
0,0,0,0,0,1,1,0,1,Data Science
0,1,1,0,0,0,0,0,0,Frontend Web Development
1,1,1,1,0,1,0,1,1,Competitive Programming (DSA)
0,0,0,1,0,1,0,0,0,Backend Development (Java)
1,0,0,0,1,1,1,1,0,Competitive Programming (DSA)
0,0,0,1,0,1,1,0,1,Backend Development (Java)
0,0,0,0,0,1,1,0,1,Data Science
0,0,0,0,1,0,0,0,1,Backend Development (PHP)
0,0,0,0,0,1,1,0,0,Data Science
0,0,0,0,0,0,1,0,0,Database Administration
1,1,1,1,1,0,1,0,0,Full Stack Web Development
0,0,0,0,0,0,1,0,1,Database Administration
1,1,1,1,1,0,0,1,0,Competitive Programming (DSA)
0,1,1,1,1,1,0,1,1,Competitive Programming (DSA)
0,0,0,1,0,0,0,0,0,Backend Development (Java)
0,0,0,0,0,1,1,0,1,Data Science
0,0,0,0,0,1,1,0,0,Data Science
1,1,0,1,0,1,1,1,1,Competitive Programming (DSA)
0,0,0,0,0,1,1,0,0,Data Science
0,1,1,0,0,1,0,0,0,Frontend Web Development
0,0,0,0,0,1,0,0,1,Python Programming
0,0,0,0,0,1,1,0,1,Data Science
0,0,0,0,0,1,0,0,1,Python Programming
0,0,0,0,0,1,1,0,0,Data Science
0,0,0,1,0,1,1,0,1,Backend Development (Java)
1,1,1,1,1,1,1,1,0,Competitive Programming (DSA)
0,0,0,1,0,1,0,0,1,Backend Development (Java)
0,0,0,0,0,1,1,0,0,Data Science
1,1,0,1,1,1,1,1,1,Competitive Programming (DSA)
0,0,0,0,0,0,1,0,0,Database Administration
0,0,0,0,0,0,1,0,1,Database Administration
0,0,0,1,0,1,1,0,0,Backend Development (Java)
0,1,0,0,1,1,1,0,0,Full Stack Web Development
0,0,0,1,1,0,1,0,1,Backend Development (PHP)
0,0,0,0,0,0,0,0,1,Python Programming
0,0,0,0,0,1,1,0,1,Data Science
0,0,0,0,0,0,1,0,1,Database Administration
1,0,1,0,1,0,1,1,0,Competitive Programming (DSA)
0,0,0,0,0,0,0,0,0,Python Programming
0,0,0,0,0,0,1,0,0,Database Administration
1,0,0,0,1,1,1,0,1,Full Stack Web Development
0,0,0,0,0,1,1,0,1,Data Science
0,0,0,0,0,0,0,0,1,Python Programming
0,0,0,0,0,1,0,0,0,Python Programming
0,0,0,0,1,1,0,0,0,Backend Development (PHP)
0,1,0,1,1,1,1,1,0,Competitive Programming (DSA)
1,1,1,0,0,0,0,0,0,Frontend Web Development
0,0,0,0,0,0,0,0,1,Python Programming
0,0,0,0,0,1,1,0,1,Data Science
0,0,0,0,0,0,1,0,0,Database Administration
0,0,0,1,0,0,1,0,0,Backend Development (Java)
1,0,1,1,1,0,1,1,1,Competitive Programming (DSA)
0,0,0,1,0,1,1,0,0,Backend Development (Java)
0,0,0,0,0,0,1,0,0,Database Administration
1,0,1,1,0,1,0,1,0,Competitive Programming (DSA)
0,0,0,1,1,1,1,0,0,Backend Development (PHP)
0,0,0,0,0,0,1,0,0,Database Administration
0,0,0,1,0,0,0,0,0,Backend Development (Java)
0,1,0,1,1,1,1,0,1,Full Stack Web Development
0,0,0,0,0,1,1,0,1,Data Science
0,0,0,1,0,1,1,0,0,Backend Development (Java)
0,0,1,1,1,1,1,1,0,Competitive Programming (DSA)
0,0,0,0,0,1,0,0,1,Python Programming
0,0,0,0,0,1,0,0,1,Python Programming
0,0,0,0,0,1,1,0,1,Data Science
0,0,0,1,0,1,1,0,0,Backend Development (Java)
0,0,0,0,0,0,1,0,0,Database Administration
0,0,0,0,1,1,1,0,1,Backend Development (PHP)
0,0,0,0,0,1,0,0,1,Python Programming
0,0,0,0,0,0,1,0,1,Database Administration
0,0,0,0,0,0,1,0,1,Database Administration
1,0,0,0,1,0,0,1,0,Competitive Programming (DSA)
0,1,0,1,0,0,1,0,0,Full Stack Web Development
0,0,0,0,0,1,0,0,1,Python Programming
0,0,0,0,0,0,0,0,0,Python Programming
0,0,1,0,1,1,1,0,1,Full Stack Web Development
0,0,0,0,0,0,0,0,0,Python Programming
1,1,1,1,0,1,0,0,1,Full Stack Web Development
1,0,1,0,0,1,1,0,1,Full Stack Web Development
0,1,1,0,0,1,0,0,0,Frontend Web Development
0,0,0,1,0,0,0,0,0,Backend Development (Java)
0,0,0,0,1,1,0,0,0,Backend Development (PHP)
0,0,0,1,0,1,0,0,1,Backend Development (Java)
0,0,1,1,0,1,0,0,1,Full Stack Web Development
1,1,1,1,0,1,0,0,0,Full Stack Web Development
0,0,0,0,0,0,1,0,1,Database Administration
0,0,0,0,0,0,0,0,0,Python Programming
0,0,0,0,0,0,1,0,0,Database Administration
0,0,1,1,1,1,0,0,0,Full Stack Web Development
0,0,0,0,1,1,1,0,0,Backend Development (PHP)
0,0,0,0,0,1,1,0,0,Data Science
0,1,0,0,0,0,0,1,0,Competitive Programming (DSA)
0,0,0,0,0,0,1,0,0,Database Administration
0,0,0,1,1,1,0,0,1,Backend Development (PHP)
0,1,1,0,0,0,1,1,1,Competitive Programming (DSA)
0,0,0,0,0,1,1,0,1,Data Science
0,1,1,0,0,1,1,0,1,Full Stack Web Development
0,0,0,0,0,0,0,0,1,Python Programming
0,1,1,0,0,1,0,0,1,Frontend Web Development
0,0,0,1,1,1,1,0,1,Backend Development (PHP)
0,1,1,1,1,0,0,0,0,Full Stack Web Development
0,0,0,0,1,1,0,0,0,Backend Development (PHP)
0,0,0,1,1,0,0,0,1,Backend Development (PHP)
0,0,0,1,0,0,1,0,0,Backend Development (Java)
1,1,1,0,0,1,0,1,1,Competitive Programming (DSA)
1,1,1,0,0,1,1,0,0,Frontend Web Development
0,0,0,0,0,0,1,0,1,Database Administration
0,0,0,0,0,1,1,0,1,Data Science
0,0,0,1,0,1,1,0,1,Backend Development (Java)
0,0,0,0,0,1,0,0,0,Python Programming
1,1,0,1,0,0,1,0,1,Full Stack Web Development
0,0,0,1,0,1,1,0,0,Backend Development (Java)
1,0,0,0,0,0,0,0,1,Frontend Web Development
0,0,0,0,1,0,1,0,0,Backend Development (PHP)
0,0,0,0,0,1,0,0,1,Python Programming
0,0,1,1,1,0,0,0,1,Full Stack Web Development
0,0,0,0,0,1,1,0,0,Data Science
0,0,0,0,0,0,0,0,0,Python Programming
0,0,0,0,0,0,1,0,0,Database Administration
0,0,1,1,0,0,1,1,1,Competitive Programming (DSA)
0,0,0,0,0,1,0,0,0,Python Programming
1,0,0,0,1,0,1,0,1,Full Stack Web Development
0,0,1,1,0,1,1,1,1,Competitive Programming (DSA)
0,0,0,1,0,1,0,0,0,Backend Development (Java)
0,0,0,0,0,1,1,0,0,Data Science
0,0,0,1,1,1,0,0,1,Backend Development (PHP)
0,0,0,0,0,1,0,0,1,Python Programming
0,0,0,0,0,0,1,0,0,Database Administration
0,0,0,1,1,1,0,0,0,Backend Development (PHP)
0,0,0,1,0,1,0,0,0,Backend Development (Java)
0,0,0,0,0,0,0,0,0,Python Programming
0,1,0,0,0,0,0,0,1,Frontend Web Development
0,0,0,0,0,0,0,0,0,Python Programming
1,1,0,0,0,1,0,0,1,Frontend Web Development
0,0,0,1,0,1,1,0,1,Backend Development (Java)
1,0,0,1,0,1,0,0,0,Full Stack Web Development
0,0,0,0,0,0,1,0,0,Database Administration
0,0,0,0,0,1,0,0,1,Python Programming
0,1,0,0,0,1,0,0,0,Frontend Web Development
0,0,0,1,0,0,1,0,1,Backend Development (Java)
0,0,0,0,1,1,1,0,1,Backend Development (PHP)
0,1,1,1,0,0,1,0,1,Full Stack Web Development
0,0,0,0,1,1,0,0,1,Backend Development (PHP)
0,0,0,0,0,0,1,0,1,Database Administration
0,1,0,0,0,1,1,0,0,Frontend Web Development
1,0,1,0,0,1,0,0,1,Frontend Web Development
1,0,0,1,1,1,1,0,1,Full Stack Web Development
0,0,0,0,0,0,0,0,1,Python Programming
1,1,0,1,0,0,1,1,0,Competitive Programming (DSA)
0,0,0,0,0,0,1,0,0,Database Administration
0,0,0,1,0,0,0,0,1,Backend Development (Java)
0,0,0,0,0,0,1,0,1,Database Administration
0,0,0,1,0,0,0,0,0,Backend Development (Java)
0,0,0,1,0,1,1,0,0,Backend Development (Java)
0,0,0,1,0,1,0,0,1,Backend Development (Java)
1,0,1,1,1,1,1,0,0,Full Stack Web Development
0,0,1,1,0,0,0,0,0,Full Stack Web Development
0,0,0,0,0,1,1,0,1,Data Science
1,0,0,1,1,1,1,0,1,Full Stack Web Development
0,0,0,0,0,1,0,0,1,Python Programming
0,0,0,1,0,0,1,0,1,Backend Development (Java)
0,0,0,0,0,1,1,0,0,Data Science
0,0,0,1,1,0,1,1,0,Competitive Programming (DSA)
0,0,0,0,0,0,1,0,1,Database Administration
0,0,0,0,0,0,1,0,1,Database Administration
0,0,0,1,1,0,1,0,1,Backend Development (PHP)
0,0,0,1,0,0,0,0,1,Backend Development (Java)
0,0,0,0,1,0,1,0,0,Backend Development (PHP)
0,0,0,1,0,0,1,0,1,Backend Development (Java)
1,0,1,0,0,1,0,0,0,Frontend Web Development
0,1,1,0,0,0,0,0,1,Frontend Web Development
0,0,0,0,0,1,1,0,1,Data Science
0,0,0,1,0,1,1,0,1,Backend Development (Java)
0,0,0,1,0,0,1,0,1,Backend Development (Java)
1,1,0,1,0,0,0,1,0,Competitive Programming (DSA)
0,1,0,0,0,0,1,0,0,Frontend Web Development
0,0,0,0,0,1,1,0,1,Data Science
1,0,0,1,1,1,0,1,0,Competitive Programming (DSA)
0,0,0,0,0,0,1,0,1,Database Administration
1,0,0,1,1,0,1,0,0,Full Stack Web Development
1,1,1,0,0,1,1,0,0,Frontend Web Development
1,0,1,1,1,0,0,1,1,Competitive Programming (DSA)
0,0,0,0,0,0,1,0,1,Database Administration
0,0,0,1,0,0,1,0,0,Backend Development (Java)
0,0,0,0,1,1,1,0,0,Backend Development (PHP)
0,0,1,0,0,0,0,0,1,Frontend Web Development
1,0,0,1,0,1,0,0,0,Full Stack Web Development
0,0,0,0,0,1,0,0,1,Python Programming
0,0,0,0,0,1,0,0,1,Python Programming
0,0,0,1,0,1,0,0,0,Backend Development (Java)
0,0,0,0,0,1,1,0,1,Data Science
1,1,1,0,0,1,1,0,0,Frontend Web Development
0,0,0,0,0,1,0,0,0,Python Programming
0,0,0,0,0,0,0,0,0,Python Programming
0,0,0,0,0,0,1,0,0,Database Administration
0,0,0,0,0,0,1,0,0,Database Administration
0,0,0,0,0,0,0,0,0,Python Programming
0,0,0,1,1,1,0,0,0,Backend Development (PHP)
0,0,0,1,1,0,1,0,0,Backend Development (PHP)
0,1,1,0,1,1,1,1,1,Competitive Programming (DSA)
0,0,0,0,0,1,1,0,0,Data Science
1,0,0,1,1,1,0,1,0,Competitive Programming (DSA)
0,0,0,0,0,0,1,0,0,Database Administration
0,0,0,0,1,0,0,0,1,Backend Development (PHP)
0,0,0,0,0,0,1,0,0,Database Administration
0,0,0,1,0,1,1,0,0,Backend Development (Java)
0,0,0,1,1,1,0,0,1,Backend Development (PHP)
0,0,0,1,0,0,1,0,0,Backend Development (Java)
1,1,0,1,0,1,0,1,0,Competitive Programming (DSA)
0,0,0,0,0,1,1,0,0,Data Science
1,0,0,1,0,1,1,1,0,Competitive Programming (DSA)
0,0,0,0,0,1,0,0,0,Python Programming
0,0,0,0,0,0,1,0,1,Database Administration
0,0,0,0,0,0,0,0,1,Python Programming
1,0,1,0,0,1,1,0,0,Frontend Web Development
0,0,0,0,0,1,0,0,0,Python Programming
0,0,0,1,0,0,0,0,0,Backend Development (Java)
0,0,0,1,1,1,0,0,1,Backend Development (PHP)
0,0,0,0,0,0,1,0,1,Database Administration
0,0,0,1,0,0,0,0,1,Backend Development (Java)
0,0,0,1,1,0,1,0,1,Backend Development (PHP)
0,0,0,1,1,0,1,0,1,Backend Development (PHP)
0,0,0,0,0,1,1,0,0,Data Science
0,0,0,1,0,0,1,0,1,Backend Development (Java)
0,0,0,0,0,1,1,0,1,Data Science
0,1,1,0,1,1,0,0,0,Full Stack Web Development
0,0,0,0,0,1,1,0,1,Data Science
1,1,0,0,0,0,0,0,1,Frontend Web Development
0,0,0,0,0,0,0,0,1,Python Programming
0,0,0,1,0,1,1,0,0,Backend Development (Java)
0,0,0,1,1,1,0,1,1,Competitive Programming (DSA)
0,0,0,1,0,0,1,0,0,Backend Development (Java)
0,0,0,0,0,0,1,0,1,Database Administration
1,1,0,1,1,1,0,0,1,Full Stack Web Development
0,0,0,0,1,0,0,0,1,Backend Development (PHP)
1,1,1,0,0,0,0,0,1,Frontend Web Development
0,1,1,1,0,0,0,1,0,Competitive Programming (DSA)
0,0,0,1,0,0,1,0,0,Backend Development (Java)
1,1,1,0,1,1,0,0,0,Full Stack Web Development
0,0,0,1,1,0,1,1,0,Competitive Programming (DSA)
1,1,1,0,0,1,1,0,0,Frontend Web Development
0,0,0,0,1,1,0,0,1,Backend Development (PHP)
0,0,0,0,0,0,1,0,1,Database Administration
1,0,1,0,0,0,1,0,0,Frontend Web Development
0,0,0,0,0,0,0,0,0,Python Programming
0,0,0,0,0,0,1,0,1,Database Administration
0,0,0,0,0,0,0,0,1,Python Programming
0,1,0,1,1,1,0,1,1,Competitive Programming (DSA)
0,0,0,0,0,0,0,0,1,Python Programming
1,1,0,0,0,0,1,0,0,Frontend Web Development
0,1,0,0,0,1,1,0,1,Full Stack Web Development
1,1,0,1,1,0,1,0,0,Full Stack Web Development
0,0,1,0,0,0,1,0,0,Frontend Web Development
1,0,1,0,1,0,1,0,1,Full Stack Web Development
0,1,0,0,0,0,0,0,1,Frontend Web Development
0,0,0,0,0,0,1,0,0,Database Administration
0,0,0,0,1,0,0,0,1,Backend Development (PHP)
1,0,1,1,1,1,1,0,0,Full Stack Web Development
0,0,0,1,1,0,1,0,0,Backend Development (PHP)
0,1,0,0,0,1,0,0,0,Frontend Web Development
0,0,0,1,0,0,0,0,0,Backend Development (Java)
0,0,0,1,1,0,0,0,0,Backend Development (PHP)
0,0,0,0,1,0,1,0,1,Backend Development (PHP)
0,1,0,0,0,0,1,0,0,Frontend Web Development
0,0,0,0,0,1,0,0,1,Python Programming
0,1,0,0,0,0,0,0,1,Frontend Web Development
0,0,0,0,0,0,1,0,0,Database Administration
0,0,0,1,0,1,0,0,0,Backend Development (Java)
1,0,1,0,0,0,0,0,1,Frontend Web Development
0,0,0,0,1,1,0,0,1,Backend Development (PHP)
0,0,1,1,0,0,1,0,1,Full Stack Web Development
0,0,0,1,1,0,0,0,0,Backend Development (PHP)
0,0,0,1,0,1,1,0,0,Backend Development (Java)
0,0,1,1,1,0,1,0,0,Full Stack Web Development
1,0,1,0,0,0,1,0,1,Full Stack Web Development
1,0,0,0,0,1,1,0,0,Frontend Web Development
0,0,0,0,0,1,0,0,0,Python Programming
0,0,0,0,0,0,0,0,1,Python Programming
0,0,0,0,0,0,0,0,0,Python Programming
0,0,0,0,0,1,1,0,0,Data Science
1,0,0,0,0,1,0,0,0,Frontend Web Development
0,1,0,0,1,1,1,1,0,Competitive Programming (DSA)
0,0,0,0,0,1,1,0,1,Data Science
1,0,1,1,1,1,0,0,0,Full Stack Web Development
1,1,1,1,0,1,1,0,0,Full Stack Web Development
0,0,0,0,0,1,1,0,0,Data Science
0,1,1,1,1,0,1,0,0,Full Stack Web Development
0,0,0,1,0,0,0,0,0,Backend Development (Java)
0,0,0,0,0,0,1,0,1,Database Administration
0,0,0,1,1,1,1,0,1,Backend Development (PHP)
1,0,1,1,0,1,1,0,0,Full Stack Web Development
0,0,0,0,0,1,1,0,1,Data Science
0,0,0,1,0,0,1,0,0,Backend Development (Java)
0,0,0,0,0,1,1,0,0,Data Science
0,0,0,1,1,1,1,0,1,Backend Development (PHP)
0,0,0,0,0,0,1,0,0,Database Administration
0,0,0,0,0,0,1,0,0,Database Administration
0,0,0,1,0,1,1,0,1,Backend Development (Java)
0,0,0,1,1,1,0,0,0,Backend Development (PHP)
0,0,1,1,0,0,0,1,1,Competitive Programming (DSA)
0,0,0,1,0,1,0,1,1,Competitive Programming (DSA)
0,1,0,0,1,0,0,0,0,Full Stack Web Development
0,0,0,1,0,1,1,0,0,Backend Development (Java)
0,0,0,0,0,1,0,0,1,Python Programming
0,0,1,0,0,1,1,0,0,Frontend Web Development
1,0,0,0,0,0,1,0,0,Frontend Web Development
1,1,0,1,1,0,0,0,0,Full Stack Web Development
0,1,0,1,1,0,0,0,1,Full Stack Web Development
1,1,1,0,0,0,1,0,0,Frontend Web Development
0,0,1,0,0,0,1,0,1,Full Stack Web Development
0,0,1,0,0,1,1,0,0,Frontend Web Development
0,0,0,1,0,1,1,0,1,Backend Development (Java)
0,0,0,0,0,0,0,1,0,Competitive Programming (DSA)
0,1,0,1,0,0,0,0,0,Full Stack Web Development
0,0,0,0,1,0,0,0,1,Backend Development (PHP)
0,0,0,0,0,1,1,0,1,Data Science
0,1,1,0,0,0,1,0,0,Frontend Web Development
1,1,0,0,0,1,0,1,1,Competitive Programming (DSA)
0,0,0,0,0,1,0,0,0,Python Programming
0,0,1,0,0,0,0,0,0,Frontend Web Development
0,0,0,0,1,0,0,0,0,Backend Development (PHP)
0,0,0,0,0,1,1,0,0,Data Science
0,0,0,0,0,1,1,0,1,Data Science
0,0,0,1,0,0,1,0,0,Backend Development (Java)
0,0,0,0,0,0,0,0,0,Python Programming
0,0,0,0,0,1,1,0,1,Data Science
0,0,1,0,0,1,1,1,1,Competitive Programming (DSA)
0,0,0,1,0,0,1,0,1,Backend Development (Java)
0,0,0,0,0,1,1,0,0,Data Science
0,1,0,1,1,1,0,0,0,Full Stack Web Development
0,0,0,0,0,1,0,0,0,Python Programming
0,1,0,1,1,1,0,0,0,Full Stack Web Development
0,0,0,0,1,1,0,0,1,Backend Development (PHP)
0,1,0,0,0,1,1,0,0,Frontend Web Development
0,0,0,0,0,1,1,0,1,Data Science
1,1,0,1,0,0,1,0,1,Full Stack Web Development
0,0,0,0,0,1,0,0,0,Python Programming
0,1,1,1,0,1,1,0,0,Full Stack Web Development
0,1,1,1,1,1,0,1,1,Competitive Programming (DSA)
1,0,1,0,0,1,0,0,1,Frontend Web Development
1,1,0,0,1,0,1,1,1,Competitive Programming (DSA)
0,0,0,0,0,0,1,0,1,Database Administration
0,0,0,0,0,0,0,0,0,Python Programming
0,0,0,0,0,1,0,0,0,Python Programming
0,0,0,0,0,0,1,0,0,Database Administration
0,0,1,0,0,1,0,0,0,Frontend Web Development
1,1,0,0,0,0,0,0,0,Frontend Web Development
0,0,0,1,0,1,0,0,0,Backend Development (Java)
0,0,1,0,0,1,1,0,0,Frontend Web Development
0,0,0,0,0,1,1,0,0,Data Science
0,0,0,1,0,1,0,0,1,Backend Development (Java)
0,1,1,1,0,0,0,1,1,Competitive Programming (DSA)
0,0,0,0,0,0,1,0,1,Database Administration
0,0,0,0,0,0,1,0,0,Database Administration
0,0,0,0,0,1,0,0,0,Python Programming
0,1,0,0,0,0,0,0,1,Frontend Web Development
1,1,1,0,0,1,0,0,0,Frontend Web Development
0,0,0,0,0,1,1,0,1,Data Science
1,0,0,0,1,1,0,1,1,Competitive Programming (DSA)
0,0,0,0,0,1,0,0,1,Python Programming
0,0,0,0,0,0,1,0,1,Database Administration
0,0,0,0,1,1,0,0,0,Backend Development (PHP)
0,0,0,0,0,1,0,0,1,Python Programming
1,0,1,1,0,1,1,1,0,Competitive Programming (DSA)
0,0,0,0,0,1,1,0,1,Data Science
1,0,1,0,0,0,1,1,1,Competitive Programming (DSA)
0,1,0,0,0,0,1,0,1,Full Stack Web Development
0,0,0,0,0,0,0,0,1,Python Programming
0,0,0,0,1,1,0,0,0,Backend Development (PHP)
0,0,0,1,0,1,0,0,0,Backend Development (Java)
1,0,1,0,0,1,1,0,0,Frontend Web Development
0,0,0,0,0,0,1,0,0,Database Administration
0,0,0,0,0,0,1,0,1,Database Administration
0,1,1,0,1,1,0,0,1,Full Stack Web Development
0,0,0,0,0,1,0,0,1,Python Programming
1,0,1,1,0,0,0,0,1,Full Stack Web Development
0,1,1,1,0,0,0,0,0,Full Stack Web Development
0,0,0,0,0,0,1,0,1,Database Administration
0,0,0,1,0,0,0,0,1,Backend Development (Java)
1,0,0,1,0,1,1,0,0,Full Stack Web Development
1,0,0,0,1,0,1,0,1,Full Stack Web Development
0,0,1,0,0,1,0,0,0,Frontend Web Development
0,0,0,0,0,1,1,0,1,Data Science
0,0,0,0,0,1,0,0,0,Python Programming
0,0,1,0,0,0,0,0,1,Frontend Web Development
1,1,1,0,0,1,0,0,1,Frontend Web Development
0,0,0,0,0,1,1,0,1,Data Science
1,1,1,0,1,1,1,0,1,Full Stack Web Development
0,0,0,1,1,1,0,0,1,Backend Development (PHP)
1,1,0,0,0,1,0,0,1,Frontend Web Development
0,0,0,0,0,0,1,0,0,Database Administration
0,0,0,1,0,0,0,0,1,Backend Development (Java)
0,0,0,1,1,1,1,0,0,Backend Development (PHP)
1,1,0,0,1,0,0,0,1,Full Stack Web Development
1,0,0,0,0,0,1,0,0,Frontend Web Development
1,1,1,0,1,0,1,0,1,Full Stack Web Development
0,0,0,0,0,1,1,0,1,Data Science
0,0,0,0,0,1,0,0,0,Python Programming
0,0,0,0,0,0,1,0,0,Database Administration
1,0,0,1,1,0,1,1,1,Competitive Programming (DSA)
1,0,1,1,1,0,0,0,1,Full Stack Web Development
0,0,0,1,0,0,0,0,0,Backend Development (Java)
0,0,0,0,0,1,1,0,0,Data Science
0,0,0,0,0,0,1,0,0,Database Administration
0,0,1,1,1,1,0,1,0,Competitive Programming (DSA)
0,0,0,0,0,0,0,0,0,Python Programming
0,0,0,0,1,0,0,0,0,Backend Development (PHP)
0,0,0,1,0,1,1,0,0,Backend Development (Java)
0,0,0,0,0,1,1,0,1,Data Science
0,0,0,0,0,0,1,0,1,Database Administration
0,0,0,0,0,0,1,0,0,Database Administration
0,0,0,1,1,1,0,0,1,Backend Development (PHP)
0,0,1,0,0,1,1,0,0,Frontend Web Development
0,0,0,0,1,1,0,0,1,Backend Development (PHP)
0,0,0,0,0,1,1,0,1,Data Science
0,0,0,0,0,0,1,0,1,Database Administration
0,1,0,0,1,0,1,1,0,Competitive Programming (DSA)
0,0,0,0,0,1,0,0,1,Python Programming
1,0,0,1,1,1,1,0,1,Full Stack Web Development
0,0,0,1,0,0,1,0,1,Backend Development (Java)
0,0,0,0,0,0,1,0,0,Database Administration
1,1,1,0,1,0,0,1,1,Competitive Programming (DSA)
0,0,0,1,0,1,1,0,1,Backend Development (Java)
0,0,0,0,0,0,0,0,0,Python Programming
1,0,0,0,0,1,0,0,1,Frontend Web Development
0,0,0,0,0,0,0,0,0,Python Programming
0,0,0,0,0,0,1,0,0,Database Administration
0,0,0,1,0,1,0,0,1,Backend Development (Java)
0,0,0,0,0,1,1,0,1,Data Science
1,0,1,1,1,0,0,0,1,Full Stack Web Development
0,0,0,0,0,1,1,0,1,Data Science
0,0,0,0,0,0,0,0,1,Python Programming
0,0,0,1,0,1,1,0,1,Backend Development (Java)
0,0,0,0,0,0,0,0,1,Python Programming
0,0,0,0,0,1,0,0,0,Python Programming
0,0,0,0,0,1,1,0,1,Data Science
0,1,1,0,0,1,0,0,1,Frontend Web Development
1,0,1,0,0,1,1,0,0,Frontend Web Development
0,0,0,0,1,0,1,0,1,Backend Development (PHP)
0,0,0,0,0,1,1,0,0,Data Science
0,0,0,0,0,1,1,0,0,Data Science
1,0,0,0,0,0,1,0,0,Frontend Web Development
1,1,0,0,1,1,1,0,0,Full Stack Web Development
0,0,0,0,1,1,0,0,0,Backend Development (PHP)
0,0,0,0,1,0,0,1,1,Competitive Programming (DSA)
0,1,1,0,0,0,0,0,1,Frontend Web Development
1,0,1,1,1,0,1,0,0,Full Stack Web Development
0,0,0,0,0,1,0,0,1,Python Programming
0,0,0,0,1,0,0,0,0,Backend Development (PHP)
1,1,1,1,0,0,1,1,1,Competitive Programming (DSA)
0,0,0,1,0,1,1,0,0,Backend Development (Java)
0,0,0,0,1,0,1,0,0,Backend Development (PHP)
0,0,0,0,0,0,1,0,0,Database Administration
1,0,0,1,0,0,1,0,1,Full Stack Web Development
0,0,0,0,0,0,1,0,1,Database Administration
0,0,0,1,0,0,1,0,0,Backend Development (Java)
0,1,0,0,0,1,0,0,1,Frontend Web Development
0,0,0,0,0,0,1,0,0,Database Administration
1,0,1,0,0,0,0,0,1,Frontend Web Development
0,0,0,0,0,0,1,0,0,Database Administration
0,0,0,0,1,1,0,0,0,Backend Development (PHP)
0,0,0,0,1,1,1,0,1,Backend Development (PHP)
0,0,0,0,0,1,0,0,0,Python Programming
0,0,0,0,0,0,1,0,0,Database Administration
0,0,0,0,0,1,1,0,1,Data Science
0,0,0,0,0,1,1,0,1,Data Science
0,0,0,1,0,1,0,0,1,Backend Development (Java)
0,1,1,1,1,1,1,0,1,Full Stack Web Development
1,0,0,1,0,0,0,0,0,Full Stack Web Development
1,0,0,0,0,1,0,1,0,Competitive Programming (DSA)
0,0,0,0,0,1,0,0,1,Python Programming
0,0,0,1,0,0,0,0,0,Backend Development (Java)
0,0,0,0,0,1,1,0,0,Data Science
0,0,0,1,1,0,0,1,0,Competitive Programming (DSA)
0,0,0,0,0,0,1,0,1,Database Administration
0,0,0,0,1,0,1,0,1,Backend Development (PHP)
0,0,0,0,0,0,1,0,0,Database Administration
0,0,0,0,0,0,0,0,1,Python Programming
0,0,0,0,0,1,1,0,0,Data Science
0,0,0,1,0,0,0,0,1,Backend Development (Java)
0,0,0,0,0,1,1,0,0,Data Science
0,0,0,0,1,0,0,1,0,Competitive Programming (DSA)
0,0,0,0,0,0,0,0,0,Python Programming
0,0,0,1,1,1,1,0,0,Backend Development (PHP)
1,0,1,1,0,0,1,1,0,Competitive Programming (DSA)
0,0,0,0,0,1,1,0,0,Data Science
0,0,0,1,1,1,1,0,1,Backend Development (PHP)
0,0,0,1,0,0,1,0,0,Backend Development (Java)
0,0,0,0,0,0,0,0,0,Python Programming
0,0,0,0,0,0,0,0,0,Python Programming
0,1,1,0,0,1,1,1,0,Competitive Programming (DSA)
0,0,0,0,0,1,0,0,1,Python Programming
0,0,0,0,0,0,1,0,0,Database Administration
0,0,0,0,0,1,1,0,0,Data Science
0,0,0,0,0,1,1,0,1,Data Science
1,0,0,0,0,1,1,1,0,Competitive Programming (DSA)
0,0,0,1,0,1,1,0,0,Backend Development (Java)
0,0,0,1,0,1,0,0,1,Backend Development (Java)
0,0,0,0,0,0,1,0,1,Database Administration
0,0,0,0,0,1,1,0,0,Data Science
0,1,0,1,0,0,0,1,1,Competitive Programming (DSA)
0,1,0,0,1,0,0,0,0,Full Stack Web Development
1,0,0,0,0,1,0,0,1,Frontend Web Development
0,0,0,0,0,1,1,0,1,Data Science
0,0,0,1,0,0,0,0,0,Backend Development (Java)
0,0,1,1,0,0,0,1,0,Competitive Programming (DSA)
0,0,0,1,0,0,0,0,1,Backend Development (Java)
0,0,0,0,1,0,1,0,0,Backend Development (PHP)
0,1,0,1,1,0,1,1,1,Competitive Programming (DSA)
0,0,0,0,0,0,1,0,1,Database Administration
0,1,0,0,0,1,1,0,0,Frontend Web Development
0,0,1,0,0,1,0,0,0,Frontend Web Development
1,1,1,0,0,1,0,0,0,Frontend Web Development
0,0,0,0,0,0,0,0,0,Python Programming
1,0,1,1,1,0,0,1,0,Competitive Programming (DSA)
1,0,0,0,0,0,0,0,0,Frontend Web Development
0,0,0,0,0,1,1,0,1,Data Science
1,1,0,0,0,0,0,0,1,Frontend Web Development
1,1,0,0,1,0,0,0,0,Full Stack Web Development
0,0,0,0,0,0,1,0,1,Database Administration
0,0,0,1,1,1,0,0,1,Backend Development (PHP)
0,0,0,1,1,0,1,0,1,Backend Development (PHP)
1,1,1,0,0,0,0,0,0,Frontend Web Development
1,0,1,0,0,1,0,0,0,Frontend Web Development
0,0,0,0,0,1,0,0,1,Python Programming
0,1,1,0,1,1,1,0,1,Full Stack Web Development
0,1,0,1,1,1,0,1,1,Competitive Programming (DSA)
0,0,0,1,1,1,1,0,1,Backend Development (PHP)
0,0,0,0,0,0,1,0,1,Database Administration
0,1,0,1,1,0,0,0,0,Full Stack Web Development
0,0,0,1,1,1,0,0,1,Backend Development (PHP)
0,0,0,0,0,1,1,0,1,Data Science
0,0,0,0,0,0,1,0,0,Database Administration
0,0,0,0,0,0,0,0,0,Python Programming
0,1,1,0,0,1,0,0,0,Frontend Web Development
1,1,1,0,0,1,1,0,1,Full Stack Web Development
1,1,1,1,0,0,1,0,0,Full Stack Web Development
1,1,1,1,1,1,0,0,1,Full Stack Web Development
0,0,0,0,0,0,0,0,0,Python Programming
0,1,0,1,1,1,0,1,1,Competitive Programming (DSA)
0,0,0,0,0,1,0,0,0,Python Programming
0,0,0,0,0,1,1,0,1,Data Science
0,0,0,0,1,0,1,0,0,Backend Development (PHP)
0,0,1,1,1,0,0,0,1,Full Stack Web Development
0,0,0,0,0,1,1,0,1,Data Science
0,1,0,0,0,1,0,1,0,Competitive Programming (DSA)
1,0,0,1,0,1,1,0,0,Full Stack Web Development
0,0,0,0,0,1,1,0,1,Data Science
0,0,0,0,0,0,0,0,0,Python Programming
0,0,0,0,1,1,0,0,0,Backend Development (PHP)
0,0,0,0,0,0,1,0,0,Database Administration
1,0,1,1,1,1,0,0,0,Full Stack Web Development
0,0,0,0,0,0,1,0,1,Database Administration
1,1,0,0,0,1,1,0,1,Full Stack Web Development
0,0,0,0,0,1,1,0,1,Data Science
1,0,0,1,0,0,0,0,1,Full Stack Web Development
1,1,0,0,0,1,0,0,1,Frontend Web Development
0,0,0,0,0,1,0,0,0,Python Programming
0,0,0,0,0,0,1,0,1,Database Administration
1,0,0,1,1,1,1,0,1,Full Stack Web Development
0,0,0,0,0,1,1,0,0,Data Science
0,0,0,0,0,0,0,0,0,Python Programming
1,1,1,0,0,0,1,0,0,Frontend Web Development
0,0,0,0,0,1,1,0,1,Data Science
0,0,1,0,1,0,0,0,1,Full Stack Web Development
0,0,0,1,0,1,1,0,0,Backend Development (Java)
0,0,0,0,0,1,0,0,0,Python Programming
0,0,0,1,0,0,0,0,0,Backend Development (Java)
0,0,0,0,0,1,1,0,1,Data Science
1,0,0,0,1,0,0,0,0,Full Stack Web Development
0,0,0,0,0,1,0,0,0,Python Programming
0,0,0,0,0,1,1,0,1,Data Science
0,0,0,0,0,0,0,0,1,Python Programming
1,0,0,0,1,0,0,1,0,Competitive Programming (DSA)
0,0,0,0,0,0,0,0,0,Python Programming
0,0,0,1,0,0,1,0,0,Backend Development (Java)
1,0,1,1,0,1,0,0,1,Full Stack Web Development
0,0,0,1,0,0,0,0,0,Backend Development (Java)
1,0,0,0,0,0,0,0,1,Frontend Web Development
1,1,0,0,0,0,0,0,0,Frontend Web Development
0,0,0,0,0,1,1,0,1,Data Science
0,0,0,1,1,1,1,0,0,Backend Development (PHP)
0,0,0,0,0,0,1,0,1,Database Administration
0,0,0,1,1,0,1,0,1,Backend Development (PHP)
0,0,0,1,0,1,0,0,1,Backend Development (Java)
0,0,0,0,0,1,1,0,0,Data Science
1,1,0,1,1,0,0,0,1,Full Stack Web Development
0,0,0,1,0,0,1,0,1,Backend Development (Java)
0,0,0,0,0,1,1,0,1,Data Science
0,0,0,0,0,0,1,0,0,Database Administration
0,0,0,0,0,1,1,0,0,Data Science
0,0,0,1,0,1,1,0,1,Backend Development (Java)
0,0,0,0,1,1,1,1,1,Competitive Programming (DSA)
0,1,1,0,0,1,0,0,1,Frontend Web Development
0,1,0,1,0,1,1,1,1,Competitive Programming (DSA)
1,0,1,0,0,0,0,0,0,Frontend Web Development
1,1,0,0,0,1,1,0,0,Frontend Web Development
1,1,0,0,0,0,0,0,1,Frontend Web Development
0,0,0,0,0,0,1,0,0,Database Administration
0,0,0,1,0,1,1,0,1,Backend Development (Java)
0,0,0,0,0,1,0,0,1,Python Programming
0,0,0,0,0,1,1,0,1,Data Science
0,0,0,0,1,0,1,0,1,Backend Development (PHP)
0,0,0,0,1,0,1,0,1,Backend Development (PHP)
0,1,0,0,0,1,0,0,0,Frontend Web Development
0,0,0,0,0,1,1,0,0,Data Science
0,0,0,0,0,1,1,0,1,Data Science
0,0,0,1,1,0,1,0,0,Backend Development (PHP)
0,1,0,0,0,0,0,0,0,Frontend Web Development
0,1,1,1,0,0,1,0,1,Full Stack Web Development
0,0,0,1,0,1,0,0,1,Backend Development (Java)
0,0,0,1,0,1,1,0,1,Backend Development (Java)
0,0,0,0,0,1,1,0,1,Data Science
0,0,0,0,0,1,1,0,0,Data Science
0,0,0,1,0,1,1,0,0,Backend Development (Java)
0,0,0,1,1,1,1,0,0,Backend Development (PHP)
0,0,0,0,0,1,0,0,1,Python Programming
0,0,0,0,0,1,0,0,0,Python Programming
0,0,0,0,1,1,1,0,0,Backend Development (PHP)
0,0,0,1,0,1,0,0,1,Backend Development (Java)
0,0,0,0,0,0,1,0,1,Database Administration
1,1,0,1,0,0,0,1,0,Competitive Programming (DSA)
0,0,0,1,1,1,1,0,0,Backend Development (PHP)
0,0,0,1,0,1,1,0,0,Backend Development (Java)
0,0,0,0,0,1,1,0,1,Data Science
0,0,1,0,0,0,1,1,1,Competitive Programming (DSA)
1,0,1,0,0,1,0,1,0,Competitive Programming (DSA)
0,0,0,0,0,0,1,0,0,Database Administration
0,0,0,0,0,0,0,0,0,Python Programming
0,1,1,1,0,0,0,1,0,Competitive Programming (DSA)
0,0,0,0,0,1,1,0,0,Data Science
0,1,0,0,0,1,0,1,0,Competitive Programming (DSA)
0,1,0,0,1,1,1,1,0,Competitive Programming (DSA)
0,0,0,1,0,1,1,0,0,Backend Development (Java)
1,1,1,0,1,1,0,1,0,Competitive Programming (DSA)
1,1,1,0,1,0,1,0,1,Full Stack Web Development
1,1,0,0,1,0,1,1,0,Competitive Programming (DSA)
0,0,0,0,0,1,1,0,0,Data Science
0,0,0,0,0,1,0,0,1,Python Programming
0,0,0,0,0,0,0,0,0,Python Programming
0,1,1,1,0,0,1,1,1,Competitive Programming (DSA)
0,0,0,1,0,1,0,0,1,Backend Development (Java)
0,1,1,0,0,0,0,0,1,Frontend Web Development
1,1,1,1,1,0,1,1,1,Competitive Programming (DSA)
0,1,0,0,0,0,0,0,0,Frontend Web Development
0,0,0,0,0,0,1,0,1,Database Administration
1,0,1,0,1,1,1,0,1,Full Stack Web Development
0,0,0,0,0,0,1,0,1,Database Administration
0,0,0,0,0,0,1,0,0,Database Administration
0,1,1,0,1,1,1,0,0,Full Stack Web Development
0,0,0,0,0,1,1,0,0,Data Science
0,0,0,0,0,1,1,0,0,Data Science
1,1,1,0,0,1,1,0,0,Frontend Web Development
0,0,0,0,1,0,1,1,0,Competitive Programming (DSA)
0,0,0,0,0,1,1,0,1,Data Science
0,0,0,1,1,1,0,0,1,Backend Development (PHP)
0,0,0,1,1,0,0,0,0,Backend Development (PHP)
0,0,0,0,0,0,1,0,1,Database Administration
0,0,0,1,1,1,0,0,0,Backend Development (PHP)
0,0,1,1,0,1,1,1,0,Competitive Programming (DSA)
0,0,0,1,0,0,0,0,1,Backend Development (Java)
0,0,0,1,1,0,1,0,1,Backend Development (PHP)
0,0,0,1,0,0,1,0,1,Backend Development (Java)
0,0,0,0,0,1,1,0,1,Data Science
1,0,0,0,1,0,0,1,1,Competitive Programming (DSA)
0,0,0,0,1,1,0,0,0,Backend Development (PHP)
0,0,0,1,0,0,0,0,1,Backend Development (Java)
0,1,0,0,1,0,0,0,1,Full Stack Web Development
0,0,0,1,1,1,0,0,0,Backend Development (PHP)
0,0,0,0,0,0,0,0,0,Python Programming
0,0,0,0,0,1,1,0,1,Data Science
0,0,0,0,0,0,1,0,0,Database Administration
1,0,1,1,1,0,0,1,1,Competitive Programming (DSA)
0,0,0,1,1,1,0,0,1,Backend Development (PHP)
0,0,0,1,0,0,1,0,0,Backend Development (Java)
1,0,0,0,0,1,1,1,0,Competitive Programming (DSA)
0,0,0,1,0,0,1,0,0,Backend Development (Java)
0,0,0,0,0,0,1,0,0,Database Administration
1,0,0,0,0,1,0,1,0,Competitive Programming (DSA)
0,0,0,0,0,0,1,0,0,Database Administration
0,0,0,0,0,0,1,0,0,Database Administration
0,0,0,0,1,1,1,0,0,Backend Development (PHP)
0,0,0,1,1,1,0,0,0,Backend Development (PHP)
0,0,0,0,0,0,0,0,0,Python Programming
0,1,0,1,0,1,0,0,0,Full Stack Web Development
0,0,0,0,0,0,1,0,1,Database Administration
0,1,1,0,0,1,1,0,0,Frontend Web Development
0,0,0,0,1,1,0,0,1,Backend Development (PHP)
0,0,0,0,0,1,1,0,0,Data Science
0,0,0,0,1,1,1,0,0,Backend Development (PHP)
0,0,0,0,1,1,0,0,0,Backend Development (PHP)
0,0,0,0,1,0,0,0,0,Backend Development (PHP)
1,1,0,1,1,0,0,1,1,Competitive Programming (DSA)
0,0,0,1,0,0,1,0,1,Backend Development (Java)
1,0,0,0,0,0,1,1,0,Competitive Programming (DSA)
1,0,1,0,1,0,1,0,0,Full Stack Web Development
0,0,1,1,0,1,0,1,1,Competitive Programming (DSA)
0,0,0,1,1,0,1,0,1,Backend Development (PHP)
0,0,0,0,0,1,1,0,0,Data Science
0,1,0,0,0,0,0,1,1,Competitive Programming (DSA)
0,0,0,0,0,0,1,0,1,Database Administration
0,0,0,0,0,0,0,0,0,Python Programming
0,0,1,0,1,1,0,0,0,Full Stack Web Development
0,0,0,0,0,1,0,0,0,Python Programming
0,0,0,0,0,1,0,0,0,Python Programming
0,0,0,1,0,0,1,0,1,Backend Development (Java)
0,0,0,0,0,0,1,0,1,Database Administration
0,0,0,1,1,1,1,0,1,Backend Development (PHP)
0,0,0,1,0,0,1,0,1,Backend Development (Java)
0,0,0,0,0,0,0,0,1,Python Programming
1,1,0,0,0,0,1,0,0,Frontend Web Development
1,1,1,0,0,0,0,0,0,Frontend Web Development
0,0,0,0,0,0,1,0,1,Database Administration
0,0,0,0,0,0,0,0,0,Python Programming
0,0,0,1,0,0,0,0,0,Backend Development (Java)
0,0,0,1,0,1,0,0,0,Backend Development (Java)
0,0,0,0,1,0,0,0,1,Backend Development (PHP)
0,0,0,0,0,1,1,0,1,Data Science
1,0,1,0,0,1,1,0,0,Frontend Web Development
0,1,0,0,0,0,1,0,0,Frontend Web Development
0,1,1,1,0,1,0,1,1,Competitive Programming (DSA)
0,0,0,1,0,1,0,0,1,Backend Development (Java)
0,1,0,0,0,0,1,0,0,Frontend Web Development
0,1,1,0,0,1,0,0,0,Frontend Web Development
0,0,0,0,0,0,0,0,1,Python Programming
0,1,0,0,0,0,0,0,0,Frontend Web Development
1,0,0,0,0,1,0,0,1,Frontend Web Development
0,0,0,1,0,1,1,0,1,Backend Development (Java)
0,0,0,1,1,1,1,0,0,Backend Development (PHP)
1,1,1,0,1,1,0,0,1,Full Stack Web Development
0,0,1,1,0,1,0,0,0,Full Stack Web Development
0,0,0,0,0,0,1,0,0,Database Administration
0,0,0,0,0,0,1,0,0,Database Administration
0,0,0,1,0,1,0,0,1,Backend Development (Java)
0,0,0,0,0,1,1,0,0,Data Science
0,0,0,1,0,0,1,0,0,Backend Development (Java)
1,1,1,0,0,0,1,0,1,Full Stack Web Development
0,0,0,0,0,1,1,0,0,Data Science
0,0,1,1,0,0,0,1,1,Competitive Programming (DSA)
1,1,1,0,0,0,1,0,1,Full Stack Web Development
0,1,0,0,0,0,0,0,0,Frontend Web Development
0,0,0,1,0,0,1,0,1,Backend Development (Java)
0,0,0,1,1,1,0,0,0,Backend Development (PHP)
0,0,0,1,1,1,1,0,1,Backend Development (PHP)
0,0,0,1,0,1,0,0,1,Backend Development (Java)
0,0,0,0,0,0,1,0,1,Database Administration
0,0,0,0,0,1,0,0,0,Python Programming
0,0,0,1,0,0,0,0,1,Backend Development (Java)
0,0,0,0,0,0,1,0,0,Database Administration
0,0,0,1,1,0,0,0,0,Backend Development (PHP)
0,0,0,0,0,0,1,0,1,Database Administration
1,1,0,0,0,0,0,0,0,Frontend Web Development
0,1,1,1,0,1,0,0,1,Full Stack Web Development
0,0,0,0,0,1,1,0,1,Data Science
1,0,0,0,0,0,1,0,0,Frontend Web Development
0,0,0,1,1,1,1,0,1,Backend Development (PHP)
0,0,0,1,0,1,0,0,1,Backend Development (Java)
0,0,0,0,0,0,0,0,1,Python Programming
0,0,0,0,0,1,1,0,0,Data Science
0,0,0,0,0,1,1,0,1,Data Science
0,0,0,1,0,0,0,0,0,Backend Development (Java)
1,0,1,0,1,0,0,1,0,Competitive Programming (DSA)
0,0,0,0,0,0,0,0,0,Python Programming
0,0,0,0,0,1,1,0,1,Data Science
0,1,1,0,0,1,1,1,1,Competitive Programming (DSA)
1,1,0,1,1,1,0,1,0,Competitive Programming (DSA)
0,0,0,0,0,1,1,0,0,Data Science
0,0,0,0,0,1,1,0,1,Data Science
1,0,0,1,0,1,1,0,0,Full Stack Web Development
0,0,0,0,0,0,0,0,1,Python Programming
0,0,0,0,0,0,1,0,1,Database Administration
0,0,0,1,0,1,0,0,0,Backend Development (Java)
0,0,0,0,0,0,1,0,0,Database Administration
1,1,1,0,0,0,0,1,0,Competitive Programming (DSA)
0,0,0,0,0,1,1,0,0,Data Science
0,0,0,0,0,1,1,0,0,Data Science
0,0,1,1,1,0,0,1,1,Competitive Programming (DSA)
1,0,0,1,1,1,1,0,1,Full Stack Web Development
0,0,0,1,0,1,0,0,0,Backend Development (Java)
0,0,0,0,0,0,1,0,1,Database Administration
1,0,0,0,0,0,1,1,1,Competitive Programming (DSA)
0,0,0,0,0,1,1,0,0,Data Science
1,0,0,1,1,1,0,1,1,Competitive Programming (DSA)
0,0,0,1,1,1,0,1,1,Competitive Programming (DSA)
1,0,0,1,1,1,0,1,1,Competitive Programming (DSA)
0,0,0,0,0,1,1,0,0,Data Science
0,0,1,1,0,1,1,1,0,Competitive Programming (DSA)
0,0,0,0,0,1,1,0,0,Data Science
0,0,0,0,0,1,0,0,1,Python Programming
0,0,0,0,0,0,1,0,1,Database Administration
0,0,0,1,0,1,1,0,1,Backend Development (Java)
0,0,0,1,0,1,1,0,0,Backend Development (Java)
1,0,0,1,1,0,0,0,1,Full Stack Web Development
0,0,0,1,1,1,1,0,1,Backend Development (PHP)
0,0,0,0,0,1,0,0,0,Python Programming
0,0,0,0,0,1,0,0,0,Python Programming
0,1,1,1,1,1,0,0,0,Full Stack Web Development
0,0,0,0,0,0,1,0,1,Database Administration
0,0,0,1,1,0,1,0,1,Backend Development (PHP)
0,1,1,0,0,0,0,0,0,Frontend Web Development
0,0,0,0,0,1,0,0,1,Python Programming
0,0,0,1,1,0,1,1,0,Competitive Programming (DSA)
0,0,0,0,0,1,1,0,0,Data Science
1,1,1,1,0,1,1,1,1,Competitive Programming (DSA)
1,1,0,1,1,0,0,0,1,Full Stack Web Development
1,0,1,0,0,1,0,0,1,Frontend Web Development
0,0,0,0,0,0,0,0,0,Python Programming
1,0,0,1,0,0,1,1,0,Competitive Programming (DSA)
0,0,0,0,0,1,0,0,1,Python Programming
0,0,0,1,0,0,0,0,1,Backend Development (Java)
0,0,0,0,0,0,0,0,1,Python Programming
0,0,0,0,0,0,1,0,1,Database Administration
0,0,0,1,0,1,1,0,0,Backend Development (Java)
0,0,0,1,0,1,1,0,0,Backend Development (Java)
0,0,0,0,1,1,1,0,0,Backend Development (PHP)
0,1,0,1,1,1,1,1,0,Competitive Programming (DSA)
0,0,0,0,0,1,0,0,0,Python Programming
0,1,0,0,0,1,1,0,0,Frontend Web Development
0,0,0,0,0,0,0,0,0,Python Programming
0,0,0,0,0,1,1,0,0,Data Science
0,1,0,1,1,1,0,0,1,Full Stack Web Development
0,0,0,0,0,0,1,0,1,Database Administration
1,1,1,0,0,0,1,0,0,Frontend Web Development
0,0,0,0,0,0,0,0,1,Python Programming
0,1,0,1,1,0,0,0,1,Full Stack Web Development
0,1,1,0,0,0,0,0,1,Frontend Web Development
0,0,0,0,0,0,1,0,1,Database Administration
0,0,0,0,0,0,1,0,1,Database Administration
0,0,0,1,0,1,0,0,0,Backend Development (Java)
1,1,0,0,1,1,0,0,0,Full Stack Web Development
0,0,0,0,0,0,1,0,0,Database Administration
0,0,0,1,0,1,0,0,1,Backend Development (Java)
0,1,0,0,1,1,0,0,1,Full Stack Web Development
0,0,0,0,0,1,1,0,1,Data Science
0,0,0,0,0,1,0,0,1,Python Programming
0,0,0,0,0,1,0,0,0,Python Programming
0,0,0,0,0,0,1,0,0,Database Administration
0,1,1,0,1,1,0,1,1,Competitive Programming (DSA)
1,0,1,1,1,1,1,1,1,Competitive Programming (DSA)
0,0,0,1,0,0,1,0,1,Backend Development (Java)
0,0,1,0,0,0,0,0,1,Frontend Web Development
0,1,0,1,1,0,0,0,1,Full Stack Web Development
0,0,0,1,1,1,0,0,0,Backend Development (PHP)
0,1,0,0,0,0,0,0,1,Frontend Web Development
0,0,0,0,0,1,0,0,1,Python Programming
0,0,0,0,0,1,1,0,1,Data Science
0,0,0,0,0,0,1,0,0,Database Administration
0,0,0,0,0,0,1,0,0,Database Administration
0,0,0,1,0,1,1,0,0,Backend Development (Java)
0,0,0,0,0,0,1,0,1,Database Administration
0,0,0,0,0,0,1,0,0,Database Administration
0,1,0,0,0,0,0,0,1,Frontend Web Development
0,0,0,0,0,1,1,0,1,Data Science
0,0,0,1,0,0,1,0,0,Backend Development (Java)
0,0,0,0,0,0,1,0,0,Database Administration
0,1,0,1,1,0,1,1,1,Competitive Programming (DSA)
0,1,0,0,0,0,0,0,0,Frontend Web Development
0,0,0,0,0,0,1,0,1,Database Administration
0,0,0,0,1,1,0,0,1,Backend Development (PHP)
0,1,0,0,1,0,0,0,1,Full Stack Web Development
0,0,0,0,0,1,1,0,1,Data Science
0,0,0,0,0,1,0,1,0,Competitive Programming (DSA)
0,0,0,0,0,0,1,0,0,Database Administration
0,0,1,0,0,1,1,1,1,Competitive Programming (DSA)
0,0,0,1,0,1,1,0,0,Backend Development (Java)
1,1,1,0,0,0,0,0,0,Frontend Web Development
0,0,0,0,0,1,1,0,0,Data Science
1,0,0,1,1,1,0,0,0,Full Stack Web Development
1,0,0,0,0,1,0,0,1,Frontend Web Development
0,0,1,1,0,1,1,1,1,Competitive Programming (DSA)
1,0,0,0,0,0,1,0,0,Frontend Web Development
0,1,0,0,1,0,1,0,1,Full Stack Web Development
0,0,0,1,0,0,1,0,1,Backend Development (Java)
0,0,0,0,1,1,1,0,1,Backend Development (PHP)
0,0,0,1,0,0,0,0,1,Backend Development (Java)
0,0,0,1,0,0,1,0,1,Backend Development (Java)
0,0,0,0,0,0,1,0,1,Database Administration
0,0,0,0,0,1,0,0,1,Python Programming
0,0,0,0,0,1,1,0,0,Data Science
0,0,0,0,1,1,0,0,1,Backend Development (PHP)
0,0,0,0,0,0,1,0,0,Database Administration
0,0,0,0,0,0,0,0,1,Python Programming
0,0,0,0,0,0,1,0,1,Database Administration
1,0,1,0,1,0,0,0,0,Full Stack Web Development
0,0,0,0,0,0,0,0,0,Python Programming
1,1,0,0,0,0,0,0,0,Frontend Web Development
1,0,1,1,1,1,0,1,1,Competitive Programming (DSA)
0,0,1,1,1,1,0,1,0,Competitive Programming (DSA)
0,0,0,0,1,0,1,0,1,Backend Development (PHP)
0,0,0,0,0,0,1,0,1,Database Administration
1,0,0,0,0,1,1,1,0,Competitive Programming (DSA)
0,0,0,1,1,0,1,0,0,Backend Development (PHP)
0,0,0,0,1,1,0,0,1,Backend Development (PHP)
0,0,0,1,0,1,1,0,0,Backend Development (Java)
0,0,0,1,1,0,0,0,0,Backend Development (PHP)
0,0,0,1,0,1,1,0,0,Backend Development (Java)
0,0,0,0,0,0,0,0,0,Python Programming
0,0,0,0,0,0,1,0,1,Database Administration
0,0,0,0,0,1,0,0,0,Python Programming
0,0,0,0,0,0,0,0,1,Python Programming
0,0,0,0,0,1,0,0,1,Python Programming
0,0,0,1,1,0,1,0,0,Backend Development (PHP)
0,0,0,0,1,0,0,1,1,Competitive Programming (DSA)
0,0,0,0,1,1,1,0,1,Backend Development (PHP)
0,0,0,0,0,0,1,0,0,Database Administration
1,1,0,1,0,0,1,1,1,Competitive Programming (DSA)
0,0,0,0,0,1,0,0,1,Python Programming
0,0,0,0,0,0,1,0,1,Database Administration
0,0,0,0,0,1,1,0,1,Data Science
0,0,0,0,1,0,0,0,1,Backend Development (PHP)
0,0,0,0,1,0,0,0,0,Backend Development (PHP)
0,1,1,1,0,0,1,0,0,Full Stack Web Development
0,0,0,0,1,1,0,0,1,Backend Development (PHP)
1,0,0,0,1,0,1,1,0,Competitive Programming (DSA)
1,0,1,1,0,1,1,0,1,Full Stack Web Development
0,0,0,0,0,0,1,0,0,Database Administration
0,0,0,1,0,1,1,0,0,Backend Development (Java)
0,1,0,0,1,1,0,0,0,Full Stack Web Development
0,0,0,1,0,0,1,0,1,Backend Development (Java)
0,0,0,1,0,1,1,0,1,Backend Development (Java)
0,0,0,0,0,0,0,0,1,Python Programming
0,0,0,0,0,0,0,0,0,Python Programming
0,0,0,1,1,1,0,1,0,Competitive Programming (DSA)
0,0,0,0,0,0,0,0,0,Python Programming
0,0,1,0,0,0,0,0,0,Frontend Web Development
0,0,0,0,1,1,1,0,0,Backend Development (PHP)
0,0,0,0,0,0,0,0,0,Python Programming
0,0,0,0,0,0,1,0,0,Database Administration
1,0,1,0,1,0,0,1,0,Competitive Programming (DSA)
0,1,1,1,1,1,0,0,0,Full Stack Web Development
1,0,0,0,1,1,1,1,1,Competitive Programming (DSA)
1,0,0,1,1,1,1,1,1,Competitive Programming (DSA)
0,0,0,0,0,0,1,0,1,Database Administration
0,0,0,1,0,0,0,0,1,Backend Development (Java)
1,0,1,0,1,1,0,1,1,Competitive Programming (DSA)
0,0,0,1,1,0,1,0,0,Backend Development (PHP)
0,0,0,0,0,1,0,0,0,Python Programming
0,0,0,0,0,1,0,0,1,Python Programming
0,0,0,0,0,1,0,0,1,Python Programming
0,0,1,0,0,1,0,0,1,Frontend Web Development
0,0,1,0,1,0,0,1,1,Competitive Programming (DSA)
0,0,0,0,0,0,1,0,1,Database Administration
0,0,0,0,0,1,1,0,0,Data Science
0,0,0,0,0,1,1,0,0,Data Science
0,0,0,0,0,0,1,0,0,Database Administration
0,0,0,0,1,0,0,0,0,Backend Development (PHP)
0,0,0,1,0,0,1,0,0,Backend Development (Java)
0,0,0,0,0,0,1,0,1,Database Administration
0,0,0,0,0,1,1,0,0,Data Science
0,0,0,0,0,0,1,0,1,Database Administration
0,0,0,1,0,0,1,0,1,Backend Development (Java)
1,0,0,1,0,0,0,0,1,Full Stack Web Development
0,0,0,0,0,1,1,0,0,Data Science
1,1,0,1,0,0,1,0,0,Full Stack Web Development
0,0,0,0,0,0,0,0,0,Python Programming
0,0,0,0,0,1,0,0,1,Python Programming
0,0,0,0,1,1,1,0,0,Backend Development (PHP)
1,0,1,0,0,0,0,0,1,Frontend Web Development
0,0,0,0,0,0,1,0,1,Database Administration
1,1,1,0,0,0,0,0,0,Frontend Web Development
0,0,0,0,0,0,1,0,0,Database Administration
0,0,0,0,0,0,1,0,1,Database Administration
0,0,0,0,0,0,1,0,1,Database Administration
0,0,0,1,0,0,0,0,1,Backend Development (Java)
1,1,1,0,0,0,1,0,0,Frontend Web Development
0,1,0,1,1,1,0,1,0,Competitive Programming (DSA)
0,0,0,1,0,1,1,0,1,Backend Development (Java)
1,0,0,0,1,0,0,1,1,Competitive Programming (DSA)
0,0,0,1,0,0,1,0,0,Backend Development (Java)
1,0,1,0,0,1,0,0,0,Frontend Web Development
0,0,0,0,0,0,0,0,0,Python Programming
0,0,0,1,0,1,1,0,1,Backend Development (Java)
0,0,0,0,0,1,1,0,0,Data Science
0,1,1,0,0,1,0,0,1,Frontend Web Development
0,0,0,0,0,0,1,0,1,Database Administration
0,0,0,0,0,1,1,0,0,Data Science
1,1,1,0,0,0,0,0,1,Frontend Web Development
1,1,1,1,1,1,0,1,0,Competitive Programming (DSA)
0,0,0,0,1,1,1,0,1,Backend Development (PHP)
0,0,0,0,0,1,0,0,0,Python Programming
0,0,0,0,1,0,1,0,1,Backend Development (PHP)
0,1,1,0,0,0,0,0,0,Frontend Web Development
0,0,0,0,0,1,1,0,0,Data Science
0,1,0,0,1,1,1,0,0,Full Stack Web Development
0,0,1,0,0,0,0,0,0,Frontend Web Development
0,0,0,1,0,1,1,0,0,Backend Development (Java)
0,0,0,0,0,0,1,0,0,Database Administration
0,0,0,0,0,0,1,0,0,Database Administration
0,0,0,0,0,0,0,0,0,Python Programming
1,0,1,0,0,1,1,0,0,Frontend Web Development
1,1,1,0,0,1,0,1,1,Competitive Programming (DSA)
0,0,0,1,0,1,0,0,0,Backend Development (Java)
0,0,0,0,1,1,1,0,0,Backend Development (PHP)
0,0,0,0,0,1,1,0,1,Data Science
1,1,1,1,1,1,1,0,0,Full Stack Web Development
0,0,0,0,0,0,1,0,1,Database Administration
1,0,0,1,0,0,1,0,0,Full Stack Web Development
0,0,0,0,0,0,1,0,0,Database Administration
0,0,0,0,0,0,1,0,0,Database Administration
0,0,0,0,0,0,1,0,0,Database Administration
0,0,0,1,1,1,1,0,1,Backend Development (PHP)
0,0,0,1,0,1,0,0,1,Backend Development (Java)
0,0,0,0,0,1,1,0,0,Data Science
0,0,0,0,0,0,1,0,0,Database Administration
1,1,1,1,1,0,0,0,1,Full Stack Web Development
0,1,1,1,1,1,0,1,1,Competitive Programming (DSA)
0,1,0,1,1,1,1,0,1,Full Stack Web Development
0,1,1,1,0,0,1,0,1,Full Stack Web Development
0,0,0,1,1,1,1,0,0,Backend Development (PHP)
1,1,0,0,0,0,1,1,0,Competitive Programming (DSA)
0,0,0,0,0,1,1,0,1,Data Science
0,0,0,0,0,0,1,0,1,Database Administration
1,0,1,1,1,1,1,0,1,Full Stack Web Development
0,0,0,0,0,1,1,0,1,Data Science
0,0,0,1,0,0,0,0,0,Backend Development (Java)
0,1,0,0,0,1,0,1,0,Competitive Programming (DSA)
1,1,0,0,0,1,1,0,0,Frontend Web Development
0,0,0,0,0,1,0,0,1,Python Programming
0,0,0,1,1,0,1,0,1,Backend Development (PHP)
0,0,0,0,0,1,1,0,0,Data Science
0,0,0,0,0,0,1,0,0,Database Administration
0,0,0,0,0,1,1,0,0,Data Science
0,0,0,0,0,1,1,0,1,Data Science
0,0,0,1,0,0,0,0,0,Backend Development (Java)
0,0,0,0,0,0,1,0,1,Database Administration
0,0,0,1,0,0,1,0,1,Backend Development (Java)
0,0,0,1,1,1,1,0,0,Backend Development (PHP)
0,0,0,0,0,1,0,0,0,Python Programming
0,0,0,0,0,0,1,0,0,Database Administration
0,0,0,0,0,1,1,0,0,Data Science
1,0,1,0,1,0,0,1,1,Competitive Programming (DSA)
1,0,1,0,1,0,1,0,0,Full Stack Web Development
1,0,0,0,0,1,0,1,0,Competitive Programming (DSA)
0,0,1,1,1,0,0,1,0,Competitive Programming (DSA)
0,1,1,1,1,1,0,0,1,Full Stack Web Development
0,0,0,1,1,1,0,0,0,Backend Development (PHP)
1,0,1,0,0,0,1,0,0,Frontend Web Development
0,0,0,0,0,0,1,0,1,Database Administration
0,0,0,0,0,0,0,0,1,Python Programming
1,1,0,0,1,0,1,0,0,Full Stack Web Development
1,0,0,0,0,0,1,0,0,Frontend Web Development
0,0,1,0,0,0,0,0,1,Frontend Web Development
0,0,0,0,0,1,1,0,0,Data Science
0,0,0,1,0,0,0,0,1,Backend Development (Java)
0,1,0,0,1,1,0,0,0,Full Stack Web Development
0,0,0,0,0,1,0,0,1,Python Programming
0,0,0,1,0,1,0,0,0,Backend Development (Java)
1,0,0,0,0,0,0,0,1,Frontend Web Development
0,1,0,0,0,1,0,0,1,Frontend Web Development
0,0,0,1,1,0,0,0,1,Backend Development (PHP)
0,0,0,1,1,1,0,0,1,Backend Development (PHP)
1,1,0,0,0,1,0,0,1,Frontend Web Development
0,0,0,0,0,0,1,0,0,Database Administration
1,0,1,0,0,0,0,0,1,Frontend Web Development
0,0,0,0,1,1,0,0,1,Backend Development (PHP)
0,0,0,0,0,1,1,0,1,Data Science
0,0,0,1,0,1,0,0,0,Backend Development (Java)
1,0,0,0,0,1,0,0,1,Frontend Web Development
0,1,0,0,0,1,0,0,1,Frontend Web Development
0,0,0,0,0,1,0,0,1,Python Programming
0,1,1,0,0,0,1,0,0,Frontend Web Development
0,0,0,1,1,1,1,0,0,Backend Development (PHP)
0,1,1,0,0,0,0,0,0,Frontend Web Development
0,0,1,0,1,1,1,0,0,Full Stack Web Development
1,0,0,1,0,1,1,1,0,Competitive Programming (DSA)
1,1,0,0,0,0,1,0,0,Frontend Web Development
0,0,0,0,0,0,1,0,0,Database Administration
0,0,0,0,1,1,1,0,1,Backend Development (PHP)
1,1,0,1,0,1,1,0,1,Full Stack Web Development
0,0,0,1,1,0,0,0,0,Backend Development (PHP)
0,0,0,0,0,1,0,0,1,Python Programming
0,0,0,0,0,0,1,0,0,Database Administration
0,0,0,0,0,0,0,0,1,Python Programming
0,0,0,1,1,1,0,0,1,Backend Development (PHP)
0,0,0,0,0,1,1,0,0,Data Science
0,0,0,0,0,0,0,0,1,Python Programming
0,0,0,1,0,0,0,0,1,Backend Development (Java)
0,0,0,0,0,0,0,0,1,Python Programming
0,0,0,0,0,1,0,0,0,Python Programming
1,1,0,0,0,0,0,0,1,Frontend Web Development
0,0,0,1,1,0,0,0,0,Backend Development (PHP)
0,0,1,0,0,0,0,0,1,Frontend Web Development
0,0,1,0,0,0,0,0,1,Frontend Web Development
0,0,0,0,0,1,1,0,1,Data Science
1,1,0,0,1,0,1,1,1,Competitive Programming (DSA)
1,0,1,0,0,0,0,0,1,Frontend Web Development
0,0,0,0,0,1,0,0,1,Python Programming
0,0,0,0,0,1,1,0,0,Data Science
0,0,0,0,0,1,1,0,0,Data Science
0,0,0,0,0,1,1,0,0,Data Science
0,0,0,0,0,0,0,0,1,Python Programming
0,0,0,0,0,0,0,0,0,Python Programming
0,0,0,1,1,0,1,0,1,Backend Development (PHP)
0,0,0,0,0,1,1,0,1,Data Science
0,0,0,0,0,0,0,0,0,Python Programming
0,0,0,1,0,1,0,0,0,Backend Development (Java)
1,0,0,1,0,1,0,1,0,Competitive Programming (DSA)
0,0,0,1,0,1,1,0,1,Backend Development (Java)
0,0,0,0,0,1,1,0,1,Data Science
0,1,1,0,0,1,0,0,0,Frontend Web Development
1,1,0,0,0,1,1,0,0,Frontend Web Development
0,0,0,0,0,1,1,0,0,Data Science
0,0,0,1,0,1,1,0,1,Backend Development (Java)
0,0,0,1,0,0,0,0,1,Backend Development (Java)
0,0,0,0,1,0,0,0,1,Backend Development (PHP)
0,0,0,0,0,1,1,0,1,Data Science
0,0,0,1,0,0,0,0,1,Backend Development (Java)
1,0,1,0,1,0,0,1,0,Competitive Programming (DSA)
1,0,0,0,0,0,0,0,1,Frontend Web Development
1,0,1,0,0,0,0,1,0,Competitive Programming (DSA)
0,0,0,1,0,0,0,0,1,Backend Development (Java)
1,1,1,0,1,1,1,0,1,Full Stack Web Development
0,0,0,0,0,0,1,0,0,Database Administration
1,0,1,0,0,1,0,1,0,Competitive Programming (DSA)
0,0,0,0,0,1,1,0,0,Data Science
1,1,1,1,1,1,1,1,1,Competitive Programming (DSA)
0,1,0,0,0,1,0,1,1,Competitive Programming (DSA)
0,0,0,0,0,0,1,0,0,Database Administration
0,0,0,0,0,0,1,0,1,Database Administration
0,0,0,0,0,1,0,0,0,Python Programming
1,0,1,1,0,0,1,0,1,Full Stack Web Development
0,0,0,0,1,0,1,0,0,Backend Development (PHP)
0,0,0,0,0,1,1,0,1,Data Science
0,0,0,0,0,0,0,0,1,Python Programming
0,0,0,0,0,0,0,0,1,Python Programming
0,0,0,1,1,1,0,0,0,Backend Development (PHP)
0,0,0,0,0,1,1,0,0,Data Science
0,0,0,0,0,1,0,0,0,Python Programming
1,0,1,1,1,1,1,0,1,Full Stack Web Development
0,0,0,0,1,1,0,0,0,Backend Development (PHP)
0,0,0,1,1,0,0,0,1,Backend Development (PHP)
0,0,0,1,1,0,1,0,0,Backend Development (PHP)
0,0,0,0,0,1,0,0,0,Python Programming
0,0,0,1,0,1,1,0,1,Backend Development (Java)
0,0,0,0,0,1,1,0,0,Data Science
0,0,0,0,0,1,0,0,0,Python Programming
0,0,0,0,1,1,0,0,0,Backend Development (PHP)
0,1,1,1,0,0,1,0,1,Full Stack Web Development
0,1,1,1,0,1,0,0,1,Full Stack Web Development
0,1,1,0,0,0,0,1,1,Competitive Programming (DSA)
0,0,0,1,1,0,1,0,1,Backend Development (PHP)
0,0,0,1,0,1,1,0,1,Backend Development (Java)
0,0,0,0,0,0,1,0,0,Database Administration
0,0,0,0,0,1,1,0,0,Data Science
0,0,0,0,0,0,0,0,0,Python Programming
0,0,0,0,0,0,1,0,0,Database Administration
0,0,0,0,0,0,1,0,0,Database Administration
0,0,0,1,0,0,0,0,1,Backend Development (Java)
0,0,0,0,0,1,1,0,0,Data Science
0,0,0,1,1,0,0,0,1,Backend Development (PHP)
1,0,1,1,1,1,0,0,1,Full Stack Web Development
0,0,0,0,0,0,0,0,1,Python Programming
1,1,1,1,0,0,0,0,0,Full Stack Web Development
0,0,0,0,0,0,1,0,1,Database Administration
1,0,0,1,0,1,0,0,0,Full Stack Web Development
0,0,0,0,0,0,1,0,1,Database Administration
0,0,0,0,0,0,1,0,1,Database Administration
0,0,0,1,0,0,0,0,0,Backend Development (Java)
0,0,0,0,0,0,1,0,1,Database Administration
0,1,0,0,1,0,0,0,1,Full Stack Web Development
0,0,0,0,0,1,1,0,0,Data Science
0,0,0,0,0,0,0,0,1,Python Programming
0,0,0,1,0,0,0,0,0,Backend Development (Java)
0,0,0,0,0,0,1,0,0,Database Administration
0,0,0,1,1,1,1,0,1,Backend Development (PHP)
0,0,0,1,0,1,1,0,1,Backend Development (Java)
1,1,0,1,1,1,1,0,1,Full Stack Web Development
0,0,0,0,0,1,0,0,1,Python Programming
0,1,1,0,0,0,1,0,1,Full Stack Web Development
1,0,0,0,0,1,1,0,1,Full Stack Web Development
0,0,0,0,0,1,1,0,0,Data Science
0,0,0,0,0,0,1,0,1,Database Administration
0,0,0,0,0,0,1,0,1,Database Administration
0,0,0,0,0,1,1,0,0,Data Science
1,0,0,0,0,0,1,0,1,Full Stack Web Development
1,1,1,0,0,1,1,0,0,Frontend Web Development
1,0,0,0,0,0,1,0,0,Frontend Web Development
0,0,0,1,0,0,0,0,0,Backend Development (Java)
0,0,0,0,1,1,1,0,0,Backend Development (PHP)
1,0,1,1,1,1,0,0,1,Full Stack Web Development
0,0,0,0,0,0,0,1,1,Competitive Programming (DSA)
0,0,0,0,0,1,1,0,0,Data Science
1,1,0,0,0,0,0,1,1,Competitive Programming (DSA)
0,0,0,0,1,1,1,0,1,Backend Development (PHP)
0,0,0,0,0,1,1,0,0,Data Science
0,0,0,0,0,1,1,0,1,Data Science
0,0,0,0,0,0,0,0,1,Python Programming
1,0,0,0,0,0,0,0,0,Frontend Web Development
0,0,0,0,0,0,1,0,1,Database Administration
0,1,1,0,0,1,0,0,1,Frontend Web Development
0,0,0,0,0,1,0,0,1,Python Programming
0,0,0,0,0,0,0,0,1,Python Programming
0,0,0,0,0,1,1,0,1,Data Science
0,0,0,0,0,0,0,0,1,Python Programming
0,1,0,1,0,1,0,1,1,Competitive Programming (DSA)
0,1,1,1,0,1,0,0,0,Full Stack Web Development
1,1,0,1,1,0,1,0,0,Full Stack Web Development
1,0,1,0,0,0,0,1,0,Competitive Programming (DSA)
0,0,0,0,1,1,1,0,0,Backend Development (PHP)
0,0,0,1,1,1,0,0,0,Backend Development (PHP)
0,1,1,1,1,1,0,1,1,Competitive Programming (DSA)
0,0,0,1,1,1,1,0,0,Backend Development (PHP)
0,0,0,0,0,1,1,0,0,Data Science
0,0,0,0,0,0,1,0,1,Database Administration
0,1,0,0,1,0,0,1,0,Competitive Programming (DSA)
0,0,1,0,0,0,0,0,1,Frontend Web Development
0,0,0,1,0,1,0,0,1,Backend Development (Java)
1,1,1,0,0,0,0,0,1,Frontend Web Development
1,0,0,1,1,0,0,0,0,Full Stack Web Development
0,0,0,0,1,0,1,0,0,Backend Development (PHP)
0,0,0,0,0,1,1,0,0,Data Science
1,0,0,0,1,0,0,0,0,Full Stack Web Development
0,0,0,1,0,1,1,0,1,Backend Development (Java)
0,0,0,1,0,1,1,0,1,Backend Development (Java)
0,0,0,0,0,0,1,0,1,Database Administration
0,0,1,0,0,0,1,0,0,Frontend Web Development
0,1,1,0,0,1,1,0,0,Frontend Web Development
0,0,0,0,0,0,1,0,1,Database Administration
0,0,0,0,1,1,1,0,1,Backend Development (PHP)
0,0,0,0,0,0,1,0,0,Database Administration
0,0,0,0,1,1,1,0,0,Backend Development (PHP)
0,1,1,0,1,0,0,1,0,Competitive Programming (DSA)
0,0,0,0,0,0,1,0,0,Database Administration
0,0,0,1,0,0,1,0,1,Backend Development (Java)
0,1,0,0,1,0,1,1,0,Competitive Programming (DSA)
0,0,0,1,0,0,0,0,0,Backend Development (Java)
0,0,0,0,0,0,1,0,1,Database Administration
0,0,0,0,0,1,0,0,1,Python Programming
1,0,1,0,0,1,1,1,0,Competitive Programming (DSA)
0,0,0,0,0,1,1,0,0,Data Science
0,0,0,1,0,0,1,0,1,Backend Development (Java)
0,0,0,0,0,1,1,0,0,Data Science
0,0,0,0,0,1,1,0,1,Data Science
0,0,0,1,1,1,1,0,0,Backend Development (PHP)
0,0,0,1,0,0,1,0,1,Backend Development (Java)
0,0,1,0,1,0,0,1,0,Competitive Programming (DSA)
0,0,0,1,1,1,1,0,1,Backend Development (PHP)
1,1,1,0,0,1,1,0,0,Frontend Web Development
1,0,1,0,0,0,0,0,1,Frontend Web Development
0,0,1,0,0,1,1,0,1,Full Stack Web Development
0,0,0,0,0,1,1,0,1,Data Science
0,1,0,0,0,1,0,0,1,Frontend Web Development
0,1,0,0,1,0,1,0,0,Full Stack Web Development
0,0,0,0,0,1,1,0,1,Data Science
1,0,0,0,0,0,0,0,1,Frontend Web Development
1,0,0,1,0,1,1,1,0,Competitive Programming (DSA)
0,0,0,0,0,1,0,0,1,Python Programming
0,0,0,1,0,0,0,0,0,Backend Development (Java)
1,0,1,1,1,1,1,0,1,Full Stack Web Development
0,0,0,1,1,0,1,0,0,Backend Development (PHP)
0,0,0,0,0,0,0,1,1,Competitive Programming (DSA)
0,1,1,0,0,0,0,0,0,Frontend Web Development
0,0,0,1,0,0,1,0,1,Backend Development (Java)
0,0,0,0,0,1,1,0,0,Data Science
0,0,1,1,1,0,0,1,1,Competitive Programming (DSA)
0,1,1,0,1,1,0,1,1,Competitive Programming (DSA)
1,1,1,0,1,0,0,0,0,Full Stack Web Development
1,1,0,0,0,1,0,0,0,Frontend Web Development
0,1,0,1,0,0,0,0,0,Full Stack Web Development
0,0,1,0,0,0,0,1,0,Competitive Programming (DSA)
0,0,0,0,0,1,1,0,1,Data Science
0,0,0,1,0,0,1,0,1,Backend Development (Java)
0,0,0,0,0,0,0,0,0,Python Programming
1,1,0,0,0,1,0,0,0,Frontend Web Development
0,0,1,0,1,0,1,1,1,Competitive Programming (DSA)
0,0,0,0,1,0,1,0,0,Backend Development (PHP)
0,0,0,0,0,1,1,0,0,Data Science
1,1,1,0,1,0,0,1,1,Competitive Programming (DSA)
0,0,0,0,0,1,1,0,1,Data Science
0,0,0,0,0,0,0,0,1,Python Programming
0,0,0,0,0,1,1,0,1,Data Science
0,0,0,1,0,1,1,0,0,Backend Development (Java)
0,0,0,0,0,0,1,0,1,Database Administration
1,1,0,1,1,0,1,0,1,Full Stack Web Development
1,1,1,1,0,0,0,1,1,Competitive Programming (DSA)
0,0,0,1,0,0,0,0,0,Backend Development (Java)
0,0,0,0,0,0,0,0,1,Python Programming
0,0,0,1,1,1,1,0,1,Backend Development (PHP)
0,1,1,0,0,1,1,0,0,Frontend Web Development
0,0,0,0,0,0,0,0,1,Python Programming
0,0,0,0,0,0,1,0,0,Database Administration
0,0,0,0,0,0,1,0,0,Database Administration
0,0,0,0,0,0,1,0,1,Database Administration
0,0,0,0,0,1,1,0,0,Data Science
0,0,0,0,1,1,1,1,1,Competitive Programming (DSA)
1,0,1,1,0,1,1,0,0,Full Stack Web Development
0,0,0,0,0,0,0,0,1,Python Programming
0,0,0,0,1,1,1,0,0,Backend Development (PHP)
0,0,0,0,0,0,0,0,1,Python Programming
0,0,0,1,0,1,1,0,0,Backend Development (Java)
0,0,0,1,0,1,1,0,0,Backend Development (Java)
1,0,1,0,0,0,1,0,0,Frontend Web Development
0,0,0,1,1,1,1,0,0,Backend Development (PHP)
0,0,0,1,1,0,0,0,0,Backend Development (PHP)
0,0,1,1,1,0,0,1,0,Competitive Programming (DSA)
0,0,0,0,0,0,0,0,0,Python Programming
1,1,1,0,1,0,0,0,0,Full Stack Web Development
0,0,0,1,1,1,0,0,1,Backend Development (PHP)
0,1,1,1,0,1,1,1,0,Competitive Programming (DSA)
0,1,0,1,0,1,1,0,1,Full Stack Web Development
0,0,0,1,0,0,0,0,0,Backend Development (Java)
0,0,0,0,0,1,1,0,1,Data Science
1,1,0,0,0,1,0,0,1,Frontend Web Development
0,0,0,1,0,0,1,0,1,Backend Development (Java)
1,1,0,0,1,0,0,0,1,Full Stack Web Development
0,1,1,0,1,1,0,0,1,Full Stack Web Development
0,0,0,0,1,0,1,0,1,Backend Development (PHP)
0,0,0,0,0,1,0,0,1,Python Programming
0,0,0,0,0,0,1,0,1,Database Administration
0,0,0,1,0,0,0,0,0,Backend Development (Java)
0,0,0,0,0,1,1,0,0,Data Science
0,0,0,0,0,1,0,0,0,Python Programming
0,0,0,1,0,1,1,0,1,Backend Development (Java)
1,0,0,0,0,0,1,1,1,Competitive Programming (DSA)
0,1,0,0,1,0,0,0,0,Full Stack Web Development
0,1,1,0,0,1,1,0,0,Frontend Web Development
0,0,0,0,0,1,1,0,0,Data Science
0,0,0,0,0,1,1,0,0,Data Science
1,1,1,0,0,1,0,0,1,Frontend Web Development
0,0,0,0,0,1,0,0,0,Python Programming
0,0,0,0,0,1,1,0,0,Data Science
0,0,0,0,0,0,1,0,1,Database Administration
0,0,0,0,0,0,1,0,1,Database Administration
0,0,0,0,0,1,1,0,0,Data Science
0,0,0,0,0,0,0,0,1,Python Programming
1,1,1,1,0,1,0,0,1,Full Stack Web Development
0,0,0,1,0,0,1,0,1,Backend Development (Java)
0,0,0,0,1,1,1,0,1,Backend Development (PHP)
1,1,0,0,0,0,0,0,1,Frontend Web Development
1,0,1,0,1,0,0,0,1,Full Stack Web Development
0,0,0,0,0,1,1,0,1,Data Science
0,0,0,0,0,0,0,0,1,Python Programming
1,1,0,0,0,1,0,0,0,Frontend Web Development
0,0,0,1,1,0,0,0,0,Backend Development (PHP)
0,1,0,0,0,0,0,0,0,Frontend Web Development
0,0,0,1,1,0,0,0,1,Backend Development (PHP)
0,0,0,0,0,1,1,0,0,Data Science
0,1,1,0,0,0,0,0,0,Frontend Web Development
0,0,0,0,0,1,1,0,1,Data Science
0,0,0,1,0,0,1,0,1,Backend Development (Java)
0,1,0,1,1,0,1,1,1,Competitive Programming (DSA)
1,1,1,0,0,0,1,1,1,Competitive Programming (DSA)
0,0,0,0,0,0,1,0,1,Database Administration
0,0,0,0,0,0,1,0,1,Database Administration
0,1,0,0,0,1,0,0,1,Frontend Web Development
0,0,0,0,0,1,1,0,1,Data Science
0,0,0,0,0,0,0,0,0,Python Programming
0,0,0,0,0,1,1,0,1,Data Science
0,0,0,1,0,1,0,0,1,Backend Development (Java)
0,0,1,1,0,1,1,0,0,Full Stack Web Development
1,0,0,1,1,0,0,1,0,Competitive Programming (DSA)
1,0,0,1,1,0,0,1,0,Competitive Programming (DSA)
1,1,1,0,0,0,0,0,0,Frontend Web Development
0,0,0,0,0,1,0,0,0,Python Programming
1,0,0,0,0,0,1,0,0,Frontend Web Development
0,0,0,0,0,0,1,0,0,Database Administration
0,0,0,0,0,1,1,0,1,Data Science
1,1,0,0,0,1,0,0,1,Frontend Web Development
0,0,1,1,0,1,0,1,0,Competitive Programming (DSA)
1,1,1,0,0,0,1,0,0,Frontend Web Development
1,1,1,0,1,0,0,1,0,Competitive Programming (DSA)
1,1,1,1,0,1,1,0,1,Full Stack Web Development
0,0,0,0,1,0,1,0,1,Backend Development (PHP)
0,0,0,1,0,0,0,0,1,Backend Development (Java)
0,0,0,0,0,1,1,0,0,Data Science
0,0,0,0,0,0,0,0,0,Python Programming
1,1,0,1,0,1,1,0,0,Full Stack Web Development
0,0,0,1,0,0,1,0,0,Backend Development (Java)
0,0,0,0,0,0,1,0,1,Database Administration
1,0,1,1,0,0,1,1,1,Competitive Programming (DSA)
0,1,1,0,1,1,0,0,1,Full Stack Web Development
0,0,1,0,0,1,0,0,0,Frontend Web Development
0,0,0,0,0,1,0,0,1,Python Programming
0,0,0,0,0,1,0,0,0,Python Programming
1,1,0,1,1,1,0,1,1,Competitive Programming (DSA)
0,0,0,1,0,1,1,0,0,Backend Development (Java)
0,0,0,1,0,1,0,0,0,Backend Development (Java)
0,0,0,0,0,0,1,0,0,Database Administration
0,0,0,0,0,0,0,0,0,Python Programming
0,0,0,1,1,1,0,0,1,Backend Development (PHP)
0,0,0,0,0,0,1,0,1,Database Administration
0,0,1,0,0,1,0,0,0,Frontend Web Development
0,0,0,0,0,1,1,0,0,Data Science
1,1,1,0,0,1,1,0,0,Frontend Web Development
0,0,0,0,0,0,1,0,1,Database Administration
1,0,1,1,1,0,1,1,0,Competitive Programming (DSA)
0,0,0,0,1,0,0,0,1,Backend Development (PHP)
0,0,0,1,1,1,1,0,1,Backend Development (PHP)
0,0,0,0,0,0,1,0,1,Database Administration
0,0,0,0,0,0,0,0,0,Python Programming
0,0,0,0,0,1,1,0,1,Data Science
0,0,0,0,0,0,1,0,1,Database Administration
0,0,0,0,0,1,1,0,1,Data Science
1,0,0,1,1,0,1,1,0,Competitive Programming (DSA)
0,0,0,1,0,1,0,0,1,Backend Development (Java)
0,1,1,0,1,0,1,0,1,Full Stack Web Development
0,1,1,1,1,0,1,1,0,Competitive Programming (DSA)
1,1,0,0,0,1,0,1,0,Competitive Programming (DSA)
0,0,0,1,0,0,0,0,0,Backend Development (Java)
0,0,1,1,0,1,0,1,1,Competitive Programming (DSA)
1,0,1,1,0,1,1,0,1,Full Stack Web Development
0,0,0,1,0,1,1,0,1,Backend Development (Java)
0,0,0,0,0,1,1,0,0,Data Science
0,0,0,1,1,0,1,0,1,Backend Development (PHP)
1,0,0,0,0,0,0,0,1,Frontend Web Development
0,1,0,1,0,1,0,1,0,Competitive Programming (DSA)
0,0,0,1,1,0,0,0,0,Backend Development (PHP)
0,0,0,0,0,1,1,0,0,Data Science
0,0,1,0,0,0,1,0,0,Frontend Web Development
0,0,0,0,0,0,1,0,0,Database Administration
0,0,1,0,0,0,1,0,0,Frontend Web Development
0,0,1,1,1,1,1,0,1,Full Stack Web Development
1,0,0,0,0,0,1,0,0,Frontend Web Development
0,0,0,0,0,0,0,0,1,Python Programming
0,0,0,0,1,0,1,0,0,Backend Development (PHP)
0,0,0,1,1,0,0,0,1,Backend Development (PHP)
0,0,0,1,1,1,0,0,0,Backend Development (PHP)
0,0,0,0,0,1,0,0,0,Python Programming
0,0,0,0,0,1,1,0,1,Data Science
0,0,0,1,0,1,0,0,1,Backend Development (Java)
0,0,0,1,1,0,1,0,1,Backend Development (PHP)
0,0,0,0,0,0,1,0,1,Database Administration
0,1,0,0,0,1,1,0,1,Full Stack Web Development
1,1,1,1,1,0,1,1,0,Competitive Programming (DSA)
0,0,0,1,1,1,1,0,0,Backend Development (PHP)
0,0,0,1,1,0,1,0,1,Backend Development (PHP)
0,0,0,0,0,0,1,0,1,Database Administration
0,0,0,0,0,0,0,0,1,Python Programming
0,0,0,0,0,0,0,0,1,Python Programming
0,0,0,0,0,1,1,0,1,Data Science
0,0,1,0,1,0,0,1,0,Competitive Programming (DSA)
0,0,0,0,0,0,1,0,1,Database Administration
1,1,1,1,1,1,0,1,1,Competitive Programming (DSA)
0,1,0,0,0,1,0,0,0,Frontend Web Development
0,0,0,0,0,0,1,0,0,Database Administration
0,0,0,0,0,0,0,0,0,Python Programming
0,0,0,0,0,0,1,0,1,Database Administration
0,0,1,1,1,0,0,1,1,Competitive Programming (DSA)
0,0,0,0,0,1,0,0,1,Python Programming
1,0,1,1,1,1,0,1,0,Competitive Programming (DSA)
0,0,0,0,0,0,1,0,0,Database Administration
0,0,0,0,0,0,1,0,0,Database Administration
0,0,0,0,0,0,0,0,0,Python Programming
0,0,0,0,0,0,0,0,1,Python Programming
1,1,0,0,0,0,0,0,1,Frontend Web Development
1,1,1,1,0,0,1,0,0,Full Stack Web Development
0,0,0,0,1,1,1,0,0,Backend Development (PHP)
0,0,0,0,0,1,1,0,0,Data Science
0,0,0,0,0,0,0,0,1,Python Programming
0,0,0,0,0,1,1,0,0,Data Science
0,0,0,0,0,1,0,0,1,Python Programming
0,1,0,0,1,1,1,0,0,Full Stack Web Development
0,0,0,0,0,0,1,0,0,Database Administration
0,0,0,1,1,0,1,0,1,Backend Development (PHP)
0,0,0,0,0,0,1,0,0,Database Administration
1,1,1,0,0,1,1,1,1,Competitive Programming (DSA)
0,0,0,0,0,1,1,0,0,Data Science
0,1,1,0,0,1,0,0,0,Frontend Web Development
1,1,1,0,1,0,0,1,0,Competitive Programming (DSA)
0,0,0,0,0,1,0,0,0,Python Programming
0,0,0,0,0,0,1,0,0,Database Administration
0,0,1,0,0,0,0,0,1,Frontend Web Development
0,0,0,1,0,0,0,0,1,Backend Development (Java)
0,0,0,0,0,0,1,0,1,Database Administration
0,0,0,1,0,1,1,0,1,Backend Development (Java)
0,0,0,0,0,1,0,0,1,Python Programming
0,0,0,0,0,0,1,0,0,Database Administration
0,0,0,0,0,1,1,0,1,Data Science
0,1,0,1,1,0,0,1,0,Competitive Programming (DSA)
1,0,1,1,1,0,1,0,0,Full Stack Web Development
0,0,0,0,1,1,0,0,0,Backend Development (PHP)
0,0,0,0,1,0,1,0,1,Backend Development (PHP)
0,0,0,0,0,1,0,0,1,Python Programming
0,0,0,0,0,0,1,0,0,Database Administration
0,0,0,0,0,1,1,0,1,Data Science
0,0,0,0,0,1,1,0,0,Data Science
0,0,0,1,0,0,0,0,1,Backend Development (Java)
0,0,0,0,0,0,1,0,0,Database Administration
0,0,0,0,0,1,0,0,1,Python Programming
0,0,0,1,1,0,0,0,1,Backend Development (PHP)
0,0,0,0,0,0,1,0,1,Database Administration
0,0,0,1,1,0,1,0,1,Backend Development (PHP)
0,0,0,1,0,0,0,0,1,Backend Development (Java)
0,1,0,1,1,1,1,0,0,Full Stack Web Development
0,0,0,0,1,1,0,0,0,Backend Development (PHP)
0,1,1,0,0,1,0,0,1,Frontend Web Development
1,1,1,0,1,0,0,0,0,Full Stack Web Development
0,0,0,0,0,1,0,0,1,Python Programming
0,1,0,0,0,1,1,0,0,Frontend Web Development
0,0,0,0,0,0,1,0,1,Database Administration
0,0,0,0,0,1,1,0,1,Data Science
1,1,1,0,0,0,1,1,1,Competitive Programming (DSA)
0,0,0,0,0,0,0,0,1,Python Programming
0,0,0,1,0,0,0,0,0,Backend Development (Java)
0,1,0,0,0,0,1,1,1,Competitive Programming (DSA)
1,1,1,0,0,0,1,0,0,Frontend Web Development
0,0,0,1,1,0,0,0,1,Backend Development (PHP)
0,0,0,1,0,0,0,0,1,Backend Development (Java)
1,0,1,1,1,1,0,1,0,Competitive Programming (DSA)
0,0,0,0,0,0,0,0,1,Python Programming
1,0,0,1,0,1,1,0,1,Full Stack Web Development
1,0,0,1,0,1,0,0,1,Full Stack Web Development
0,0,0,0,0,1,0,0,0,Python Programming
0,0,0,0,0,0,1,0,0,Database Administration
0,0,0,0,0,1,1,0,0,Data Science
0,0,0,1,1,1,1,0,1,Backend Development (PHP)
0,0,0,0,0,1,1,0,0,Data Science
1,0,0,0,0,1,0,0,1,Frontend Web Development
0,0,0,0,0,0,0,0,0,Python Programming
0,0,1,0,0,0,1,0,0,Frontend Web Development
0,0,1,1,0,0,1,1,0,Competitive Programming (DSA)
1,1,1,0,0,0,0,0,0,Frontend Web Development
0,1,0,1,0,0,0,0,0,Full Stack Web Development
0,0,0,0,0,1,1,0,1,Data Science
1,1,1,0,0,1,1,0,0,Frontend Web Development
0,0,0,1,0,1,1,0,0,Backend Development (Java)
1,1,0,0,1,1,0,0,1,Full Stack Web Development
0,0,0,1,0,0,1,0,1,Backend Development (Java)
0,0,0,0,0,1,0,0,1,Python Programming
1,1,1,0,0,1,1,1,0,Competitive Programming (DSA)
0,0,0,0,0,0,1,0,1,Database Administration
0,1,0,1,1,0,0,0,1,Full Stack Web Development
0,0,0,0,0,1,1,0,0,Data Science
0,1,1,1,0,0,1,1,1,Competitive Programming (DSA)
0,0,1,0,0,0,1,0,1,Full Stack Web Development
0,0,0,0,0,1,1,0,1,Data Science
1,0,1,1,0,0,0,1,0,Competitive Programming (DSA)
0,0,0,1,0,0,0,0,0,Backend Development (Java)
0,0,0,1,1,1,0,0,1,Backend Development (PHP)
0,0,0,0,0,1,0,0,1,Python Programming
0,0,0,1,0,1,1,0,1,Backend Development (Java)
0,0,0,0,0,1,1,0,0,Data Science
0,1,1,1,0,1,1,1,1,Competitive Programming (DSA)
1,0,1,0,0,0,1,1,1,Competitive Programming (DSA)
0,0,0,0,0,1,1,0,0,Data Science
0,0,0,0,0,0,1,0,1,Database Administration
0,0,1,1,0,1,0,1,0,Competitive Programming (DSA)
0,1,1,0,0,1,1,0,1,Full Stack Web Development
0,1,1,1,1,0,0,0,1,Full Stack Web Development
0,1,0,0,1,0,1,0,1,Full Stack Web Development
1,1,0,0,1,0,0,0,1,Full Stack Web Development
1,0,0,0,0,1,1,0,1,Full Stack Web Development
0,0,0,0,0,1,1,0,1,Data Science
0,0,0,0,0,1,0,0,0,Python Programming
0,0,0,1,0,1,1,0,0,Backend Development (Java)
0,1,0,1,1,0,0,0,1,Full Stack Web Development
0,1,1,0,0,1,1,0,0,Frontend Web Development
1,0,1,0,0,0,0,0,1,Frontend Web Development
0,0,0,0,1,0,1,1,1,Competitive Programming (DSA)
0,0,0,0,0,0,1,0,0,Database Administration
0,0,0,1,1,0,0,1,0,Competitive Programming (DSA)
0,0,0,0,0,0,0,0,0,Python Programming
0,0,0,0,0,0,1,0,1,Database Administration
0,0,0,0,0,1,0,0,0,Python Programming
0,0,0,1,1,0,1,0,1,Backend Development (PHP)
0,0,0,0,0,0,0,0,0,Python Programming
0,0,1,0,1,1,1,0,0,Full Stack Web Development
0,0,0,0,0,0,0,0,1,Python Programming
0,0,0,0,0,0,1,0,0,Database Administration
1,0,1,1,1,1,0,0,0,Full Stack Web Development
0,1,1,1,0,0,0,0,1,Full Stack Web Development
0,0,0,0,0,0,1,0,1,Database Administration
0,0,0,0,0,1,1,0,1,Data Science
0,1,1,0,0,1,0,0,0,Frontend Web Development
0,0,0,0,0,0,0,0,0,Python Programming
0,0,1,0,0,1,1,0,1,Full Stack Web Development
0,0,0,1,1,0,0,0,1,Backend Development (PHP)
0,0,0,1,0,1,1,0,1,Backend Development (Java)
0,0,0,1,1,0,0,0,0,Backend Development (PHP)
0,0,0,0,1,1,0,0,0,Backend Development (PHP)
0,0,0,1,0,1,1,0,0,Backend Development (Java)
0,0,0,0,0,0,1,0,0,Database Administration
0,1,1,1,0,0,0,0,1,Full Stack Web Development
0,0,0,0,0,1,1,0,0,Data Science
0,0,0,0,0,0,0,0,1,Python Programming
0,0,0,0,0,1,0,0,0,Python Programming
0,0,0,0,0,0,1,0,0,Database Administration
0,0,1,0,1,0,0,1,1,Competitive Programming (DSA)
0,0,0,0,1,0,1,0,0,Backend Development (PHP)
1,0,1,0,1,0,0,0,1,Full Stack Web Development
0,1,1,0,0,0,1,0,0,Frontend Web Development
0,0,0,1,0,0,0,0,1,Backend Development (Java)
0,0,0,1,1,1,0,0,1,Backend Development (PHP)
0,1,1,0,0,1,1,0,0,Frontend Web Development
0,0,0,1,0,0,0,0,1,Backend Development (Java)
0,0,0,0,0,1,0,0,0,Python Programming
0,0,0,1,1,0,0,0,1,Backend Development (PHP)
0,0,0,0,0,0,0,1,1,Competitive Programming (DSA)
0,1,0,0,0,1,1,0,1,Full Stack Web Development
0,0,1,1,0,0,0,1,1,Competitive Programming (DSA)
0,0,0,1,0,0,0,0,1,Backend Development (Java)
0,1,1,0,0,0,1,0,0,Frontend Web Development
0,1,1,1,0,1,0,0,1,Full Stack Web Development
1,1,0,1,1,0,0,0,1,Full Stack Web Development
0,0,0,1,0,1,0,0,0,Backend Development (Java)
0,0,0,0,0,1,0,0,1,Python Programming
1,0,0,1,0,1,0,0,1,Full Stack Web Development
0,0,0,0,0,0,1,0,0,Database Administration
0,0,0,0,0,0,1,0,1,Database Administration
0,0,0,1,0,0,0,0,0,Backend Development (Java)
0,0,0,0,1,0,0,0,0,Backend Development (PHP)
0,0,0,0,0,0,1,0,1,Database Administration
1,0,0,0,0,1,0,0,0,Frontend Web Development
1,0,0,0,0,1,0,0,1,Frontend Web Development
0,0,0,0,0,0,1,0,0,Database Administration
0,0,0,0,0,1,1,0,1,Data Science
0,0,0,0,0,0,0,0,0,Python Programming
0,0,0,1,0,0,0,0,0,Backend Development (Java)
0,0,0,0,0,0,0,0,0,Python Programming
0,0,0,1,0,1,1,0,0,Backend Development (Java)
0,1,1,1,0,1,0,0,1,Full Stack Web Development
0,0,0,0,0,1,0,0,0,Python Programming
0,1,0,0,0,0,0,1,0,Competitive Programming (DSA)
1,0,0,1,1,0,1,0,0,Full Stack Web Development
0,0,1,1,0,1,0,1,0,Competitive Programming (DSA)
1,1,1,0,0,1,1,0,0,Frontend Web Development
0,0,1,0,0,0,1,0,0,Frontend Web Development
0,0,0,1,0,0,1,0,1,Backend Development (Java)
0,0,0,0,0,0,0,0,0,Python Programming
0,0,0,1,1,0,1,0,0,Backend Development (PHP)
0,0,0,1,1,0,1,0,1,Backend Development (PHP)
0,1,0,0,0,0,1,0,0,Frontend Web Development
0,0,1,1,1,0,0,1,0,Competitive Programming (DSA)
0,0,0,1,0,0,0,0,1,Backend Development (Java)
0,0,0,0,0,1,1,0,0,Data Science
1,1,0,0,0,0,1,0,0,Frontend Web Development
1,1,1,0,0,0,1,0,0,Frontend Web Development
0,0,0,0,0,1,1,0,1,Data Science
0,0,0,1,0,0,0,0,0,Backend Development (Java)
0,1,0,0,0,0,1,1,0,Competitive Programming (DSA)
0,0,0,0,1,1,0,0,0,Backend Development (PHP)
0,0,0,0,0,1,1,0,1,Data Science
1,1,1,1,1,0,0,0,1,Full Stack Web Development
0,0,0,1,0,1,1,0,0,Backend Development (Java)
0,0,0,0,0,1,0,0,1,Python Programming
0,0,0,0,0,0,1,0,1,Database Administration
0,0,0,0,0,1,0,0,1,Python Programming
0,0,0,1,0,1,0,0,1,Backend Development (Java)
0,0,0,0,0,0,0,0,1,Python Programming
0,0,0,0,0,1,0,0,1,Python Programming
0,0,0,1,1,0,0,0,1,Backend Development (PHP)
1,1,1,0,0,1,1,0,1,Full Stack Web Development
0,0,0,0,0,0,0,1,0,Competitive Programming (DSA)
0,0,0,0,0,0,0,0,0,Python Programming
1,1,0,0,1,1,0,0,0,Full Stack Web Development
0,0,0,0,0,0,1,0,0,Database Administration
0,0,0,0,0,0,0,0,1,Python Programming
0,1,0,0,0,1,0,0,1,Frontend Web Development
0,0,0,0,0,1,0,0,0,Python Programming
0,0,0,1,0,0,1,0,1,Backend Development (Java)
1,0,1,1,0,0,1,1,0,Competitive Programming (DSA)
0,0,0,0,0,1,1,0,0,Data Science
0,0,0,0,0,0,0,0,1,Python Programming
0,1,1,0,0,1,0,0,0,Frontend Web Development
1,1,1,1,0,1,1,0,1,Full Stack Web Development
0,0,0,0,0,1,1,0,1,Data Science
0,0,0,0,0,1,1,0,1,Data Science
0,0,0,0,0,0,1,0,1,Database Administration
0,0,0,0,0,0,1,0,1,Database Administration
0,0,0,0,0,1,0,0,0,Python Programming
0,0,1,1,0,1,1,0,1,Full Stack Web Development
0,0,0,0,0,0,1,1,1,Competitive Programming (DSA)
0,0,0,1,1,0,1,0,0,Backend Development (PHP)
0,0,0,0,1,0,1,0,0,Backend Development (PHP)
0,0,0,0,0,0,1,0,1,Database Administration
0,0,0,0,0,1,1,0,1,Data Science
0,0,0,1,0,0,1,0,1,Backend Development (Java)
0,0,1,0,0,1,0,0,1,Frontend Web Development
0,0,0,0,0,1,0,0,1,Python Programming
0,0,0,0,0,0,0,0,0,Python Programming
0,0,1,0,1,0,1,0,0,Full Stack Web Development
1,1,1,0,1,0,0,0,1,Full Stack Web Development
0,0,0,0,0,1,0,0,1,Python Programming
1,0,0,1,1,1,0,0,1,Full Stack Web Development
0,0,0,0,0,1,0,0,1,Python Programming
0,0,0,0,0,1,1,0,1,Data Science
0,0,0,1,1,0,0,0,0,Backend Development (PHP)
0,0,0,1,0,1,1,0,0,Backend Development (Java)
0,0,0,0,0,0,1,0,0,Database Administration
1,1,1,0,1,1,0,0,0,Full Stack Web Development
1,0,0,0,1,1,1,0,1,Full Stack Web Development
1,0,1,0,0,1,1,0,1,Full Stack Web Development
1,1,1,1,1,1,0,0,1,Full Stack Web Development
0,0,1,1,1,1,1,1,1,Competitive Programming (DSA)
0,0,0,0,0,1,1,0,0,Data Science
0,0,0,1,0,0,0,0,0,Backend Development (Java)
1,0,1,1,1,0,0,1,1,Competitive Programming (DSA)
0,1,1,1,1,0,1,1,1,Competitive Programming (DSA)
0,0,0,0,0,0,1,0,1,Database Administration
0,0,0,0,0,1,0,0,0,Python Programming
0,0,0,0,0,0,1,0,1,Database Administration
0,0,0,1,0,1,0,0,0,Backend Development (Java)
0,0,0,0,0,1,1,0,0,Data Science
1,1,0,0,1,1,1,1,0,Competitive Programming (DSA)
0,0,0,0,0,1,0,0,0,Python Programming
0,0,0,1,1,1,1,0,0,Backend Development (PHP)
1,1,1,0,0,0,1,0,0,Frontend Web Development
0,0,0,0,0,1,1,0,0,Data Science
0,0,0,0,0,0,1,0,1,Database Administration
0,0,0,1,0,1,1,0,1,Backend Development (Java)
0,0,0,1,1,1,0,0,1,Backend Development (PHP)
0,1,1,0,0,0,0,0,1,Frontend Web Development
0,0,1,0,0,0,1,0,1,Full Stack Web Development
0,0,0,1,1,0,0,0,0,Backend Development (PHP)
0,0,0,0,0,1,0,0,1,Python Programming
0,0,0,0,0,1,1,0,1,Data Science
0,0,0,0,0,0,1,0,1,Database Administration
0,0,0,0,0,1,1,0,0,Data Science
0,0,0,0,0,1,0,0,1,Python Programming
0,0,0,0,0,0,1,0,1,Database Administration
0,0,0,0,0,1,0,0,1,Python Programming
0,0,0,0,0,1,0,0,0,Python Programming
0,0,0,1,0,1,0,0,0,Backend Development (Java)
0,0,0,1,1,0,1,0,0,Backend Development (PHP)
0,0,0,0,0,0,1,0,1,Database Administration
0,1,1,1,0,0,1,1,1,Competitive Programming (DSA)
1,1,1,1,1,1,1,0,1,Full Stack Web Development
0,0,0,0,0,1,1,0,1,Data Science
0,0,0,1,0,0,1,0,0,Backend Development (Java)
0,0,0,1,1,0,0,0,0,Backend Development (PHP)
1,0,0,1,1,1,1,0,0,Full Stack Web Development
1,0,1,1,1,0,0,1,1,Competitive Programming (DSA)
0,0,0,1,0,0,1,0,0,Backend Development (Java)
0,0,0,0,0,0,1,0,0,Database Administration
0,1,1,1,0,0,0,1,0,Competitive Programming (DSA)
0,0,1,1,1,1,1,1,1,Competitive Programming (DSA)
0,0,0,0,1,1,0,0,1,Backend Development (PHP)
0,0,0,1,0,0,0,0,0,Backend Development (Java)
0,0,0,1,0,0,1,0,0,Backend Development (Java)
0,0,0,0,0,1,1,0,0,Data Science
1,0,1,0,0,1,1,0,0,Frontend Web Development
1,1,1,0,0,1,0,0,1,Frontend Web Development
0,0,0,0,0,0,1,0,1,Database Administration
0,0,0,1,0,1,1,0,0,Backend Development (Java)
0,0,0,0,0,0,1,0,1,Database Administration
0,0,1,0,1,1,1,0,0,Full Stack Web Development
0,0,0,1,1,0,1,0,1,Backend Development (PHP)
0,0,0,1,0,1,0,0,1,Backend Development (Java)
0,0,0,0,1,0,1,0,1,Backend Development (PHP)
0,0,0,0,0,1,1,0,1,Data Science
0,0,0,1,1,0,0,0,1,Backend Development (PHP)
1,0,1,0,0,0,0,0,0,Frontend Web Development
1,0,1,0,0,1,0,1,1,Competitive Programming (DSA)
0,1,0,0,1,1,0,0,1,Full Stack Web Development
0,0,0,1,1,1,1,1,0,Competitive Programming (DSA)
0,1,1,0,0,0,0,0,1,Frontend Web Development
0,0,1,1,0,0,0,0,1,Full Stack Web Development
0,0,1,1,0,0,0,0,1,Full Stack Web Development
0,0,0,0,0,1,0,0,0,Python Programming
0,0,0,0,0,0,1,0,0,Database Administration
0,0,0,0,0,1,1,0,1,Data Science
0,0,0,1,0,0,0,0,0,Backend Development (Java)
0,0,0,1,1,0,0,0,0,Backend Development (PHP)
0,0,0,0,0,1,0,1,1,Competitive Programming (DSA)
0,0,0,0,0,1,1,0,0,Data Science
1,1,0,0,0,1,0,0,0,Frontend Web Development
0,0,0,0,1,1,0,0,1,Backend Development (PHP)
0,0,0,1,0,1,1,0,0,Backend Development (Java)
1,1,1,1,0,1,1,0,1,Full Stack Web Development
0,1,0,0,0,1,1,0,0,Frontend Web Development
0,0,0,0,0,1,0,0,0,Python Programming
0,0,0,0,0,1,0,0,1,Python Programming
0,0,0,1,1,1,0,0,1,Backend Development (PHP)
0,0,0,1,0,1,1,0,1,Backend Development (Java)
0,0,0,1,1,1,1,0,0,Backend Development (PHP)
0,0,0,0,0,1,0,0,1,Python Programming
0,0,0,1,0,1,0,0,1,Backend Development (Java)
1,0,1,0,0,0,1,0,0,Frontend Web Development
0,0,0,0,0,0,1,0,0,Database Administration
1,1,1,0,1,1,1,1,1,Competitive Programming (DSA)
1,0,1,1,1,0,0,0,0,Full Stack Web Development
0,0,0,0,0,0,1,0,0,Database Administration
1,1,0,1,0,0,0,0,0,Full Stack Web Development
0,0,0,0,0,0,1,0,1,Database Administration
0,0,0,0,0,1,1,0,1,Data Science
0,0,0,0,0,1,0,0,0,Python Programming
0,0,1,0,0,0,0,1,0,Competitive Programming (DSA)
0,0,0,0,0,0,1,0,0,Database Administration
0,1,0,0,0,0,1,1,0,Competitive Programming (DSA)
0,0,0,0,0,0,0,0,0,Python Programming
0,1,1,0,0,0,0,0,1,Frontend Web Development
0,0,0,0,0,1,0,0,0,Python Programming
0,0,0,1,1,0,0,0,1,Backend Development (PHP)
1,1,1,0,0,1,1,0,0,Frontend Web Development
0,0,0,0,0,0,1,0,1,Database Administration
1,0,0,1,1,1,0,1,1,Competitive Programming (DSA)
0,0,0,0,0,0,1,0,1,Database Administration
1,0,1,1,1,1,1,1,1,Competitive Programming (DSA)
0,0,0,0,0,1,1,0,0,Data Science
0,0,0,0,0,0,0,0,1,Python Programming
0,1,1,0,0,1,0,0,1,Frontend Web Development
0,0,0,0,0,0,0,0,1,Python Programming
1,1,1,0,0,1,0,1,0,Competitive Programming (DSA)
0,1,1,0,0,1,0,0,1,Frontend Web Development
0,0,0,0,1,1,1,0,0,Backend Development (PHP)
0,1,0,1,1,0,1,0,0,Full Stack Web Development
0,0,0,0,0,0,1,0,0,Database Administration
0,0,0,0,0,1,1,0,0,Data Science
0,0,0,1,1,0,1,0,1,Backend Development (PHP)
0,0,0,0,0,1,1,0,0,Data Science
0,0,0,1,0,1,0,0,1,Backend Development (Java)
0,0,0,0,0,1,1,0,1,Data Science
0,0,0,1,0,0,0,0,1,Backend Development (Java)
0,0,0,0,0,0,1,0,1,Database Administration
0,0,0,0,1,1,1,0,1,Backend Development (PHP)
0,1,1,1,1,0,0,0,1,Full Stack Web Development
0,1,0,1,1,0,1,1,0,Competitive Programming (DSA)
0,0,0,0,0,0,1,0,1,Database Administration
0,0,1,0,0,0,1,0,0,Frontend Web Development
0,0,0,0,0,0,1,0,1,Database Administration
1,1,0,1,0,0,1,1,1,Competitive Programming (DSA)
0,1,0,1,0,0,1,1,0,Competitive Programming (DSA)
0,0,0,0,1,1,0,0,0,Backend Development (PHP)
1,1,1,1,1,1,1,1,1,Competitive Programming (DSA)
0,0,0,0,0,1,1,0,1,Data Science
0,0,0,0,0,1,0,0,0,Python Programming
0,0,0,0,1,0,1,0,0,Backend Development (PHP)
1,1,0,1,0,1,1,1,1,Competitive Programming (DSA)
1,0,1,0,0,0,0,1,0,Competitive Programming (DSA)
0,0,0,0,0,1,1,0,1,Data Science
1,0,0,0,0,0,0,0,0,Frontend Web Development
0,0,0,0,0,0,1,0,0,Database Administration
0,0,0,1,1,1,1,0,1,Backend Development (PHP)
0,1,0,1,1,1,0,0,1,Full Stack Web Development
0,0,0,0,1,0,0,0,1,Backend Development (PHP)
0,0,0,0,1,1,1,0,1,Backend Development (PHP)
1,0,1,0,0,1,1,1,0,Competitive Programming (DSA)
0,0,0,0,0,1,1,0,1,Data Science
0,0,0,0,1,1,1,0,1,Backend Development (PHP)
0,0,0,0,0,1,1,0,1,Data Science
0,0,1,1,0,1,0,0,0,Full Stack Web Development
0,0,0,1,0,1,1,0,0,Backend Development (Java)
0,0,0,0,0,1,0,0,1,Python Programming
0,0,0,1,0,0,1,0,1,Backend Development (Java)
0,0,0,0,0,1,1,1,0,Competitive Programming (DSA)
0,1,1,1,1,0,1,0,1,Full Stack Web Development
0,0,0,0,0,1,0,0,1,Python Programming
0,0,0,1,1,0,1,0,1,Backend Development (PHP)
0,1,1,1,0,1,1,0,0,Full Stack Web Development
0,0,0,0,0,1,0,0,1,Python Programming
0,0,0,0,0,1,0,0,0,Python Programming
0,0,0,0,1,1,0,0,1,Backend Development (PHP)
0,0,0,0,0,0,1,0,1,Database Administration
0,0,0,0,1,1,0,0,0,Backend Development (PHP)
0,0,0,1,1,1,1,0,0,Backend Development (PHP)
0,1,1,0,0,0,0,0,0,Frontend Web Development
0,0,0,1,0,1,0,0,1,Backend Development (Java)
0,0,0,0,0,1,1,0,0,Data Science
0,0,0,0,0,1,1,0,1,Data Science
0,0,0,0,1,0,0,0,1,Backend Development (PHP)
0,0,0,0,1,0,1,0,0,Backend Development (PHP)
1,1,0,1,0,0,0,0,1,Full Stack Web Development
0,0,0,0,0,1,0,0,1,Python Programming
1,0,1,1,1,1,1,1,1,Competitive Programming (DSA)
0,0,0,0,0,1,1,0,0,Data Science
0,0,0,0,0,0,0,0,0,Python Programming
1,1,0,0,0,1,1,0,0,Frontend Web Development
1,0,0,0,1,1,0,0,1,Full Stack Web Development
0,1,0,1,1,1,1,0,0,Full Stack Web Development
0,0,1,1,1,1,1,0,0,Full Stack Web Development
0,0,0,0,0,0,1,0,0,Database Administration
1,1,0,0,1,1,0,1,0,Competitive Programming (DSA)
1,0,0,0,0,0,0,0,0,Frontend Web Development
0,0,0,1,0,1,0,0,0,Backend Development (Java)
1,0,1,1,1,0,0,0,0,Full Stack Web Development
0,0,0,0,0,0,1,0,0,Database Administration
0,0,0,0,0,0,1,0,0,Database Administration
1,1,0,0,1,0,1,1,1,Competitive Programming (DSA)
0,1,1,1,0,0,1,1,1,Competitive Programming (DSA)
0,0,0,0,0,1,1,0,1,Data Science
0,0,0,1,0,0,1,0,0,Backend Development (Java)
1,1,1,1,0,1,1,0,1,Full Stack Web Development
1,1,0,1,1,0,0,1,1,Competitive Programming (DSA)
1,1,1,1,1,1,0,1,1,Competitive Programming (DSA)
0,0,0,0,0,0,1,0,1,Database Administration
0,0,0,0,0,0,0,0,1,Python Programming
0,0,0,0,0,1,0,0,0,Python Programming
0,0,0,0,0,1,1,0,0,Data Science
0,0,0,0,0,0,1,0,0,Database Administration
0,0,0,1,0,1,0,0,0,Backend Development (Java)
0,0,0,0,0,1,1,0,1,Data Science
0,0,0,0,1,0,1,0,1,Backend Development (PHP)
0,1,0,0,0,1,0,1,1,Competitive Programming (DSA)
0,0,0,0,0,1,0,0,1,Python Programming
0,0,0,0,0,1,1,0,1,Data Science
0,0,0,0,0,0,1,0,1,Database Administration
0,0,0,0,0,0,1,0,1,Database Administration
0,0,0,0,1,0,1,0,0,Backend Development (PHP)
0,0,0,0,0,1,0,0,1,Python Programming
0,0,0,1,0,0,1,0,1,Backend Development (Java)
1,1,1,0,0,0,1,0,1,Full Stack Web Development
0,0,0,1,1,0,0,0,1,Backend Development (PHP)
0,0,0,0,0,1,1,0,0,Data Science
1,0,1,1,0,1,0,0,0,Full Stack Web Development
0,0,0,0,1,1,0,0,0,Backend Development (PHP)
0,0,0,0,0,1,1,0,1,Data Science
0,0,0,0,0,1,1,0,1,Data Science
0,0,0,1,0,1,0,0,1,Backend Development (Java)
0,0,0,0,0,1,1,0,1,Data Science
0,1,0,1,1,1,1,1,1,Competitive Programming (DSA)
0,0,0,1,0,1,1,0,0,Backend Development (Java)
1,1,1,0,1,0,1,0,0,Full Stack Web Development
1,1,0,1,0,1,0,0,1,Full Stack Web Development
1,0,0,0,0,1,0,0,1,Frontend Web Development
0,1,1,0,0,1,0,0,1,Frontend Web Development
0,0,0,1,1,0,0,0,1,Backend Development (PHP)
0,0,0,0,0,0,0,0,1,Python Programming
0,0,0,0,0,0,1,0,1,Database Administration
0,0,0,0,0,1,1,0,0,Data Science
0,1,0,1,0,0,1,0,0,Full Stack Web Development
0,0,0,1,0,0,1,0,0,Backend Development (Java)
1,1,0,0,0,1,0,0,0,Frontend Web Development
0,0,0,0,0,0,1,0,0,Database Administration
0,0,0,1,0,1,0,0,1,Backend Development (Java)
0,0,0,0,0,0,0,0,1,Python Programming
0,1,1,1,1,0,0,0,1,Full Stack Web Development
0,0,0,0,1,1,1,0,0,Backend Development (PHP)
0,1,0,1,0,0,1,1,0,Competitive Programming (DSA)
0,0,0,0,0,0,0,0,1,Python Programming
1,0,0,0,0,1,0,0,0,Frontend Web Development
0,0,0,1,0,0,1,0,0,Backend Development (Java)
1,0,0,1,1,0,0,1,0,Competitive Programming (DSA)
1,1,0,1,1,1,0,0,0,Full Stack Web Development
0,0,0,1,0,1,1,0,0,Backend Development (Java)
0,0,0,0,0,0,1,0,1,Database Administration
0,0,0,1,1,0,1,1,1,Competitive Programming (DSA)
0,0,0,0,1,0,0,0,0,Backend Development (PHP)
0,0,0,1,0,0,0,0,0,Backend Development (Java)
0,1,0,0,0,1,0,0,0,Frontend Web Development
0,1,0,1,1,1,1,0,1,Full Stack Web Development
0,0,0,0,0,1,1,0,0,Data Science
0,0,0,0,0,1,0,0,1,Python Programming
0,0,0,1,0,0,0,0,0,Backend Development (Java)
1,1,1,0,0,1,1,0,1,Full Stack Web Development
1,0,1,1,1,1,1,1,1,Competitive Programming (DSA)
0,0,0,0,0,1,1,0,0,Data Science
1,1,1,1,1,0,1,0,0,Full Stack Web Development
0,0,0,0,1,1,1,0,1,Backend Development (PHP)
0,0,0,0,0,0,1,0,0,Database Administration
0,1,0,1,0,0,0,0,1,Full Stack Web Development
0,0,0,0,0,0,1,0,0,Database Administration
0,0,0,0,0,1,1,0,1,Data Science
0,0,0,1,0,1,0,0,0,Backend Development (Java)
0,0,1,0,1,0,0,0,0,Full Stack Web Development
1,1,1,0,0,0,0,0,0,Frontend Web Development
0,0,0,1,1,0,1,1,0,Competitive Programming (DSA)
0,0,1,0,1,1,1,1,1,Competitive Programming (DSA)
0,0,0,0,0,1,0,0,1,Python Programming
0,0,0,0,0,0,0,0,0,Python Programming
0,0,0,0,0,1,1,0,0,Data Science
0,0,0,0,0,1,1,0,1,Data Science
0,0,0,0,0,0,1,0,0,Database Administration
1,0,0,1,1,1,1,1,0,Competitive Programming (DSA)
0,1,1,0,0,1,0,0,0,Frontend Web Development
0,0,0,1,0,1,0,0,1,Backend Development (Java)
0,1,1,0,0,1,0,1,0,Competitive Programming (DSA)
1,1,1,0,1,1,1,1,1,Competitive Programming (DSA)
1,1,1,0,1,1,0,0,1,Full Stack Web Development
0,0,0,1,0,1,1,0,0,Backend Development (Java)
0,0,0,0,1,0,1,0,0,Backend Development (PHP)
0,0,1,0,1,1,0,0,0,Full Stack Web Development
0,1,1,1,0,1,0,0,0,Full Stack Web Development
0,0,0,0,0,1,1,0,0,Data Science
0,0,0,0,0,0,0,0,1,Python Programming
1,0,1,0,0,1,0,0,0,Frontend Web Development
1,0,1,0,1,1,0,0,1,Full Stack Web Development
0,1,1,0,1,0,1,1,1,Competitive Programming (DSA)
0,0,0,0,0,0,1,0,1,Database Administration
0,0,0,1,0,1,1,0,1,Backend Development (Java)
0,0,0,1,1,0,0,0,1,Backend Development (PHP)
0,0,0,1,1,1,0,0,1,Backend Development (PHP)
1,1,0,1,0,1,1,1,0,Competitive Programming (DSA)
0,0,0,1,0,0,1,0,0,Backend Development (Java)
0,0,1,0,0,1,0,0,1,Frontend Web Development
0,0,0,0,0,0,0,0,0,Python Programming
1,0,0,1,0,0,1,1,1,Competitive Programming (DSA)
0,0,0,1,0,1,0,0,1,Backend Development (Java)
0,0,0,0,0,0,0,0,0,Python Programming
0,1,1,0,0,0,1,1,0,Competitive Programming (DSA)
0,1,1,1,1,0,0,0,1,Full Stack Web Development
0,1,1,1,0,0,0,1,0,Competitive Programming (DSA)
1,1,0,1,0,0,1,0,0,Full Stack Web Development
0,0,0,0,0,1,1,0,1,Data Science
0,0,0,0,0,0,1,0,1,Database Administration
1,1,0,0,1,0,0,1,1,Competitive Programming (DSA)
1,1,0,0,0,1,1,0,0,Frontend Web Development
0,0,0,0,0,1,0,0,1,Python Programming
0,0,0,0,0,0,1,0,0,Database Administration
0,1,1,0,0,0,0,0,1,Frontend Web Development
0,0,0,0,0,0,1,0,1,Database Administration
0,0,0,0,0,0,1,0,0,Database Administration
0,1,0,0,0,1,0,0,1,Frontend Web Development
0,0,0,1,0,1,0,0,0,Backend Development (Java)
0,0,0,0,0,0,0,0,1,Python Programming
0,0,0,0,0,0,1,0,1,Database Administration
0,0,0,1,1,0,1,1,1,Competitive Programming (DSA)
0,0,0,0,0,0,1,0,1,Database Administration
0,0,0,1,0,0,0,0,1,Backend Development (Java)
0,0,0,1,1,0,0,0,1,Backend Development (PHP)
0,1,1,0,0,0,0,0,0,Frontend Web Development
0,0,0,0,1,0,0,0,1,Backend Development (PHP)
0,0,1,0,0,0,1,1,1,Competitive Programming (DSA)
1,1,0,0,0,1,1,0,0,Frontend Web Development
0,0,0,1,1,0,0,0,0,Backend Development (PHP)
1,0,1,0,0,0,1,0,0,Frontend Web Development
0,0,0,0,0,1,0,0,1,Python Programming
0,0,0,0,0,0,1,0,0,Database Administration
0,0,0,1,0,0,1,0,0,Backend Development (Java)
0,0,0,1,0,1,1,0,1,Backend Development (Java)
0,0,0,0,0,1,1,0,0,Data Science
1,1,0,0,1,1,0,0,0,Full Stack Web Development
0,0,0,0,1,0,1,0,0,Backend Development (PHP)
0,0,0,0,1,1,1,0,0,Backend Development (PHP)
0,0,1,0,0,1,1,1,0,Competitive Programming (DSA)
0,0,0,0,1,0,1,0,1,Backend Development (PHP)
0,0,0,0,0,1,0,0,0,Python Programming
0,0,0,1,1,0,0,0,0,Backend Development (PHP)
1,0,0,0,1,0,1,0,1,Full Stack Web Development
0,0,0,0,0,1,1,0,1,Data Science
0,0,0,0,1,0,1,0,0,Backend Development (PHP)
0,0,0,1,0,0,0,0,1,Backend Development (Java)
0,0,0,1,0,1,0,0,1,Backend Development (Java)
1,0,0,0,0,0,0,0,0,Frontend Web Development
1,1,1,0,1,0,0,0,1,Full Stack Web Development
0,0,0,0,0,1,1,0,0,Data Science
0,0,0,1,1,1,0,0,0,Backend Development (PHP)
0,0,0,1,0,1,1,0,0,Backend Development (Java)
0,0,0,0,1,0,1,0,1,Backend Development (PHP)
0,0,0,0,0,1,0,0,1,Python Programming
0,0,0,0,0,1,0,0,0,Python Programming
0,0,0,1,1,1,1,0,0,Backend Development (PHP)
1,1,0,0,0,0,0,0,1,Frontend Web Development
0,0,0,1,1,1,1,0,1,Backend Development (PHP)
0,0,0,1,1,0,0,0,1,Backend Development (PHP)
0,0,1,0,0,0,0,0,1,Frontend Web Development
0,0,0,1,0,1,1,0,1,Backend Development (Java)
1,0,0,0,1,1,0,0,1,Full Stack Web Development
1,0,0,0,0,1,0,0,1,Frontend Web Development
0,0,0,0,0,0,1,0,1,Database Administration
0,1,1,0,0,0,1,0,0,Frontend Web Development
0,0,0,0,0,0,1,0,0,Database Administration
1,1,0,0,1,1,1,0,0,Full Stack Web Development
0,0,0,0,0,1,1,0,0,Data Science
0,0,0,0,0,0,1,0,1,Database Administration
0,0,0,0,0,0,1,0,0,Database Administration
0,0,0,0,0,0,1,0,1,Database Administration
0,0,0,0,0,0,1,0,1,Database Administration
0,0,0,0,0,1,1,0,1,Data Science
0,0,0,1,1,1,1,0,1,Backend Development (PHP)
0,1,1,0,1,1,1,0,1,Full Stack Web Development
0,0,0,0,0,0,1,0,0,Database Administration
1,0,0,0,0,1,0,0,1,Frontend Web Development
0,0,0,0,0,0,0,0,1,Python Programming
0,0,0,0,0,1,1,0,1,Data Science
0,0,0,0,1,1,1,0,1,Backend Development (PHP)
0,0,0,1,0,0,0,0,1,Backend Development (Java)
0,0,0,0,1,1,0,0,1,Backend Development (PHP)
0,0,0,1,0,0,0,0,1,Backend Development (Java)
0,0,0,0,0,1,1,0,0,Data Science
0,1,0,0,1,1,0,0,1,Full Stack Web Development
0,0,0,0,0,1,1,0,1,Data Science
0,0,0,1,0,1,1,1,1,Competitive Programming (DSA)
0,0,0,1,0,0,0,0,1,Backend Development (Java)
0,1,1,1,1,0,0,0,1,Full Stack Web Development
0,0,0,0,0,1,1,0,1,Data Science
0,0,0,0,0,0,0,0,1,Python Programming
0,0,0,1,0,0,1,1,1,Competitive Programming (DSA)
0,1,0,1,0,1,1,0,0,Full Stack Web Development
1,0,1,0,0,0,0,0,0,Frontend Web Development
1,1,0,0,0,1,0,0,1,Frontend Web Development
1,1,1,0,0,0,1,0,1,Full Stack Web Development
0,0,0,0,0,1,1,0,1,Data Science
0,0,0,0,0,1,1,0,1,Data Science
0,0,0,0,0,1,0,0,0,Python Programming
0,0,0,0,0,1,1,0,1,Data Science
0,0,0,0,0,0,1,0,0,Database Administration
0,1,1,1,1,1,1,0,1,Full Stack Web Development
1,0,1,0,0,0,0,1,0,Competitive Programming (DSA)
0,0,0,1,0,0,0,0,0,Backend Development (Java)
0,0,0,0,0,1,1,0,1,Data Science
0,0,0,0,0,0,1,0,1,Database Administration
0,0,0,0,1,0,1,0,0,Backend Development (PHP)
1,0,0,0,0,1,0,0,1,Frontend Web Development
1,1,0,0,0,1,0,0,0,Frontend Web Development
0,1,0,0,1,0,1,1,1,Competitive Programming (DSA)
0,0,0,1,0,0,1,0,1,Backend Development (Java)
0,0,0,1,0,1,0,0,1,Backend Development (Java)
0,0,0,0,0,1,1,0,0,Data Science
0,0,0,0,1,0,0,0,0,Backend Development (PHP)
0,0,0,1,0,0,0,0,1,Backend Development (Java)
1,1,0,0,1,0,1,1,0,Competitive Programming (DSA)
0,0,0,0,0,0,0,0,0,Python Programming
1,1,0,0,0,0,0,1,1,Competitive Programming (DSA)
0,1,0,0,1,1,1,1,0,Competitive Programming (DSA)
0,0,0,0,0,0,1,0,0,Database Administration
0,0,0,1,0,0,1,0,1,Backend Development (Java)
0,0,1,1,0,0,1,0,0,Full Stack Web Development
0,0,0,0,0,0,1,0,0,Database Administration
0,0,0,0,0,1,1,0,1,Data Science
0,0,0,1,1,0,1,0,0,Backend Development (PHP)
0,0,1,1,1,1,0,0,0,Full Stack Web Development
0,0,0,1,1,1,0,0,0,Backend Development (PHP)
1,0,1,0,1,1,1,1,0,Competitive Programming (DSA)
0,1,0,1,1,0,0,0,0,Full Stack Web Development
0,0,0,0,0,1,1,0,0,Data Science
0,0,0,0,0,1,1,0,0,Data Science
0,0,0,0,0,0,0,0,1,Python Programming
0,0,0,1,1,1,0,0,0,Backend Development (PHP)
0,0,0,0,0,0,1,0,1,Database Administration
0,0,0,0,1,1,0,0,1,Backend Development (PHP)
0,0,0,1,0,1,0,0,0,Backend Development (Java)
0,0,0,0,0,1,1,0,1,Data Science
1,0,1,0,0,1,1,1,0,Competitive Programming (DSA)
0,0,0,0,0,1,0,0,1,Python Programming
0,0,0,0,0,0,1,0,0,Database Administration
0,1,0,0,0,1,0,0,1,Frontend Web Development
0,0,0,0,0,1,1,0,1,Data Science
0,0,0,1,1,1,1,0,1,Backend Development (PHP)
1,0,1,1,0,1,1,1,1,Competitive Programming (DSA)
0,0,0,1,0,0,0,0,0,Backend Development (Java)
1,0,0,0,0,1,0,0,0,Frontend Web Development
0,0,0,1,1,0,0,0,0,Backend Development (PHP)
1,1,0,0,0,1,0,0,0,Frontend Web Development
0,0,0,0,0,0,0,0,1,Python Programming
0,0,0,1,0,1,0,0,0,Backend Development (Java)
0,0,0,1,0,1,0,0,1,Backend Development (Java)
0,0,0,1,0,0,1,0,0,Backend Development (Java)
0,0,0,0,0,0,1,0,1,Database Administration
0,0,0,0,0,1,0,0,1,Python Programming
0,0,0,0,0,0,1,0,0,Database Administration
0,0,0,0,0,0,0,0,0,Python Programming
0,0,0,1,0,0,1,0,1,Backend Development (Java)
1,0,1,1,1,1,0,0,0,Full Stack Web Development
1,1,1,0,1,1,1,0,1,Full Stack Web Development
0,0,0,1,1,1,1,0,0,Backend Development (PHP)
1,1,0,1,1,1,0,1,1,Competitive Programming (DSA)
0,0,0,0,0,1,1,0,1,Data Science
0,0,0,0,0,1,0,0,0,Python Programming
1,1,0,0,0,1,1,0,0,Frontend Web Development
1,1,0,1,1,0,1,1,1,Competitive Programming (DSA)
0,0,0,1,0,0,1,0,0,Backend Development (Java)
1,0,1,0,1,0,1,1,0,Competitive Programming (DSA)
0,0,0,0,0,0,1,0,0,Database Administration
1,0,0,0,0,1,0,0,1,Frontend Web Development
0,0,0,0,0,0,0,0,1,Python Programming
0,0,0,0,0,1,0,0,0,Python Programming
0,0,0,1,0,0,1,0,1,Backend Development (Java)
0,0,0,0,0,1,1,0,0,Data Science
0,0,0,0,0,0,1,0,0,Database Administration
1,0,0,0,1,0,1,1,1,Competitive Programming (DSA)
0,0,0,0,1,1,1,0,0,Backend Development (PHP)
0,0,1,0,1,1,0,1,1,Competitive Programming (DSA)
0,0,0,0,0,1,1,0,0,Data Science
0,0,0,1,1,0,0,0,1,Backend Development (PHP)
0,0,0,0,0,1,0,0,0,Python Programming
0,0,0,1,0,0,1,0,1,Backend Development (Java)
0,0,0,0,0,1,1,0,1,Data Science
0,0,0,0,0,1,1,0,0,Data Science
0,1,1,0,1,1,1,1,1,Competitive Programming (DSA)
0,0,0,0,0,1,1,0,1,Data Science
0,1,1,0,0,1,0,0,0,Frontend Web Development
0,0,0,0,0,1,1,0,0,Data Science
0,0,0,0,0,1,1,0,1,Data Science
0,0,0,1,0,1,1,0,0,Backend Development (Java)
0,0,0,0,1,0,0,0,0,Backend Development (PHP)
1,1,0,1,1,0,1,1,0,Competitive Programming (DSA)
0,0,1,1,0,0,1,0,1,Full Stack Web Development
0,0,0,0,1,0,1,0,0,Backend Development (PHP)
0,0,0,1,0,1,0,1,1,Competitive Programming (DSA)
0,0,0,1,0,0,0,0,1,Backend Development (Java)
0,0,0,0,0,0,1,0,0,Database Administration
0,0,0,0,0,0,0,0,0,Python Programming
0,0,0,1,1,1,0,0,1,Backend Development (PHP)
0,0,0,1,0,1,1,0,0,Backend Development (Java)
0,0,0,1,0,0,1,0,1,Backend Development (Java)
0,0,0,1,0,1,1,0,1,Backend Development (Java)
1,0,0,0,0,1,1,0,0,Frontend Web Development
0,0,0,1,1,1,1,0,0,Backend Development (PHP)
0,0,0,0,1,0,0,0,1,Backend Development (PHP)
0,1,1,1,0,1,0,1,1,Competitive Programming (DSA)
0,0,0,0,0,0,1,0,0,Database Administration
0,0,0,0,0,1,1,0,0,Data Science
0,0,1,1,0,0,1,1,1,Competitive Programming (DSA)
0,0,0,0,0,0,1,0,1,Database Administration
0,0,0,0,0,0,1,0,1,Database Administration
0,0,0,1,1,1,1,0,0,Backend Development (PHP)
0,0,0,0,0,1,1,0,0,Data Science
0,0,0,1,0,0,0,0,0,Backend Development (Java)
0,0,0,0,0,1,1,0,0,Data Science
0,0,0,1,1,1,1,0,0,Backend Development (PHP)
0,0,0,0,0,1,1,0,1,Data Science
1,0,0,0,0,1,0,0,0,Frontend Web Development
0,0,0,1,0,1,1,0,1,Backend Development (Java)
0,0,0,0,0,1,1,0,1,Data Science
0,0,0,1,0,0,0,1,1,Competitive Programming (DSA)
0,0,0,1,0,0,0,0,1,Backend Development (Java)
0,0,0,0,0,1,1,0,0,Data Science
0,0,1,1,1,1,1,0,1,Full Stack Web Development
0,0,1,0,0,1,0,0,1,Frontend Web Development
0,0,0,1,0,0,0,0,1,Backend Development (Java)
0,1,1,0,0,1,0,0,0,Frontend Web Development
0,0,0,0,1,0,1,0,0,Backend Development (PHP)
0,0,0,0,0,1,1,0,1,Data Science
1,0,0,1,1,0,0,0,0,Full Stack Web Development
0,1,1,1,1,1,1,1,1,Competitive Programming (DSA)
0,1,0,0,1,0,1,0,0,Full Stack Web Development
0,0,0,0,0,0,1,0,1,Database Administration
0,0,0,1,1,0,0,0,0,Backend Development (PHP)
0,0,0,0,0,0,1,0,0,Database Administration
0,0,0,1,0,0,0,0,1,Backend Development (Java)
0,1,1,1,1,1,0,0,0,Full Stack Web Development
1,1,0,0,1,1,1,1,0,Competitive Programming (DSA)
0,0,0,1,0,1,0,0,0,Backend Development (Java)
0,0,0,0,1,0,1,0,0,Backend Development (PHP)
1,1,1,1,1,1,0,1,1,Competitive Programming (DSA)
0,0,0,0,0,1,1,0,0,Data Science
1,0,1,1,0,1,1,1,1,Competitive Programming (DSA)
1,0,1,0,0,0,0,0,0,Frontend Web Development
1,1,1,1,0,1,1,0,1,Full Stack Web Development
0,0,0,0,0,0,1,0,0,Database Administration
1,0,1,0,0,1,1,0,0,Frontend Web Development
0,0,0,0,1,1,1,0,1,Backend Development (PHP)
0,0,0,0,0,1,1,0,0,Data Science
0,0,0,0,0,1,1,0,1,Data Science
0,0,0,1,0,0,1,0,0,Backend Development (Java)
0,0,0,0,0,1,1,0,1,Data Science
0,0,0,1,0,1,0,0,0,Backend Development (Java)
0,0,0,0,0,1,1,0,1,Data Science
0,0,0,0,0,0,1,0,0,Database Administration
0,0,0,1,0,1,1,0,0,Backend Development (Java)
0,0,0,0,0,0,1,0,0,Database Administration
1,1,0,1,0,0,0,1,1,Competitive Programming (DSA)
0,0,1,1,0,0,1,0,1,Full Stack Web Development
0,1,1,0,0,0,0,0,0,Frontend Web Development
0,0,0,0,1,1,1,0,0,Backend Development (PHP)
0,0,0,0,0,0,1,0,0,Database Administration
0,0,0,1,0,1,1,0,0,Backend Development (Java)
0,0,0,1,0,1,1,0,0,Backend Development (Java)
0,0,0,0,1,1,1,1,1,Competitive Programming (DSA)
0,0,0,0,0,0,0,0,1,Python Programming
1,0,1,0,0,1,0,0,0,Frontend Web Development
0,0,0,1,0,0,1,0,0,Backend Development (Java)
0,0,0,1,0,1,0,0,0,Backend Development (Java)
0,0,0,0,0,0,0,0,0,Python Programming
0,1,1,0,0,1,1,0,0,Frontend Web Development
0,0,0,1,0,1,0,0,1,Backend Development (Java)
0,0,1,0,1,0,1,1,1,Competitive Programming (DSA)
1,0,1,1,0,0,0,0,1,Full Stack Web Development
1,0,0,1,1,1,0,1,1,Competitive Programming (DSA)
0,0,0,0,0,0,1,0,1,Database Administration
0,0,0,0,0,1,1,0,0,Data Science
0,0,0,0,0,0,0,0,1,Python Programming
0,0,0,0,0,0,1,0,0,Database Administration
0,0,0,0,0,1,1,0,0,Data Science
0,0,0,0,0,0,0,0,0,Python Programming
0,0,0,0,0,1,1,0,1,Data Science
1,1,1,0,0,1,0,0,0,Frontend Web Development
0,0,0,0,0,0,0,0,1,Python Programming
0,0,0,0,1,1,0,0,1,Backend Development (PHP)
0,0,0,0,0,1,0,0,1,Python Programming
1,1,1,0,0,1,0,0,1,Frontend Web Development
0,1,0,1,0,1,1,0,0,Full Stack Web Development
0,0,0,0,0,1,0,0,0,Python Programming
0,0,0,1,0,0,0,0,0,Backend Development (Java)
0,0,1,0,0,0,0,0,0,Frontend Web Development
1,0,1,1,1,0,1,0,1,Full Stack Web Development
0,0,0,0,1,1,0,0,0,Backend Development (PHP)
0,0,0,0,1,0,0,1,1,Competitive Programming (DSA)
0,0,0,0,0,1,1,0,0,Data Science
0,0,0,1,1,1,1,0,1,Backend Development (PHP)
0,0,0,0,1,0,1,0,1,Backend Development (PHP)
0,0,0,0,0,0,1,0,0,Database Administration
0,0,0,0,0,1,1,0,1,Data Science
0,1,1,0,0,1,0,0,0,Frontend Web Development
0,1,1,1,1,1,1,1,1,Competitive Programming (DSA)
1,1,0,0,1,1,1,1,1,Competitive Programming (DSA)
0,0,0,1,0,0,0,0,1,Backend Development (Java)
0,0,0,0,0,0,1,0,0,Database Administration
1,1,0,1,1,0,1,1,0,Competitive Programming (DSA)
0,0,0,1,0,0,1,0,0,Backend Development (Java)
0,0,0,0,1,0,1,0,1,Backend Development (PHP)
0,0,0,1,1,0,1,0,1,Backend Development (PHP)
0,0,0,0,0,0,1,0,0,Database Administration
0,0,0,0,0,0,1,0,1,Database Administration
0,1,0,0,0,0,1,0,1,Full Stack Web Development
1,1,0,0,1,0,1,1,0,Competitive Programming (DSA)
0,0,0,0,1,1,1,0,0,Backend Development (PHP)
0,0,0,0,0,0,1,0,1,Database Administration
0,0,0,1,0,0,1,0,0,Backend Development (Java)
0,0,0,0,0,0,0,0,0,Python Programming
0,1,1,0,1,1,0,0,1,Full Stack Web Development
1,1,1,1,0,1,0,0,1,Full Stack Web Development
0,1,1,1,0,1,1,1,0,Competitive Programming (DSA)
0,1,1,0,1,0,1,0,0,Full Stack Web Development
0,0,0,1,0,1,0,0,0,Backend Development (Java)
0,0,0,0,0,0,0,0,1,Python Programming
1,1,0,0,1,1,1,1,1,Competitive Programming (DSA)
1,0,0,1,1,1,0,0,1,Full Stack Web Development
0,0,0,1,1,0,0,0,0,Backend Development (PHP)
1,0,1,0,0,1,0,0,0,Frontend Web Development
0,0,0,1,1,0,0,0,0,Backend Development (PHP)
0,0,0,1,1,1,1,0,1,Backend Development (PHP)
0,0,0,1,0,1,0,0,1,Backend Development (Java)
0,0,0,1,1,1,0,0,0,Backend Development (PHP)
0,0,0,0,0,1,1,0,0,Data Science
1,1,1,0,0,0,0,0,1,Frontend Web Development
0,0,0,0,0,0,0,0,0,Python Programming
1,0,0,0,1,0,1,0,1,Full Stack Web Development
0,0,0,1,1,0,0,0,1,Backend Development (PHP)
0,0,1,1,1,1,1,0,1,Full Stack Web Development
1,1,0,0,0,0,0,0,1,Frontend Web Development
0,0,0,1,1,0,0,0,1,Backend Development (PHP)
1,0,1,0,0,0,1,0,1,Full Stack Web Development
0,0,1,0,0,1,0,0,1,Frontend Web Development
0,0,0,0,0,1,1,0,1,Data Science
1,0,1,1,0,1,0,0,1,Full Stack Web Development
0,0,0,0,0,1,0,0,0,Python Programming
0,0,1,1,0,1,0,0,0,Full Stack Web Development
0,0,0,0,0,1,1,0,0,Data Science
0,0,1,1,1,1,1,1,1,Competitive Programming (DSA)
0,0,0,0,0,0,1,0,0,Database Administration
0,0,0,1,0,0,0,0,0,Backend Development (Java)
1,0,0,1,0,1,1,0,1,Full Stack Web Development
1,1,1,0,0,0,0,0,1,Frontend Web Development
0,0,0,1,1,0,1,0,1,Backend Development (PHP)
0,1,1,1,1,0,0,0,0,Full Stack Web Development
0,0,0,0,0,0,1,0,0,Database Administration
1,0,1,0,0,0,1,0,1,Full Stack Web Development
1,0,0,0,1,0,0,1,1,Competitive Programming (DSA)
0,0,0,1,0,1,1,0,1,Backend Development (Java)
0,0,1,0,1,0,0,0,0,Full Stack Web Development
0,0,0,0,0,1,0,0,0,Python Programming
0,0,1,0,0,0,1,0,0,Frontend Web Development
0,0,0,1,1,1,1,0,1,Backend Development (PHP)
1,1,1,0,1,0,1,0,1,Full Stack Web Development
0,0,0,0,0,1,1,0,1,Data Science
0,0,0,1,0,1,0,0,0,Backend Development (Java)
0,0,0,1,0,0,0,0,1,Backend Development (Java)
0,1,0,0,0,0,0,0,0,Frontend Web Development
0,0,0,0,0,1,0,0,1,Python Programming
0,1,0,0,0,1,1,0,0,Frontend Web Development
1,0,0,1,1,0,0,1,0,Competitive Programming (DSA)
0,0,0,0,0,1,1,0,0,Data Science
0,0,0,1,1,0,1,0,1,Backend Development (PHP)
0,0,0,1,0,0,1,0,1,Backend Development (Java)
0,0,0,0,0,0,1,0,0,Database Administration
0,0,0,1,0,0,0,0,0,Backend Development (Java)
0,0,0,1,0,0,1,0,0,Backend Development (Java)
1,0,0,0,1,0,1,1,0,Competitive Programming (DSA)
0,0,0,0,1,0,1,0,1,Backend Development (PHP)
0,1,0,1,1,1,0,1,1,Competitive Programming (DSA)
0,0,0,0,0,1,0,0,1,Python Programming
0,0,0,0,0,0,1,0,1,Database Administration
0,0,0,0,0,0,1,0,1,Database Administration
0,0,0,0,0,1,0,0,1,Python Programming
0,0,0,0,0,0,1,0,1,Database Administration
0,0,0,0,0,0,1,0,0,Database Administration
0,0,0,0,0,1,1,0,1,Data Science
0,0,0,1,1,1,1,0,0,Backend Development (PHP)
0,0,0,0,0,1,1,0,0,Data Science
0,0,0,0,1,1,1,1,0,Competitive Programming (DSA)
0,0,0,0,0,0,0,0,0,Python Programming
0,0,1,1,0,0,1,0,0,Full Stack Web Development
0,0,0,0,0,0,1,0,0,Database Administration
0,0,0,0,0,1,1,0,0,Data Science
0,0,0,0,0,1,1,0,1,Data Science
0,0,0,0,0,0,1,0,1,Database Administration
0,0,0,1,1,1,1,0,1,Backend Development (PHP)
0,0,0,0,0,1,0,0,0,Python Programming
0,0,0,0,0,0,0,0,0,Python Programming
1,1,0,0,0,0,0,0,0,Frontend Web Development
1,0,0,1,0,1,0,1,0,Competitive Programming (DSA)
0,0,0,1,0,1,0,0,1,Backend Development (Java)
0,1,1,0,0,1,0,0,0,Frontend Web Development
0,1,1,0,1,0,0,1,1,Competitive Programming (DSA)
0,1,1,0,0,1,0,0,0,Frontend Web Development
0,0,1,0,1,1,0,0,1,Full Stack Web Development
0,0,0,1,0,0,0,0,1,Backend Development (Java)
0,0,0,0,0,1,0,0,1,Python Programming
0,0,0,0,0,1,1,0,1,Data Science
0,0,0,0,0,1,1,0,1,Data Science
1,1,0,0,0,1,1,1,0,Competitive Programming (DSA)
1,1,0,0,0,0,0,0,1,Frontend Web Development
0,0,0,0,0,1,1,0,1,Data Science
0,0,0,0,0,1,1,0,0,Data Science
0,0,1,0,0,0,0,0,1,Frontend Web Development
0,0,0,1,0,1,0,0,1,Backend Development (Java)
0,0,0,0,0,0,1,0,0,Database Administration
0,0,0,0,1,1,1,0,0,Backend Development (PHP)
0,0,0,1,1,0,0,0,1,Backend Development (PHP)
0,0,0,0,1,1,1,0,0,Backend Development (PHP)
1,1,1,1,1,0,0,0,1,Full Stack Web Development
0,1,0,0,1,0,1,1,1,Competitive Programming (DSA)
1,0,1,1,1,1,1,0,0,Full Stack Web Development
0,0,0,1,1,1,0,0,1,Backend Development (PHP)
0,0,0,1,0,1,1,0,1,Backend Development (Java)
0,0,0,0,0,1,1,0,1,Data Science
0,0,0,0,0,0,0,0,1,Python Programming
1,1,1,0,1,1,0,0,0,Full Stack Web Development
0,1,0,0,0,0,1,0,0,Frontend Web Development
0,0,0,0,0,0,1,0,1,Database Administration
0,0,0,0,0,0,0,0,1,Python Programming
0,0,0,1,1,0,0,0,0,Backend Development (PHP)
0,0,1,0,0,0,1,0,1,Full Stack Web Development
0,0,1,1,1,0,1,0,1,Full Stack Web Development
0,0,0,0,0,1,1,0,1,Data Science
1,1,0,1,1,1,1,0,1,Full Stack Web Development
0,0,0,0,0,0,1,0,0,Database Administration
0,0,1,0,0,1,1,0,0,Frontend Web Development
0,0,0,1,0,1,0,0,0,Backend Development (Java)
0,0,0,0,0,1,1,0,0,Data Science
0,0,0,0,0,0,0,0,0,Python Programming
0,0,0,0,0,1,0,0,1,Python Programming
1,1,1,1,0,1,0,0,0,Full Stack Web Development
0,1,1,0,0,1,1,0,0,Frontend Web Development
0,0,0,1,1,1,0,1,0,Competitive Programming (DSA)
1,0,1,0,0,0,1,0,0,Frontend Web Development
0,0,0,0,0,0,0,0,0,Python Programming
0,0,0,0,0,0,0,0,0,Python Programming
0,1,1,1,1,1,0,1,0,Competitive Programming (DSA)
0,0,0,1,0,0,1,0,0,Backend Development (Java)
0,1,1,1,0,1,1,0,0,Full Stack Web Development
1,0,1,0,0,1,0,0,1,Frontend Web Development
0,0,0,0,0,0,0,0,1,Python Programming
0,0,0,1,1,0,1,0,1,Backend Development (PHP)
1,1,1,1,1,0,1,1,1,Competitive Programming (DSA)
0,0,0,0,0,1,0,0,1,Python Programming
0,0,0,1,1,1,1,0,1,Backend Development (PHP)
0,0,0,1,0,1,1,0,0,Backend Development (Java)
0,0,0,1,1,0,0,0,1,Backend Development (PHP)
0,1,0,0,0,0,0,0,0,Frontend Web Development
0,0,1,0,0,1,1,0,0,Frontend Web Development
0,1,1,0,0,1,0,1,0,Competitive Programming (DSA)
0,0,0,0,1,1,1,0,1,Backend Development (PHP)
0,0,0,0,0,1,1,0,0,Data Science
0,0,0,0,0,1,0,0,0,Python Programming
0,0,0,0,0,0,0,0,1,Python Programming
0,0,0,1,0,0,0,0,0,Backend Development (Java)
0,0,0,1,0,0,0,0,1,Backend Development (Java)
0,0,0,0,0,0,0,0,0,Python Programming
0,0,0,0,0,0,0,0,0,Python Programming
0,0,1,1,0,0,1,0,0,Full Stack Web Development
0,1,1,1,0,1,0,0,0,Full Stack Web Development
0,0,0,0,0,0,0,1,1,Competitive Programming (DSA)
0,0,0,0,0,0,1,0,0,Database Administration
1,1,0,0,0,1,1,0,0,Frontend Web Development
0,0,0,0,0,1,1,0,0,Data Science
0,0,1,1,1,1,0,0,0,Full Stack Web Development
0,0,0,0,1,1,1,0,0,Backend Development (PHP)
1,1,0,1,1,0,0,0,1,Full Stack Web Development
0,0,0,1,1,0,1,0,0,Backend Development (PHP)
1,0,0,1,1,0,1,0,1,Full Stack Web Development
0,1,0,1,0,1,1,0,1,Full Stack Web Development
0,0,0,0,0,0,0,0,1,Python Programming
0,0,0,1,0,1,1,0,0,Backend Development (Java)
0,1,1,1,1,1,0,0,1,Full Stack Web Development
0,0,0,0,0,0,1,0,0,Database Administration
0,0,0,0,0,1,1,0,1,Data Science
0,1,1,0,1,0,0,0,1,Full Stack Web Development
0,1,1,0,0,1,1,0,0,Frontend Web Development
0,0,0,0,0,1,0,0,0,Python Programming
0,0,0,0,0,1,0,0,0,Python Programming
1,0,0,1,0,1,0,1,1,Competitive Programming (DSA)
0,0,0,1,0,0,0,0,0,Backend Development (Java)
0,1,1,1,1,1,1,0,1,Full Stack Web Development
0,0,0,0,0,1,0,0,1,Python Programming
0,0,0,1,0,0,0,0,1,Backend Development (Java)
0,0,0,0,0,0,0,0,0,Python Programming
0,0,0,1,1,0,0,0,1,Backend Development (PHP)
1,0,1,0,1,1,1,0,0,Full Stack Web Development
1,1,1,0,0,1,0,0,1,Frontend Web Development
0,0,0,0,0,0,1,0,1,Database Administration
0,0,0,1,0,0,0,0,0,Backend Development (Java)
0,0,0,1,0,0,1,0,0,Backend Development (Java)
1,0,1,1,0,1,0,0,1,Full Stack Web Development
1,1,0,1,0,1,0,0,0,Full Stack Web Development
1,0,0,0,0,1,0,0,0,Frontend Web Development
0,1,0,1,0,0,0,1,0,Competitive Programming (DSA)
0,0,1,0,0,1,0,1,1,Competitive Programming (DSA)
1,1,0,0,0,0,1,1,0,Competitive Programming (DSA)
0,1,1,0,0,1,0,0,1,Frontend Web Development
0,0,0,1,0,1,0,0,0,Backend Development (Java)
0,0,0,1,0,0,0,0,1,Backend Development (Java)
1,1,0,0,0,1,0,0,0,Frontend Web Development
0,0,0,0,0,1,0,1,1,Competitive Programming (DSA)
0,0,0,0,0,1,1,0,1,Data Science
0,0,0,0,0,0,1,0,0,Database Administration
0,0,1,1,0,0,1,1,1,Competitive Programming (DSA)
0,0,0,0,0,1,1,0,0,Data Science
0,0,0,0,0,0,1,0,1,Database Administration
0,0,0,0,0,1,1,0,0,Data Science
0,0,0,0,0,0,0,0,0,Python Programming
1,1,0,0,0,1,0,0,0,Frontend Web Development
0,0,0,0,0,0,0,0,0,Python Programming
0,0,0,1,0,1,1,0,0,Backend Development (Java)
1,1,0,0,0,0,0,0,0,Frontend Web Development
0,0,0,0,0,1,1,0,0,Data Science
0,0,0,1,0,0,0,0,1,Backend Development (Java)
0,0,0,0,0,0,1,0,0,Database Administration
0,0,1,0,0,0,1,0,1,Full Stack Web Development
0,0,1,0,0,1,0,0,0,Frontend Web Development
0,1,1,1,0,1,0,1,1,Competitive Programming (DSA)
0,0,0,1,0,1,1,0,0,Backend Development (Java)
0,0,1,0,0,0,0,0,1,Frontend Web Development
1,1,1,0,0,1,1,0,0,Frontend Web Development
0,0,0,1,0,1,1,0,1,Backend Development (Java)
0,0,0,1,0,1,0,0,0,Backend Development (Java)
0,0,0,0,0,0,0,0,0,Python Programming
0,0,0,0,0,0,1,0,1,Database Administration
0,0,0,0,0,0,0,0,0,Python Programming
1,0,1,0,0,0,1,0,1,Full Stack Web Development
0,0,0,0,0,1,1,0,1,Data Science
0,0,0,0,1,1,0,1,0,Competitive Programming (DSA)
0,0,1,0,1,0,0,0,0,Full Stack Web Development
0,0,0,0,0,1,1,0,1,Data Science
0,0,0,0,0,0,1,0,0,Database Administration
0,0,0,0,0,1,1,0,0,Data Science
0,0,0,0,0,0,1,0,1,Database Administration
0,0,0,0,0,1,1,0,1,Data Science
0,0,0,0,0,1,0,0,0,Python Programming
0,0,0,0,0,0,0,0,1,Python Programming
0,0,0,0,0,0,1,0,1,Database Administration
0,1,0,1,1,1,0,0,1,Full Stack Web Development
0,1,0,1,0,0,0,0,0,Full Stack Web Development
1,0,1,0,0,0,1,0,0,Frontend Web Development
1,0,0,0,0,1,1,0,1,Full Stack Web Development
0,0,0,0,0,1,0,0,0,Python Programming
0,0,0,0,0,1,0,0,0,Python Programming
0,1,0,0,0,0,1,0,0,Frontend Web Development
0,0,0,0,0,0,0,0,1,Python Programming
0,0,0,0,0,0,1,0,1,Database Administration
1,1,0,0,0,1,1,0,0,Frontend Web Development
0,0,1,1,0,1,1,1,0,Competitive Programming (DSA)
0,0,0,1,1,1,0,0,1,Backend Development (PHP)
0,0,0,1,1,1,1,0,1,Backend Development (PHP)
0,1,0,1,1,0,0,1,1,Competitive Programming (DSA)
0,0,0,1,0,0,0,0,1,Backend Development (Java)
0,0,0,0,0,0,1,0,1,Database Administration
0,0,0,0,0,0,0,0,0,Python Programming
0,0,0,1,0,0,0,0,0,Backend Development (Java)
1,0,1,0,0,0,0,0,1,Frontend Web Development
0,1,0,1,0,1,1,0,0,Full Stack Web Development
0,0,0,0,0,1,1,0,1,Data Science
0,0,0,0,1,0,1,0,0,Backend Development (PHP)
0,1,1,0,1,0,1,0,1,Full Stack Web Development
1,0,1,1,0,0,1,1,1,Competitive Programming (DSA)
0,1,0,0,0,0,1,0,1,Full Stack Web Development
0,0,0,0,0,0,0,0,1,Python Programming
0,0,0,0,0,0,1,0,1,Database Administration
0,0,0,0,1,0,1,0,0,Backend Development (PHP)
0,0,0,0,0,0,1,0,1,Database Administration
0,0,0,1,0,0,1,0,0,Backend Development (Java)
0,0,0,1,0,0,1,0,0,Backend Development (Java)
0,0,0,0,0,0,1,0,0,Database Administration
0,0,0,1,1,0,1,0,1,Backend Development (PHP)
0,1,1,0,0,1,0,0,1,Frontend Web Development
0,0,0,0,0,0,1,0,1,Database Administration
0,0,0,0,0,1,0,0,0,Python Programming
0,0,0,0,0,0,1,0,0,Database Administration
0,0,0,1,1,1,0,0,0,Backend Development (PHP)
1,1,1,0,0,1,1,0,0,Frontend Web Development
0,0,0,1,1,0,1,0,1,Backend Development (PHP)
0,0,0,0,0,0,1,0,0,Database Administration
0,0,0,1,1,0,1,0,1,Backend Development (PHP)
0,0,0,0,0,1,1,0,0,Data Science
0,0,0,1,1,1,1,0,1,Backend Development (PHP)
1,0,1,0,0,1,0,0,0,Frontend Web Development
0,0,0,1,1,1,0,0,0,Backend Development (PHP)
0,1,1,1,0,0,0,0,0,Full Stack Web Development
0,0,0,0,0,0,0,0,0,Python Programming
1,0,1,0,1,1,1,1,0,Competitive Programming (DSA)
0,0,0,0,0,1,1,0,0,Data Science
1,0,1,0,0,0,1,0,1,Full Stack Web Development
0,0,0,0,1,0,0,0,1,Backend Development (PHP)
0,0,0,0,0,0,0,0,0,Python Programming
1,0,0,1,1,0,0,0,0,Full Stack Web Development
0,0,0,0,0,1,1,0,0,Data Science
0,0,0,0,0,0,1,0,0,Database Administration
0,1,1,1,1,1,1,0,0,Full Stack Web Development
0,0,0,0,0,1,1,0,0,Data Science
1,1,0,0,0,1,1,0,0,Frontend Web Development
0,1,1,0,0,1,0,0,0,Frontend Web Development
0,0,0,1,1,1,0,0,0,Backend Development (PHP)
1,0,0,1,0,0,0,0,1,Full Stack Web Development
0,0,0,1,0,1,0,0,1,Backend Development (Java)
0,1,0,1,1,0,0,0,1,Full Stack Web Development
0,0,0,0,0,1,0,0,1,Python Programming
0,0,0,0,0,1,1,0,1,Data Science
0,0,0,0,0,1,1,0,0,Data Science
0,0,0,1,0,0,1,0,1,Backend Development (Java)
0,0,0,1,0,1,0,0,1,Backend Development (Java)
0,0,0,0,1,1,0,0,0,Backend Development (PHP)
0,0,0,0,0,1,1,0,1,Data Science
0,0,1,0,1,1,1,0,0,Full Stack Web Development
0,0,0,0,0,0,1,0,1,Database Administration
0,0,0,1,1,0,0,1,0,Competitive Programming (DSA)
0,0,0,1,0,1,1,0,1,Backend Development (Java)
1,0,1,1,1,1,0,0,1,Full Stack Web Development
0,0,0,1,1,0,1,0,0,Backend Development (PHP)
0,0,0,0,0,0,0,0,0,Python Programming
1,0,0,0,1,1,1,1,0,Competitive Programming (DSA)
0,0,0,0,0,0,1,0,1,Database Administration
0,0,0,0,0,0,1,0,1,Database Administration
0,0,0,0,0,1,1,0,0,Data Science
0,0,0,1,0,1,1,0,0,Backend Development (Java)
0,0,0,0,0,1,1,0,1,Data Science
0,1,0,1,0,1,1,1,0,Competitive Programming (DSA)
0,0,0,1,0,0,1,0,1,Backend Development (Java)
0,0,0,1,0,1,1,0,0,Backend Development (Java)
0,0,0,1,1,0,0,0,1,Backend Development (PHP)
0,0,0,0,0,0,1,0,0,Database Administration
0,0,1,1,0,0,0,0,1,Full Stack Web Development
1,1,0,0,1,0,0,0,1,Full Stack Web Development
0,0,0,1,0,0,1,0,1,Backend Development (Java)
0,0,0,0,0,1,0,0,0,Python Programming
1,1,1,0,0,1,1,0,0,Frontend Web Development
0,0,0,1,1,1,1,0,0,Backend Development (PHP)
0,0,0,0,0,0,0,0,0,Python Programming
0,0,0,1,0,0,1,0,0,Backend Development (Java)
0,0,0,0,0,0,1,0,1,Database Administration
0,0,0,0,0,1,1,0,1,Data Science
0,0,0,0,0,0,1,0,0,Database Administration
0,1,0,1,0,0,1,1,1,Competitive Programming (DSA)
0,1,1,0,0,1,0,0,0,Frontend Web Development
0,0,0,1,0,0,0,0,0,Backend Development (Java)
1,0,1,1,0,0,1,1,0,Competitive Programming (DSA)
0,0,0,0,0,0,1,0,1,Database Administration
1,0,1,0,0,0,0,0,0,Frontend Web Development
0,1,1,0,1,0,0,1,0,Competitive Programming (DSA)
0,0,0,1,0,0,1,0,1,Backend Development (Java)
0,0,0,1,0,0,1,0,0,Backend Development (Java)
0,0,0,0,0,1,1,0,1,Data Science
0,0,0,0,0,1,1,0,0,Data Science
0,0,0,0,0,0,0,0,0,Python Programming
1,1,1,1,0,0,0,0,0,Full Stack Web Development
0,0,0,1,0,1,0,0,1,Backend Development (Java)
0,0,0,1,0,0,0,0,1,Backend Development (Java)
0,0,0,0,0,0,1,0,0,Database Administration
0,0,0,0,0,1,1,0,0,Data Science
0,0,0,1,1,1,0,0,1,Backend Development (PHP)
0,0,0,1,0,1,0,0,0,Backend Development (Java)
1,0,1,1,1,1,0,0,1,Full Stack Web Development
0,1,1,1,0,1,1,1,0,Competitive Programming (DSA)
0,0,0,0,0,1,1,0,0,Data Science
0,1,0,1,1,1,1,1,1,Competitive Programming (DSA)
1,0,1,1,1,0,0,1,1,Competitive Programming (DSA)
0,0,1,0,0,1,1,0,0,Frontend Web Development
0,0,0,1,0,1,1,0,1,Backend Development (Java)
0,1,0,0,0,0,0,0,0,Frontend Web Development
0,0,0,0,0,0,1,0,1,Database Administration
0,0,0,0,0,0,1,0,1,Database Administration
0,1,0,1,0,0,0,1,0,Competitive Programming (DSA)
0,0,0,0,0,0,1,0,1,Database Administration
0,0,0,0,0,0,1,0,0,Database Administration
1,1,1,0,0,1,0,0,1,Frontend Web Development
1,1,1,0,0,1,0,1,0,Competitive Programming (DSA)
0,0,0,0,0,0,1,0,1,Database Administration
0,0,0,0,0,0,0,0,0,Python Programming
1,1,0,1,1,0,0,0,1,Full Stack Web Development
0,0,0,0,1,1,1,1,1,Competitive Programming (DSA)
0,0,0,0,1,1,1,0,0,Backend Development (PHP)
0,0,0,1,1,0,1,0,0,Backend Development (PHP)
0,0,0,0,0,0,1,0,1,Database Administration
0,0,1,0,1,1,1,0,0,Full Stack Web Development
0,1,1,0,0,0,0,0,1,Frontend Web Development
1,1,1,0,0,0,0,0,1,Frontend Web Development
0,1,0,1,0,0,1,0,0,Full Stack Web Development
0,0,0,1,0,1,1,0,0,Backend Development (Java)
0,0,0,1,0,1,0,0,1,Backend Development (Java)
1,0,0,1,0,0,1,0,0,Full Stack Web Development
0,0,0,1,0,1,1,0,1,Backend Development (Java)
0,0,0,1,0,0,0,0,0,Backend Development (Java)
0,1,0,0,1,1,0,1,0,Competitive Programming (DSA)
1,1,0,0,1,1,1,1,0,Competitive Programming (DSA)
0,0,0,0,0,0,1,0,1,Database Administration
0,0,0,1,0,0,0,0,1,Backend Development (Java)
0,0,0,0,1,0,0,0,1,Backend Development (PHP)
0,0,0,1,0,0,1,0,1,Backend Development (Java)
0,1,1,0,0,0,0,0,0,Frontend Web Development
0,0,0,0,0,0,0,0,0,Python Programming
0,0,0,0,0,1,1,0,1,Data Science
0,0,0,1,0,1,1,0,0,Backend Development (Java)
0,0,0,1,1,0,0,0,0,Backend Development (PHP)
0,0,0,1,0,0,1,0,1,Backend Development (Java)
0,0,0,0,0,1,0,0,1,Python Programming
1,1,0,1,1,0,1,1,0,Competitive Programming (DSA)
0,0,0,0,0,0,1,0,0,Database Administration
0,0,0,0,0,0,1,0,1,Database Administration
0,0,0,0,0,0,1,0,0,Database Administration
0,1,1,1,0,0,0,1,0,Competitive Programming (DSA)
1,1,1,1,1,0,1,0,1,Full Stack Web Development
0,0,0,0,0,1,1,0,1,Data Science
0,0,1,0,0,0,1,0,1,Full Stack Web Development
0,0,0,0,0,0,1,0,0,Database Administration
0,1,0,0,0,1,0,0,0,Frontend Web Development
0,0,0,0,0,1,0,0,0,Python Programming
0,0,0,0,0,0,1,0,1,Database Administration
1,0,0,0,0,1,0,0,1,Frontend Web Development
0,0,0,0,1,1,0,0,0,Backend Development (PHP)
0,1,0,1,1,0,0,0,0,Full Stack Web Development
0,0,0,1,0,0,0,0,0,Backend Development (Java)
0,1,0,0,0,1,0,1,0,Competitive Programming (DSA)
0,0,0,0,0,1,1,0,1,Data Science
1,0,1,1,1,0,1,1,1,Competitive Programming (DSA)
0,0,0,1,0,1,1,0,0,Backend Development (Java)
0,0,0,1,0,1,1,0,0,Backend Development (Java)
0,0,0,0,0,1,1,0,0,Data Science
0,0,0,1,0,1,1,0,1,Backend Development (Java)
0,1,0,1,1,0,1,1,0,Competitive Programming (DSA)
0,0,0,0,0,1,0,0,0,Python Programming
0,0,0,0,0,1,0,0,1,Python Programming
1,1,1,0,1,1,1,0,1,Full Stack Web Development
0,0,0,1,0,0,1,0,0,Backend Development (Java)
1,1,1,1,1,1,0,1,0,Competitive Programming (DSA)
0,0,0,0,0,0,1,0,0,Database Administration
0,1,1,0,0,1,0,0,0,Frontend Web Development
0,0,0,1,0,1,1,0,1,Backend Development (Java)
0,0,0,0,0,0,1,0,0,Database Administration
0,1,0,0,0,1,1,0,0,Frontend Web Development
1,1,0,1,0,1,1,0,1,Full Stack Web Development
1,0,0,1,0,0,0,1,0,Competitive Programming (DSA)
0,0,0,0,0,0,0,0,0,Python Programming
0,0,0,0,0,1,1,0,1,Data Science
0,0,0,1,0,1,1,1,0,Competitive Programming (DSA)
0,0,0,0,0,1,0,0,0,Python Programming
1,0,0,0,1,1,1,1,1,Competitive Programming (DSA)
0,0,0,0,0,0,0,0,1,Python Programming
0,1,1,1,0,0,1,0,1,Full Stack Web Development
0,1,1,0,0,1,1,0,0,Frontend Web Development
0,0,0,1,1,0,0,0,0,Backend Development (PHP)
0,1,0,0,0,0,0,1,1,Competitive Programming (DSA)
1,0,0,0,0,1,0,0,1,Frontend Web Development
0,0,0,0,0,0,1,0,1,Database Administration
0,0,0,0,1,0,0,0,0,Backend Development (PHP)
0,0,0,0,0,0,1,0,0,Database Administration
0,0,0,0,0,0,1,0,0,Database Administration
0,0,0,1,0,1,0,0,1,Backend Development (Java)
0,0,0,0,0,1,1,0,1,Data Science
0,0,0,1,0,1,0,0,1,Backend Development (Java)
0,0,0,0,0,1,1,0,0,Data Science
0,0,0,0,0,0,0,0,0,Python Programming
1,0,1,0,0,1,1,0,1,Full Stack Web Development
0,0,0,1,0,0,1,0,0,Backend Development (Java)
0,0,0,0,1,1,1,1,0,Competitive Programming (DSA)
0,0,0,0,0,0,1,0,0,Database Administration
0,0,0,0,0,0,0,1,1,Competitive Programming (DSA)
0,0,0,0,0,1,0,0,1,Python Programming
0,1,1,0,1,1,1,1,0,Competitive Programming (DSA)
0,0,1,0,0,0,1,0,0,Frontend Web Development
0,0,0,0,0,0,0,0,1,Python Programming
1,1,0,0,0,1,1,1,1,Competitive Programming (DSA)
0,0,0,0,0,0,1,0,1,Database Administration
0,0,0,0,0,1,0,0,0,Python Programming
0,0,1,0,0,0,0,0,1,Frontend Web Development
1,0,0,1,0,0,0,0,0,Full Stack Web Development
0,1,0,1,0,1,0,0,0,Full Stack Web Development
0,1,1,0,0,1,0,0,1,Frontend Web Development
0,0,0,0,0,0,0,0,0,Python Programming
0,0,0,1,1,0,0,0,1,Backend Development (PHP)
0,0,0,0,0,1,1,0,0,Data Science
0,0,0,0,0,0,1,0,0,Database Administration
0,1,0,1,0,1,0,0,0,Full Stack Web Development
0,0,0,0,0,1,0,0,1,Python Programming
0,0,0,0,0,1,0,0,1,Python Programming
1,1,1,1,0,1,1,0,1,Full Stack Web Development
1,1,1,1,0,0,0,1,1,Competitive Programming (DSA)
0,0,0,0,0,0,1,0,1,Database Administration
1,1,1,0,1,0,0,0,0,Full Stack Web Development
0,0,0,0,0,0,1,0,1,Database Administration
0,0,0,0,0,0,1,0,1,Database Administration
0,0,0,0,0,0,1,0,0,Database Administration
1,0,0,1,1,0,0,0,0,Full Stack Web Development
0,0,0,0,0,1,1,0,1,Data Science
0,0,0,0,0,0,1,0,1,Database Administration
1,1,0,1,1,0,1,1,0,Competitive Programming (DSA)
1,1,0,1,1,1,0,1,0,Competitive Programming (DSA)
0,0,0,0,0,0,1,0,0,Database Administration
0,1,0,0,1,0,0,0,1,Full Stack Web Development
0,1,1,0,1,0,1,0,0,Full Stack Web Development
0,0,0,0,0,1,1,0,0,Data Science
0,0,0,0,0,0,0,0,1,Python Programming
0,0,0,0,0,1,1,0,0,Data Science
0,0,0,1,1,1,1,0,0,Backend Development (PHP)
1,1,1,0,0,1,0,0,1,Frontend Web Development
0,0,0,1,0,1,0,0,1,Backend Development (Java)
0,0,0,0,0,1,1,0,0,Data Science
0,0,0,0,0,0,0,0,0,Python Programming
0,0,1,0,0,0,0,0,0,Frontend Web Development
0,0,0,1,0,1,0,0,0,Backend Development (Java)
0,0,0,0,0,0,1,0,1,Database Administration
0,0,0,0,1,1,1,0,0,Backend Development (PHP)
1,1,0,1,0,1,0,1,0,Competitive Programming (DSA)
1,0,1,1,1,0,0,0,0,Full Stack Web Development
0,1,0,0,0,0,0,0,0,Frontend Web Development
1,1,0,1,0,0,0,0,0,Full Stack Web Development
0,0,0,0,0,1,1,0,0,Data Science
0,0,0,1,1,0,0,0,1,Backend Development (PHP)
0,0,0,1,0,0,1,0,1,Backend Development (Java)
1,0,1,0,0,1,1,0,0,Frontend Web Development
0,1,1,1,0,1,1,0,0,Full Stack Web Development
0,0,1,1,0,1,0,1,0,Competitive Programming (DSA)
0,0,0,0,1,1,0,0,0,Backend Development (PHP)
1,1,0,0,0,0,1,1,0,Competitive Programming (DSA)
1,0,0,0,0,0,1,0,0,Frontend Web Development
0,1,1,0,0,0,0,0,1,Frontend Web Development
0,0,0,0,0,1,1,0,1,Data Science
0,0,0,1,0,0,1,1,0,Competitive Programming (DSA)
0,0,0,0,0,0,0,0,1,Python Programming
1,0,0,1,0,0,1,0,1,Full Stack Web Development
0,0,0,0,0,0,1,0,0,Database Administration
1,0,0,0,0,0,0,0,0,Frontend Web Development
0,1,0,0,0,0,0,0,0,Frontend Web Development
0,0,0,0,0,1,1,0,0,Data Science
0,1,0,0,1,1,1,0,0,Full Stack Web Development
0,0,0,1,0,1,1,1,0,Competitive Programming (DSA)
0,1,1,0,1,1,1,0,1,Full Stack Web Development
0,0,0,0,0,1,1,0,1,Data Science
0,0,0,0,0,0,0,0,1,Python Programming
0,0,0,1,0,0,0,0,1,Backend Development (Java)
0,0,0,0,0,0,0,0,0,Python Programming
1,1,1,0,0,1,0,0,0,Frontend Web Development
0,1,1,1,0,1,0,0,1,Full Stack Web Development
0,0,0,0,1,0,1,0,1,Backend Development (PHP)
0,0,0,0,1,0,1,0,0,Backend Development (PHP)
0,0,0,0,0,1,1,0,1,Data Science
0,1,1,0,0,1,0,0,1,Frontend Web Development
0,0,0,0,0,0,1,0,0,Database Administration
0,0,0,0,1,1,0,1,1,Competitive Programming (DSA)
0,0,0,0,0,0,0,0,0,Python Programming
0,0,0,0,0,0,0,0,1,Python Programming
1,1,1,0,0,1,0,0,0,Frontend Web Development
0,1,0,1,0,1,1,0,0,Full Stack Web Development
0,0,0,0,0,0,0,0,0,Python Programming
0,0,0,0,0,1,1,0,0,Data Science
1,1,1,0,0,0,0,0,1,Frontend Web Development
0,0,0,0,0,0,0,0,1,Python Programming
0,0,0,0,0,1,1,0,1,Data Science
0,0,0,0,0,0,1,0,1,Database Administration
0,1,0,1,0,1,0,1,1,Competitive Programming (DSA)
0,0,0,1,1,1,0,0,0,Backend Development (PHP)
0,0,0,1,1,0,1,0,0,Backend Development (PHP)
1,1,0,1,0,1,0,1,0,Competitive Programming (DSA)
0,0,0,0,1,1,1,0,0,Backend Development (PHP)
0,0,0,0,0,1,0,0,0,Python Programming
0,0,0,0,0,0,1,0,0,Database Administration
0,0,0,1,0,1,0,0,1,Backend Development (Java)
0,0,0,0,0,1,1,0,0,Data Science
0,1,0,0,0,0,0,0,1,Frontend Web Development
0,0,0,0,1,0,0,0,0,Backend Development (PHP)
0,1,1,0,1,0,1,1,0,Competitive Programming (DSA)
0,1,1,0,0,0,1,1,1,Competitive Programming (DSA)
0,0,0,0,0,1,1,0,0,Data Science
0,0,0,1,0,1,1,0,0,Backend Development (Java)
0,0,0,0,0,0,1,0,0,Database Administration
0,0,0,0,0,0,1,0,1,Database Administration
0,1,1,0,1,0,0,0,0,Full Stack Web Development
0,0,0,0,0,1,0,0,0,Python Programming
0,0,0,1,0,1,1,0,0,Backend Development (Java)
0,0,0,1,1,1,1,1,0,Competitive Programming (DSA)
0,0,0,0,0,1,1,0,0,Data Science
1,1,0,0,0,0,0,0,1,Frontend Web Development
1,1,1,0,1,0,0,0,0,Full Stack Web Development
0,0,1,0,0,0,0,0,1,Frontend Web Development
0,0,0,0,0,0,1,0,1,Database Administration
0,0,0,0,0,1,1,0,0,Data Science
1,1,1,0,0,1,0,0,0,Frontend Web Development
0,0,1,1,1,0,0,0,1,Full Stack Web Development
1,0,1,0,0,1,0,0,1,Frontend Web Development
0,0,1,1,0,0,0,1,1,Competitive Programming (DSA)
0,0,0,0,0,0,0,0,1,Python Programming
1,0,1,0,0,0,1,0,1,Full Stack Web Development
0,0,0,1,0,0,0,0,1,Backend Development (Java)
0,0,0,0,0,1,0,0,1,Python Programming
0,0,0,0,0,1,0,0,1,Python Programming
0,0,0,0,0,1,0,0,1,Python Programming
0,0,0,0,0,0,0,0,0,Python Programming
0,0,0,0,0,0,1,0,0,Database Administration
0,1,0,1,0,0,0,1,1,Competitive Programming (DSA)
0,0,0,0,0,0,0,0,1,Python Programming
0,1,1,1,0,0,1,1,1,Competitive Programming (DSA)
1,1,1,0,0,0,1,1,0,Competitive Programming (DSA)
0,1,1,0,1,0,0,0,0,Full Stack Web Development
0,0,0,1,1,0,1,0,1,Backend Development (PHP)
0,0,0,0,0,0,0,0,0,Python Programming
1,0,1,0,0,0,0,0,1,Frontend Web Development
0,0,0,0,0,1,1,0,0,Data Science
0,0,0,1,1,0,0,0,0,Backend Development (PHP)
0,0,0,1,1,0,0,0,1,Backend Development (PHP)
0,1,0,0,0,0,0,0,1,Frontend Web Development
0,0,0,0,0,0,0,0,0,Python Programming
0,0,0,0,0,1,1,0,0,Data Science
0,0,0,0,0,0,0,0,1,Python Programming
1,0,1,0,1,0,0,0,0,Full Stack Web Development
0,0,0,1,0,1,0,0,0,Backend Development (Java)
0,0,0,0,0,0,0,0,0,Python Programming
0,0,0,0,0,1,1,0,0,Data Science
0,0,0,0,0,0,1,0,0,Database Administration
0,0,0,0,1,1,0,0,0,Backend Development (PHP)
0,0,0,0,1,0,0,0,1,Backend Development (PHP)
1,0,1,1,0,1,0,0,0,Full Stack Web Development
0,0,1,0,0,0,0,0,1,Frontend Web Development
0,0,0,0,0,0,1,0,0,Database Administration
0,0,0,0,0,1,0,0,0,Python Programming
0,0,0,1,0,1,1,0,0,Backend Development (Java)
0,0,0,0,0,1,1,0,1,Data Science
0,0,0,0,1,1,0,0,0,Backend Development (PHP)
0,0,0,0,0,1,1,0,0,Data Science
0,0,0,1,1,1,0,0,0,Backend Development (PHP)
0,0,0,0,0,0,0,0,1,Python Programming
0,0,0,0,0,0,0,0,1,Python Programming
0,0,0,0,0,0,1,0,0,Database Administration
1,1,0,0,1,0,1,1,1,Competitive Programming (DSA)
0,0,0,1,0,1,1,0,1,Backend Development (Java)
0,0,0,1,0,0,1,0,0,Backend Development (Java)
0,0,0,0,0,0,0,0,1,Python Programming
0,0,0,0,0,1,1,0,1,Data Science
0,0,0,0,0,0,1,0,0,Database Administration
1,1,0,1,0,1,1,0,1,Full Stack Web Development
0,0,0,0,0,0,1,0,1,Database Administration
0,0,0,1,1,1,1,0,1,Backend Development (PHP)
0,1,1,0,1,0,0,0,0,Full Stack Web Development
0,0,0,0,0,0,1,0,0,Database Administration
0,0,0,0,0,0,1,0,0,Database Administration
0,0,0,1,0,1,0,0,0,Backend Development (Java)
0,1,1,0,0,1,1,0,0,Frontend Web Development
0,0,0,0,0,0,1,0,1,Database Administration
0,0,0,0,0,1,1,0,0,Data Science
1,0,1,0,0,0,1,0,0,Frontend Web Development
0,0,0,0,0,1,0,0,0,Python Programming
0,0,0,1,1,1,0,0,1,Backend Development (PHP)
0,0,0,0,0,0,0,0,0,Python Programming
0,0,0,0,0,0,0,0,1,Python Programming
0,0,0,0,0,0,1,0,1,Database Administration
0,0,0,1,0,0,0,0,0,Backend Development (Java)
0,0,0,0,0,0,1,0,0,Database Administration
1,1,1,0,0,1,0,1,1,Competitive Programming (DSA)
0,0,0,0,0,1,1,0,0,Data Science
0,1,1,1,1,1,1,0,0,Full Stack Web Development
0,1,0,1,1,0,1,1,0,Competitive Programming (DSA)
0,0,0,0,0,0,0,0,1,Python Programming
0,0,0,1,1,0,0,0,1,Backend Development (PHP)
0,1,0,0,1,0,0,0,1,Full Stack Web Development
0,0,0,1,0,1,1,0,0,Backend Development (Java)
0,0,0,1,0,0,0,0,1,Backend Development (Java)
1,1,1,0,0,0,1,1,0,Competitive Programming (DSA)
0,0,0,1,1,1,0,0,1,Backend Development (PHP)
1,0,1,1,1,1,0,0,0,Full Stack Web Development
0,0,0,1,0,0,0,0,0,Backend Development (Java)
1,0,1,1,0,0,1,1,0,Competitive Programming (DSA)
0,0,0,0,0,1,0,0,1,Python Programming
0,0,1,0,1,0,1,1,0,Competitive Programming (DSA)
0,0,0,0,1,1,0,0,0,Backend Development (PHP)
0,0,1,1,0,1,0,0,0,Full Stack Web Development
1,1,1,0,1,1,0,0,1,Full Stack Web Development
1,1,1,1,0,0,1,1,0,Competitive Programming (DSA)
0,0,0,1,0,1,1,0,1,Backend Development (Java)
0,0,0,0,0,0,0,0,0,Python Programming
0,0,0,0,0,0,0,0,0,Python Programming
0,0,0,0,0,0,0,0,1,Python Programming
0,0,0,0,0,1,1,0,1,Data Science
0,0,0,0,1,1,0,1,1,Competitive Programming (DSA)
0,0,0,0,0,1,0,0,0,Python Programming
1,0,0,0,0,1,0,1,0,Competitive Programming (DSA)
1,1,0,1,0,0,1,1,0,Competitive Programming (DSA)
0,0,0,1,1,0,0,0,1,Backend Development (PHP)
0,0,0,0,0,0,1,0,0,Database Administration
0,1,0,0,0,0,1,0,0,Frontend Web Development
1,1,1,1,0,0,0,1,1,Competitive Programming (DSA)
0,0,0,0,0,1,1,0,0,Data Science
0,0,0,0,0,0,1,0,0,Database Administration
0,0,0,0,1,0,0,0,0,Backend Development (PHP)
0,0,1,1,1,0,1,0,0,Full Stack Web Development
0,0,0,0,0,0,1,0,1,Database Administration
0,0,0,0,0,1,1,0,0,Data Science
1,0,0,0,0,1,0,0,0,Frontend Web Development
0,0,1,0,0,0,0,0,0,Frontend Web Development
0,0,0,1,0,0,0,0,0,Backend Development (Java)
0,0,0,1,1,0,0,0,0,Backend Development (PHP)
0,0,0,0,0,0,1,0,0,Database Administration
1,1,0,1,1,1,1,0,1,Full Stack Web Development
0,1,0,1,1,1,1,0,1,Full Stack Web Development
1,0,0,1,1,0,1,0,0,Full Stack Web Development
0,0,0,0,0,1,1,0,0,Data Science
0,0,0,0,0,0,0,0,1,Python Programming
0,0,0,1,0,1,1,0,0,Backend Development (Java)
0,0,0,0,0,0,0,0,0,Python Programming
0,0,0,0,0,0,1,0,0,Database Administration
0,0,0,0,0,0,0,0,0,Python Programming
0,0,0,1,0,0,0,0,0,Backend Development (Java)
0,0,0,1,0,1,1,0,1,Backend Development (Java)
0,0,0,0,1,0,1,0,0,Backend Development (PHP)
1,1,0,0,0,1,1,1,0,Competitive Programming (DSA)
1,1,0,1,0,0,1,1,1,Competitive Programming (DSA)
0,0,0,0,1,0,0,0,0,Backend Development (PHP)
0,0,1,0,0,1,1,0,0,Frontend Web Development
0,0,1,1,0,0,1,0,0,Full Stack Web Development
0,0,0,1,0,1,0,0,1,Backend Development (Java)
1,1,1,0,0,1,0,0,1,Frontend Web Development
0,0,0,1,0,0,1,0,0,Backend Development (Java)
0,0,1,1,0,0,0,1,1,Competitive Programming (DSA)
0,0,0,1,0,0,1,1,0,Competitive Programming (DSA)
1,1,1,0,0,1,1,0,0,Frontend Web Development
0,0,0,0,1,1,1,0,0,Backend Development (PHP)
0,0,0,0,0,0,1,0,0,Database Administration
0,0,0,0,0,1,0,0,1,Python Programming
0,0,0,0,0,0,1,0,1,Database Administration
0,1,1,0,1,0,1,1,1,Competitive Programming (DSA)
0,0,0,1,1,1,1,1,0,Competitive Programming (DSA)
0,1,1,0,0,0,0,0,1,Frontend Web Development
0,0,0,1,0,1,0,0,1,Backend Development (Java)
0,1,1,0,0,0,0,0,1,Frontend Web Development
0,1,0,0,0,1,1,0,0,Frontend Web Development
0,0,0,0,0,0,1,0,1,Database Administration
1,0,1,1,0,0,0,1,1,Competitive Programming (DSA)
0,0,0,0,0,0,1,0,1,Database Administration
1,1,0,0,0,1,1,1,0,Competitive Programming (DSA)
0,0,0,1,1,0,0,0,0,Backend Development (PHP)
0,0,0,0,0,1,1,0,1,Data Science
0,0,0,0,0,1,1,0,1,Data Science
0,0,0,0,0,1,1,0,1,Data Science
1,0,1,1,0,1,1,0,1,Full Stack Web Development
0,0,0,0,0,1,0,0,1,Python Programming
1,1,0,0,0,0,0,0,0,Frontend Web Development
1,0,1,0,0,0,1,0,0,Frontend Web Development
0,0,1,1,0,0,1,1,0,Competitive Programming (DSA)
1,1,1,0,0,0,1,0,0,Frontend Web Development
0,0,0,0,1,1,1,1,1,Competitive Programming (DSA)
0,0,0,0,0,1,1,0,1,Data Science
0,0,0,1,1,1,1,1,0,Competitive Programming (DSA)
0,0,0,0,0,1,1,0,1,Data Science
0,0,0,1,1,1,0,0,1,Backend Development (PHP)
0,0,0,1,1,1,1,0,1,Backend Development (PHP)
0,0,0,1,1,1,1,0,0,Backend Development (PHP)
0,0,0,0,0,1,0,0,1,Python Programming
0,0,0,0,0,0,0,0,0,Python Programming
0,1,0,1,0,1,1,0,0,Full Stack Web Development
0,0,0,1,1,0,1,0,0,Backend Development (PHP)
0,1,0,0,0,0,1,0,0,Frontend Web Development
1,1,1,1,1,1,1,1,0,Competitive Programming (DSA)
0,0,0,0,0,0,0,0,0,Python Programming
1,1,1,1,1,1,1,1,0,Competitive Programming (DSA)
0,0,0,0,0,0,0,0,1,Python Programming
0,0,0,1,1,0,0,0,1,Backend Development (PHP)
1,0,0,0,0,1,0,0,0,Frontend Web Development
0,0,0,0,0,1,1,0,0,Data Science
0,1,1,0,0,1,1,0,0,Frontend Web Development
0,1,1,0,1,1,1,0,0,Full Stack Web Development
0,0,0,1,0,1,0,0,1,Backend Development (Java)
0,1,0,1,1,1,1,1,1,Competitive Programming (DSA)
0,0,0,0,0,0,0,0,0,Python Programming
1,0,0,1,1,0,0,0,0,Full Stack Web Development
0,1,0,1,0,1,1,0,1,Full Stack Web Development
1,0,0,0,0,1,1,0,0,Frontend Web Development
0,0,0,0,0,0,1,0,0,Database Administration
1,1,1,0,1,1,0,1,0,Competitive Programming (DSA)
0,0,0,0,0,0,0,0,0,Python Programming
0,0,0,0,0,0,1,0,0,Database Administration
0,0,0,0,1,1,0,0,0,Backend Development (PHP)
0,0,0,1,0,1,0,0,1,Backend Development (Java)
0,0,0,0,0,1,1,0,1,Data Science
0,0,0,0,0,1,1,0,0,Data Science
1,1,0,1,0,0,1,0,0,Full Stack Web Development
1,0,0,0,0,0,1,0,1,Full Stack Web Development
0,0,0,1,1,1,0,0,0,Backend Development (PHP)
1,0,1,1,0,0,0,0,0,Full Stack Web Development
0,0,0,0,0,0,1,0,0,Database Administration
0,0,1,0,0,1,1,0,0,Frontend Web Development
1,1,0,0,0,0,0,0,1,Frontend Web Development
0,0,0,0,1,1,0,0,0,Backend Development (PHP)
0,0,1,0,1,1,1,0,0,Full Stack Web Development
0,0,0,0,0,0,0,0,0,Python Programming
0,0,1,1,0,0,1,1,1,Competitive Programming (DSA)
0,0,0,0,0,1,0,0,0,Python Programming
0,1,0,0,0,0,0,0,1,Frontend Web Development
0,1,1,1,0,0,1,1,0,Competitive Programming (DSA)
1,0,0,1,0,0,1,0,1,Full Stack Web Development
1,0,1,0,0,0,0,1,1,Competitive Programming (DSA)
1,0,1,0,0,0,1,0,0,Frontend Web Development
0,0,0,0,1,1,1,0,1,Backend Development (PHP)
0,0,0,1,0,1,0,0,1,Backend Development (Java)
0,0,1,0,1,0,1,0,0,Full Stack Web Development
0,0,0,0,0,1,0,0,0,Python Programming
1,1,1,0,1,1,0,0,1,Full Stack Web Development
0,0,0,0,0,1,1,0,0,Data Science
0,0,0,0,0,1,1,0,0,Data Science
1,0,1,0,0,1,0,0,1,Frontend Web Development
0,1,0,1,0,0,1,1,1,Competitive Programming (DSA)
1,1,0,0,1,0,1,1,1,Competitive Programming (DSA)
0,1,1,0,0,0,0,0,0,Frontend Web Development
0,0,0,0,0,0,0,0,0,Python Programming
0,0,0,0,0,1,1,0,1,Data Science
0,0,0,1,0,1,0,0,0,Backend Development (Java)
0,1,0,0,1,1,1,0,1,Full Stack Web Development
0,0,0,1,0,0,0,0,1,Backend Development (Java)
0,0,0,0,0,0,1,0,0,Database Administration
0,0,0,0,0,0,1,0,1,Database Administration
0,0,0,0,0,1,1,0,1,Data Science
0,1,1,1,0,0,1,1,0,Competitive Programming (DSA)
0,0,0,0,0,1,1,0,0,Data Science
0,1,1,1,0,0,0,0,1,Full Stack Web Development
0,0,0,0,0,1,1,0,1,Data Science
0,0,0,1,0,0,1,0,1,Backend Development (Java)
0,0,1,1,0,1,0,0,1,Full Stack Web Development
0,0,0,0,0,1,0,0,1,Python Programming
1,1,0,1,1,1,0,0,1,Full Stack Web Development
0,0,0,0,0,0,1,0,0,Database Administration
1,0,1,1,0,1,1,0,0,Full Stack Web Development
0,0,0,0,0,1,0,0,0,Python Programming
0,0,0,0,0,0,1,0,1,Database Administration
0,0,0,0,0,1,1,0,0,Data Science
0,0,0,0,0,0,0,0,0,Python Programming
0,0,0,0,1,1,1,0,1,Backend Development (PHP)
0,0,0,0,0,0,0,0,0,Python Programming
0,0,0,1,1,1,0,0,1,Backend Development (PHP)
0,0,1,0,0,1,1,0,0,Frontend Web Development
0,0,0,0,0,0,1,0,0,Database Administration
0,0,0,0,1,0,1,0,1,Backend Development (PHP)
0,0,0,0,0,1,1,0,0,Data Science
0,1,0,0,1,1,0,0,1,Full Stack Web Development
0,0,0,0,0,0,1,0,1,Database Administration
0,0,0,0,0,1,1,0,0,Data Science
0,0,1,0,0,0,0,1,1,Competitive Programming (DSA)
1,1,1,0,0,1,0,0,0,Frontend Web Development
0,0,0,0,0,0,1,0,0,Database Administration
0,0,0,0,1,1,1,0,0,Backend Development (PHP)
0,0,0,0,0,0,1,0,1,Database Administration
0,0,0,0,0,0,1,0,1,Database Administration
0,0,0,0,0,0,1,0,1,Database Administration
0,0,0,1,1,0,1,0,1,Backend Development (PHP)
0,0,0,0,0,0,0,0,0,Python Programming
0,1,0,1,1,1,0,1,0,Competitive Programming (DSA)
0,0,0,0,0,0,1,0,0,Database Administration
1,0,0,1,1,0,1,0,1,Full Stack Web Development
0,0,0,1,1,1,1,0,0,Backend Development (PHP)
0,0,0,0,0,1,1,0,1,Data Science
1,0,1,0,0,1,0,0,0,Frontend Web Development
0,0,0,0,0,1,0,0,1,Python Programming
0,0,0,0,1,0,0,0,0,Backend Development (PHP)
0,0,0,1,0,0,1,0,1,Backend Development (Java)
1,1,0,0,1,0,0,1,1,Competitive Programming (DSA)
1,0,1,0,0,0,0,0,0,Frontend Web Development
0,0,0,0,0,1,1,0,1,Data Science
0,0,0,0,0,0,0,0,1,Python Programming
0,0,0,0,1,0,1,0,1,Backend Development (PHP)
0,0,0,1,0,0,0,0,0,Backend Development (Java)
0,0,0,0,0,0,1,0,0,Database Administration
0,0,0,0,0,1,0,0,0,Python Programming
1,1,0,0,1,0,0,1,0,Competitive Programming (DSA)
0,0,0,0,0,1,0,0,1,Python Programming
0,0,1,0,0,1,0,0,1,Frontend Web Development
0,0,0,0,0,1,1,0,1,Data Science
0,0,0,0,0,1,1,0,0,Data Science
0,0,0,0,0,1,0,0,1,Python Programming
0,0,0,0,0,0,0,0,0,Python Programming
1,0,0,1,1,0,1,0,0,Full Stack Web Development
0,0,0,1,0,0,1,0,1,Backend Development (Java)
0,0,0,0,0,0,1,0,0,Database Administration
0,0,0,0,1,0,1,0,1,Backend Development (PHP)
1,0,0,0,0,1,1,0,0,Frontend Web Development
1,0,0,0,0,0,0,0,0,Frontend Web Development
0,0,0,1,0,0,1,0,0,Backend Development (Java)
1,0,0,0,0,0,1,0,1,Full Stack Web Development
0,0,0,0,0,1,1,0,1,Data Science
0,0,0,0,1,1,0,0,0,Backend Development (PHP)
0,0,0,0,0,0,1,0,1,Database Administration
0,0,0,0,0,0,1,0,0,Database Administration
0,1,0,1,0,1,0,0,1,Full Stack Web Development
0,0,0,0,0,1,1,0,0,Data Science
0,0,0,1,0,1,0,0,1,Backend Development (Java)
0,0,1,0,0,0,0,0,0,Frontend Web Development
0,0,1,0,0,0,1,1,1,Competitive Programming (DSA)
0,0,1,0,0,1,0,0,0,Frontend Web Development
0,0,0,0,0,1,1,0,0,Data Science
0,1,1,0,1,0,1,1,0,Competitive Programming (DSA)
0,0,0,0,0,0,1,0,1,Database Administration
0,0,0,0,0,1,0,0,1,Python Programming
0,0,0,0,0,0,1,0,1,Database Administration
1,0,1,0,0,0,1,0,0,Frontend Web Development
0,0,1,1,1,0,0,1,1,Competitive Programming (DSA)
0,1,0,0,1,0,1,1,0,Competitive Programming (DSA)
0,1,1,0,1,0,0,1,0,Competitive Programming (DSA)
1,0,1,0,0,1,0,1,1,Competitive Programming (DSA)
0,1,1,0,0,1,0,0,1,Frontend Web Development
0,0,0,1,1,1,1,0,0,Backend Development (PHP)
0,0,0,0,0,0,1,0,1,Database Administration
0,0,0,0,1,1,0,0,1,Backend Development (PHP)
0,0,0,0,0,1,0,0,0,Python Programming
0,0,0,0,0,1,1,0,0,Data Science
0,0,0,0,0,0,1,0,1,Database Administration
0,1,0,0,0,0,1,0,0,Frontend Web Development
0,0,1,0,1,1,1,0,1,Full Stack Web Development
0,0,0,0,0,0,1,0,1,Database Administration
0,0,0,1,0,1,1,0,1,Backend Development (Java)
0,1,0,1,1,1,1,1,0,Competitive Programming (DSA)
0,0,0,1,0,0,1,0,1,Backend Development (Java)
1,1,0,0,0,1,0,0,0,Frontend Web Development
0,0,0,0,0,1,0,0,1,Python Programming
0,0,0,0,0,1,0,0,1,Python Programming
0,0,0,0,0,1,0,0,0,Python Programming
0,0,1,1,1,1,0,0,1,Full Stack Web Development
0,0,0,1,1,0,0,0,0,Backend Development (PHP)
1,1,0,0,0,1,1,1,0,Competitive Programming (DSA)
0,0,1,1,1,1,1,1,1,Competitive Programming (DSA)
0,0,0,0,0,0,1,0,0,Database Administration
0,0,0,1,0,0,0,0,1,Backend Development (Java)
0,0,1,0,0,0,0,0,0,Frontend Web Development
0,0,0,1,1,0,0,0,1,Backend Development (PHP)
1,0,1,0,0,0,0,0,1,Frontend Web Development
0,0,0,1,1,1,0,0,1,Backend Development (PHP)
0,0,0,0,0,1,1,0,1,Data Science
0,0,0,1,0,0,0,0,0,Backend Development (Java)
0,0,0,0,0,1,0,0,1,Python Programming
0,0,0,0,0,1,1,0,0,Data Science
0,0,0,0,0,1,1,0,0,Data Science
0,0,0,1,0,0,1,0,1,Backend Development (Java)
0,0,0,0,0,0,1,0,0,Database Administration
0,0,0,0,0,0,1,0,1,Database Administration
0,0,0,0,0,1,1,0,0,Data Science
0,0,0,0,0,1,0,0,0,Python Programming
0,0,0,0,0,1,1,0,1,Data Science
0,0,0,0,1,0,0,0,0,Backend Development (PHP)
0,0,0,0,0,1,0,0,1,Python Programming
0,0,1,1,0,0,0,0,1,Full Stack Web Development
0,0,0,1,0,1,1,0,0,Backend Development (Java)
0,0,0,0,0,0,1,0,1,Database Administration
0,0,0,0,0,0,0,0,0,Python Programming
0,0,0,0,0,1,1,0,1,Data Science
0,0,0,0,0,0,1,0,0,Database Administration
0,1,0,0,0,1,1,0,0,Frontend Web Development
1,1,1,0,0,1,0,0,0,Frontend Web Development
0,0,0,0,0,1,1,0,1,Data Science
0,0,0,0,0,1,0,0,1,Python Programming
0,1,1,0,0,0,0,1,1,Competitive Programming (DSA)
0,0,1,0,1,0,0,0,0,Full Stack Web Development
0,0,0,0,0,0,0,0,1,Python Programming
1,1,0,1,1,0,0,1,1,Competitive Programming (DSA)
0,0,0,0,0,1,1,0,1,Data Science
1,1,1,0,1,0,1,0,1,Full Stack Web Development
0,0,1,0,1,1,0,0,1,Full Stack Web Development
1,0,0,0,0,0,1,1,0,Competitive Programming (DSA)
0,0,0,1,0,0,0,0,0,Backend Development (Java)
0,0,0,0,0,0,0,0,0,Python Programming
0,0,0,0,0,0,1,0,0,Database Administration
0,0,0,0,1,0,1,0,0,Backend Development (PHP)
0,0,0,0,0,0,0,0,1,Python Programming
0,0,0,0,0,1,0,0,0,Python Programming
0,0,0,0,0,0,0,0,1,Python Programming
0,0,0,1,0,1,1,0,1,Backend Development (Java)
0,0,0,1,1,0,1,0,1,Backend Development (PHP)
0,0,0,1,0,1,1,0,1,Backend Development (Java)
0,1,1,0,0,0,0,0,0,Frontend Web Development
0,1,1,1,1,1,1,1,1,Competitive Programming (DSA)
0,0,0,1,0,0,1,0,1,Backend Development (Java)
0,0,0,1,0,0,0,0,0,Backend Development (Java)
0,0,0,1,0,0,0,0,1,Backend Development (Java)
0,0,1,1,0,1,0,1,0,Competitive Programming (DSA)
0,0,0,0,0,1,0,1,1,Competitive Programming (DSA)
0,0,0,1,1,1,1,0,1,Backend Development (PHP)
0,0,0,0,0,0,1,0,0,Database Administration
0,0,0,0,0,0,1,0,1,Database Administration
0,0,0,0,0,1,1,0,0,Data Science
0,0,0,0,0,0,1,0,0,Database Administration
0,0,0,0,0,1,1,0,1,Data Science
1,1,1,0,0,0,0,0,1,Frontend Web Development
0,0,0,0,1,1,1,0,1,Backend Development (PHP)
0,0,0,0,0,0,0,0,1,Python Programming
0,0,0,1,1,1,0,0,1,Backend Development (PHP)
0,0,0,0,0,0,0,0,0,Python Programming
0,0,0,0,1,1,1,0,0,Backend Development (PHP)
0,0,0,0,0,1,0,0,0,Python Programming
0,0,1,1,0,1,0,1,0,Competitive Programming (DSA)
0,0,0,1,0,0,1,0,1,Backend Development (Java)
0,0,0,0,0,1,1,0,1,Data Science
0,1,0,1,0,0,0,0,0,Full Stack Web Development
1,0,0,1,1,1,1,0,1,Full Stack Web Development
0,0,0,0,0,0,1,0,1,Database Administration
0,0,0,0,0,0,1,0,1,Database Administration
0,1,1,0,1,0,1,0,1,Full Stack Web Development
0,0,1,0,0,1,0,0,0,Frontend Web Development
1,1,1,0,1,1,0,0,1,Full Stack Web Development
1,1,0,0,1,0,0,0,0,Full Stack Web Development
0,0,0,0,0,0,0,0,1,Python Programming
0,0,0,0,0,1,1,0,0,Data Science
0,0,0,1,0,1,1,0,0,Backend Development (Java)
0,0,0,0,0,1,1,0,1,Data Science
0,1,0,0,0,0,0,0,0,Frontend Web Development
0,0,0,1,0,1,0,0,0,Backend Development (Java)
0,0,1,0,0,1,1,0,0,Frontend Web Development
1,1,0,0,0,1,0,1,1,Competitive Programming (DSA)
1,0,1,0,1,1,0,1,1,Competitive Programming (DSA)
0,0,0,1,0,0,1,0,0,Backend Development (Java)
0,0,0,0,1,1,0,0,0,Backend Development (PHP)
0,0,0,0,0,1,1,0,1,Data Science
0,0,0,0,0,0,0,0,0,Python Programming
0,1,0,0,0,1,0,0,0,Frontend Web Development
0,0,0,0,0,1,1,0,1,Data Science
0,0,0,0,0,0,1,0,1,Database Administration
1,1,0,1,0,0,1,0,0,Full Stack Web Development
0,1,0,0,0,0,0,1,1,Competitive Programming (DSA)
0,0,0,0,0,0,1,0,1,Database Administration
0,0,0,0,0,0,1,0,1,Database Administration
0,0,0,0,0,1,1,0,0,Data Science
0,0,0,1,0,1,1,0,0,Backend Development (Java)
0,0,0,1,1,1,0,0,0,Backend Development (PHP)
0,0,0,0,0,1,0,0,1,Python Programming
0,0,0,0,0,1,1,0,0,Data Science
0,0,0,0,0,1,1,0,1,Data Science
1,1,1,1,1,0,1,0,1,Full Stack Web Development
1,1,1,0,1,1,0,1,1,Competitive Programming (DSA)
0,0,0,1,1,1,1,0,0,Backend Development (PHP)
0,0,0,0,0,0,0,0,0,Python Programming
0,0,0,0,0,1,0,0,0,Python Programming
0,0,0,0,1,1,1,0,1,Backend Development (PHP)
1,0,1,0,0,0,1,0,0,Frontend Web Development
0,0,0,1,0,0,1,0,1,Backend Development (Java)
0,0,0,0,0,0,0,0,1,Python Programming
0,0,0,1,0,1,1,1,1,Competitive Programming (DSA)
0,0,0,0,0,1,0,0,1,Python Programming
0,0,0,0,0,1,1,0,0,Data Science
0,0,0,0,1,1,1,0,0,Backend Development (PHP)
1,1,1,0,0,0,0,0,1,Frontend Web Development
0,0,0,1,0,0,1,0,1,Backend Development (Java)
0,0,0,0,1,1,0,0,1,Backend Development (PHP)
0,0,0,0,0,1,1,0,1,Data Science
1,0,0,0,0,0,1,0,0,Frontend Web Development
0,0,0,0,0,1,0,0,0,Python Programming
0,0,0,0,0,0,1,0,0,Database Administration
0,0,0,0,0,0,1,0,1,Database Administration
0,0,0,1,0,0,1,0,1,Backend Development (Java)
0,1,0,0,0,1,1,0,1,Full Stack Web Development
1,0,0,0,0,0,0,0,0,Frontend Web Development
0,0,1,0,0,0,0,0,0,Frontend Web Development
0,0,0,0,0,0,1,0,0,Database Administration
0,0,1,1,0,0,1,0,0,Full Stack Web Development
0,0,0,0,0,1,1,0,1,Data Science
1,1,1,0,0,0,0,0,0,Frontend Web Development
1,0,1,0,0,1,1,1,0,Competitive Programming (DSA)
0,0,0,0,0,0,1,0,0,Database Administration
0,1,1,1,1,1,1,1,0,Competitive Programming (DSA)
0,0,0,1,0,0,1,0,0,Backend Development (Java)
1,1,0,0,0,1,0,0,0,Frontend Web Development
0,0,0,0,0,1,0,0,1,Python Programming
1,1,1,1,1,0,0,0,1,Full Stack Web Development
0,0,0,0,0,1,1,0,0,Data Science
0,0,0,1,0,0,0,0,0,Backend Development (Java)
1,0,1,0,0,1,1,1,0,Competitive Programming (DSA)
0,1,0,1,1,0,0,0,1,Full Stack Web Development
0,1,1,1,0,0,1,1,0,Competitive Programming (DSA)
0,0,0,1,0,0,1,0,1,Backend Development (Java)
0,0,0,0,0,1,1,0,0,Data Science
0,0,0,0,0,0,0,0,0,Python Programming
0,0,0,1,0,0,1,0,1,Backend Development (Java)
1,0,1,0,1,0,0,1,1,Competitive Programming (DSA)
0,0,0,0,0,1,0,0,1,Python Programming
0,1,0,1,1,1,1,0,0,Full Stack Web Development
0,0,0,0,0,0,0,0,1,Python Programming
0,0,0,0,0,1,1,0,0,Data Science
0,0,0,0,1,0,1,0,0,Backend Development (PHP)
0,0,1,0,1,1,0,0,0,Full Stack Web Development
0,0,0,0,1,1,0,0,1,Backend Development (PHP)
0,0,0,0,0,0,0,0,1,Python Programming
0,1,0,1,0,0,0,0,0,Full Stack Web Development
0,0,0,0,1,1,0,0,1,Backend Development (PHP)
1,1,1,0,0,1,0,0,0,Frontend Web Development
0,0,1,0,0,1,1,0,0,Frontend Web Development
0,1,1,0,0,0,0,0,1,Frontend Web Development
0,0,0,0,0,1,1,0,0,Data Science
0,0,0,1,0,0,1,0,1,Backend Development (Java)
0,0,0,0,0,0,0,0,1,Python Programming
0,0,0,0,0,0,0,0,0,Python Programming
0,1,1,0,1,0,0,1,0,Competitive Programming (DSA)
0,0,0,0,0,1,1,0,1,Data Science
0,0,0,0,0,1,1,0,1,Data Science
1,0,0,0,1,0,1,1,0,Competitive Programming (DSA)
0,0,0,1,1,1,0,0,0,Backend Development (PHP)
0,0,0,1,1,0,0,0,0,Backend Development (PHP)
0,0,0,1,1,1,1,0,0,Backend Development (PHP)
1,1,1,0,1,0,1,1,0,Competitive Programming (DSA)
0,0,0,0,0,1,1,0,1,Data Science
0,0,0,1,0,1,0,0,0,Backend Development (Java)
1,0,0,0,0,0,0,0,1,Frontend Web Development
0,1,0,0,0,1,0,0,1,Frontend Web Development
0,0,1,0,0,0,1,0,0,Frontend Web Development
0,1,1,1,0,0,1,0,1,Full Stack Web Development
0,0,0,0,0,0,1,0,0,Database Administration
0,0,0,1,1,1,0,0,0,Backend Development (PHP)
1,0,0,0,0,1,0,0,0,Frontend Web Development
0,0,0,1,1,1,1,0,1,Backend Development (PHP)
0,0,1,1,0,0,1,0,1,Full Stack Web Development
0,0,0,1,0,0,0,0,0,Backend Development (Java)
0,0,0,1,1,1,0,0,0,Backend Development (PHP)
0,0,1,0,0,1,1,0,1,Full Stack Web Development
0,1,0,1,0,1,1,0,1,Full Stack Web Development
0,0,0,0,1,1,1,1,0,Competitive Programming (DSA)
0,0,0,0,0,1,0,0,1,Python Programming
0,0,1,0,1,1,1,0,1,Full Stack Web Development
0,1,1,1,1,0,1,0,1,Full Stack Web Development
0,0,0,1,1,1,1,0,0,Backend Development (PHP)
1,0,0,1,1,0,0,1,0,Competitive Programming (DSA)
0,0,0,1,0,1,1,0,0,Backend Development (Java)
0,0,0,0,0,1,1,0,1,Data Science
0,0,0,0,1,1,0,0,1,Backend Development (PHP)
0,0,0,1,0,0,1,0,1,Backend Development (Java)
0,0,0,1,1,1,0,0,1,Backend Development (PHP)
0,0,0,0,0,0,1,0,0,Database Administration
0,0,0,1,0,1,1,0,1,Backend Development (Java)
0,1,1,0,0,1,0,0,0,Frontend Web Development
1,0,1,0,1,0,0,1,0,Competitive Programming (DSA)
0,0,0,0,0,0,0,0,1,Python Programming
1,0,1,0,0,1,1,0,0,Frontend Web Development
0,0,1,1,1,1,1,0,1,Full Stack Web Development
1,0,0,0,0,1,0,0,1,Frontend Web Development
0,1,0,1,0,0,1,1,1,Competitive Programming (DSA)
0,0,0,0,0,0,0,0,0,Python Programming
0,0,1,1,1,1,0,0,0,Full Stack Web Development
0,0,0,0,0,1,0,0,1,Python Programming
0,1,1,0,1,1,1,1,1,Competitive Programming (DSA)
0,1,1,0,0,0,0,0,1,Frontend Web Development
0,0,0,0,0,1,0,0,0,Python Programming
0,0,0,0,0,1,0,0,1,Python Programming
0,0,0,0,0,1,0,0,0,Python Programming
1,1,0,0,1,0,1,1,0,Competitive Programming (DSA)
0,0,0,0,0,1,1,0,1,Data Science
0,0,0,0,0,1,1,0,0,Data Science
0,0,0,1,1,1,1,0,0,Backend Development (PHP)
0,1,1,0,1,1,1,1,1,Competitive Programming (DSA)
0,0,0,0,0,0,1,0,1,Database Administration
0,0,0,0,0,0,1,0,0,Database Administration
0,0,0,0,0,0,1,0,0,Database Administration
1,0,0,1,1,0,0,0,0,Full Stack Web Development
0,0,0,1,1,1,0,0,1,Backend Development (PHP)
0,0,0,0,0,0,0,0,0,Python Programming
0,0,0,0,0,1,0,0,0,Python Programming
0,0,0,0,0,1,1,0,0,Data Science
0,0,0,0,0,0,0,0,0,Python Programming
1,0,1,0,1,1,1,0,1,Full Stack Web Development
0,0,0,0,0,1,0,0,1,Python Programming
0,0,0,1,1,0,1,0,0,Backend Development (PHP)
0,0,0,0,0,0,1,0,1,Database Administration
0,0,0,0,0,1,1,0,0,Data Science
0,0,0,0,0,0,1,0,0,Database Administration
0,0,0,0,0,1,0,0,0,Python Programming
0,0,0,1,0,1,0,0,0,Backend Development (Java)
0,0,0,0,0,1,1,0,1,Data Science
0,0,0,0,0,1,1,0,1,Data Science
0,0,0,0,0,0,1,0,0,Database Administration
0,1,1,1,0,1,0,0,0,Full Stack Web Development
0,0,1,1,1,1,1,0,0,Full Stack Web Development
1,0,0,0,0,1,0,0,1,Frontend Web Development
0,0,1,1,0,1,1,0,1,Full Stack Web Development
1,0,1,0,1,1,0,1,1,Competitive Programming (DSA)
0,0,0,0,1,0,1,0,0,Backend Development (PHP)
1,1,0,0,0,1,0,0,0,Frontend Web Development
0,0,0,0,0,0,0,0,0,Python Programming
0,0,0,0,0,1,1,0,1,Data Science
0,0,0,1,0,1,0,0,0,Backend Development (Java)
0,0,0,0,0,0,1,0,0,Database Administration
0,0,0,0,0,0,1,0,0,Database Administration
0,0,0,0,0,0,1,0,0,Database Administration
0,0,0,0,0,0,1,0,0,Database Administration
0,0,0,0,0,1,0,1,1,Competitive Programming (DSA)
0,0,0,0,1,1,0,0,0,Backend Development (PHP)
0,0,0,0,1,1,0,0,1,Backend Development (PHP)
0,0,0,0,0,0,0,0,1,Python Programming
0,0,0,0,0,1,1,0,0,Data Science
0,1,0,1,0,0,1,1,1,Competitive Programming (DSA)
0,0,0,0,1,0,1,0,0,Backend Development (PHP)
0,0,1,0,0,0,0,0,1,Frontend Web Development
0,1,0,0,0,0,1,0,0,Frontend Web Development
1,0,1,0,0,1,0,0,0,Frontend Web Development
0,0,0,0,0,1,1,0,0,Data Science
0,0,0,1,0,0,1,0,0,Backend Development (Java)
0,0,0,0,0,0,1,0,1,Database Administration
0,0,0,0,0,1,1,0,1,Data Science
0,0,0,0,0,0,1,0,1,Database Administration
0,0,0,0,0,1,1,0,0,Data Science
0,0,0,0,0,1,1,0,0,Data Science
1,0,0,0,0,0,0,0,1,Frontend Web Development
0,0,0,0,0,0,0,0,1,Python Programming
0,0,0,0,0,1,1,0,1,Data Science
0,0,0,0,0,0,1,0,1,Database Administration
1,1,0,0,0,1,0,0,0,Frontend Web Development
0,0,0,0,0,1,0,0,0,Python Programming
0,0,0,1,1,1,1,0,0,Backend Development (PHP)
0,0,0,1,1,1,0,0,1,Backend Development (PHP)
0,1,1,0,1,0,0,1,1,Competitive Programming (DSA)
0,0,0,0,0,0,0,0,0,Python Programming
0,1,1,0,0,0,0,0,0,Frontend Web Development
0,0,0,0,0,1,1,0,0,Data Science
0,0,0,1,1,1,0,0,0,Backend Development (PHP)
1,1,0,0,0,0,0,0,1,Frontend Web Development
0,0,0,0,0,1,0,0,1,Python Programming
0,0,0,1,0,0,0,0,0,Backend Development (Java)
0,0,1,0,0,0,1,0,0,Frontend Web Development
1,1,1,0,0,1,1,0,0,Frontend Web Development
0,0,0,0,0,0,0,0,1,Python Programming
0,0,0,1,0,0,1,0,1,Backend Development (Java)
0,0,0,0,1,1,1,0,1,Backend Development (PHP)
0,0,0,1,1,0,0,0,1,Backend Development (PHP)
1,0,0,0,0,0,1,0,0,Frontend Web Development
1,1,0,1,0,0,1,1,0,Competitive Programming (DSA)
1,0,1,0,0,1,0,0,1,Frontend Web Development
1,0,0,1,0,0,1,0,1,Full Stack Web Development
0,0,0,1,0,1,1,0,1,Backend Development (Java)
0,0,0,0,1,1,1,0,1,Backend Development (PHP)
0,0,0,0,0,0,1,0,0,Database Administration
0,0,0,0,0,1,1,0,1,Data Science
0,0,0,1,0,0,1,0,0,Backend Development (Java)
0,0,0,0,0,0,1,0,1,Database Administration
1,1,0,0,1,0,0,0,1,Full Stack Web Development
0,0,1,0,0,1,0,0,0,Frontend Web Development
0,0,0,0,0,0,1,0,1,Database Administration
0,1,1,0,1,0,0,0,1,Full Stack Web Development
0,0,0,0,0,0,1,0,0,Database Administration
1,0,0,0,1,0,0,1,1,Competitive Programming (DSA)
1,0,1,0,0,0,1,0,0,Frontend Web Development
1,1,0,1,1,0,0,0,1,Full Stack Web Development
0,0,1,0,1,1,1,1,0,Competitive Programming (DSA)
1,1,1,0,0,1,1,0,0,Frontend Web Development
1,1,0,1,1,0,1,0,0,Full Stack Web Development
1,1,0,0,0,0,1,0,0,Frontend Web Development
0,0,0,0,0,0,0,0,1,Python Programming
0,0,1,0,0,0,1,0,0,Frontend Web Development
0,0,1,0,1,1,1,1,1,Competitive Programming (DSA)
0,0,0,0,0,0,1,0,0,Database Administration
0,0,0,1,1,0,0,0,0,Backend Development (PHP)
0,0,0,0,0,0,1,0,0,Database Administration
0,0,0,0,0,0,0,0,0,Python Programming
1,0,0,0,1,0,1,1,0,Competitive Programming (DSA)
0,0,0,0,0,0,1,0,0,Database Administration
0,0,0,0,0,1,0,0,1,Python Programming
1,0,0,1,1,1,0,0,0,Full Stack Web Development
0,0,0,0,0,1,1,0,0,Data Science
0,0,0,1,1,0,1,0,1,Backend Development (PHP)
0,0,0,1,1,1,1,0,0,Backend Development (PHP)
0,0,0,0,1,0,1,0,1,Backend Development (PHP)
0,0,0,0,0,0,0,0,1,Python Programming
0,0,0,1,1,0,0,0,0,Backend Development (PHP)
0,0,0,0,1,0,1,0,1,Backend Development (PHP)
1,1,1,1,1,1,1,0,1,Full Stack Web Development
0,0,0,0,0,0,1,0,0,Database Administration
0,0,0,1,0,0,0,0,1,Backend Development (Java)
0,0,0,1,1,1,1,0,1,Backend Development (PHP)
0,0,0,0,1,0,0,0,0,Backend Development (PHP)
0,0,1,0,0,1,0,0,0,Frontend Web Development
0,0,1,1,0,0,0,1,0,Competitive Programming (DSA)
1,0,0,1,1,1,1,0,0,Full Stack Web Development
0,0,0,0,0,1,1,0,0,Data Science
1,0,1,1,0,1,0,0,1,Full Stack Web Development
0,0,0,0,0,0,1,0,0,Database Administration
0,1,1,0,0,0,0,1,1,Competitive Programming (DSA)
0,0,0,0,0,1,1,0,0,Data Science
0,1,1,0,1,0,1,0,0,Full Stack Web Development
0,1,0,0,0,1,1,0,0,Frontend Web Development
0,0,1,1,0,1,0,1,0,Competitive Programming (DSA)
0,0,0,0,0,0,1,0,1,Database Administration
0,0,0,1,0,1,0,0,1,Backend Development (Java)
0,0,0,1,0,1,0,0,1,Backend Development (Java)
0,0,0,0,0,1,1,0,0,Data Science
0,0,0,1,0,0,0,0,1,Backend Development (Java)
1,1,0,1,1,1,1,0,1,Full Stack Web Development
0,1,0,0,0,1,1,0,0,Frontend Web Development
0,0,0,0,0,0,1,0,1,Database Administration
0,0,0,0,0,1,1,0,0,Data Science
0,0,0,0,0,1,1,0,0,Data Science
0,0,0,0,0,0,1,0,1,Database Administration
0,0,0,0,0,1,1,0,0,Data Science
0,0,0,0,0,1,1,0,1,Data Science
0,0,0,1,1,1,0,0,0,Backend Development (PHP)
0,0,0,0,0,1,1,0,0,Data Science
0,0,0,1,0,0,1,0,0,Backend Development (Java)
0,0,0,0,0,0,0,0,1,Python Programming
0,1,0,1,0,1,1,1,0,Competitive Programming (DSA)
0,0,0,1,1,1,0,0,1,Backend Development (PHP)
0,0,0,1,0,0,1,0,1,Backend Development (Java)
0,0,0,0,0,1,0,0,0,Python Programming
1,0,0,0,0,0,0,1,0,Competitive Programming (DSA)
0,0,1,0,1,1,1,1,1,Competitive Programming (DSA)
0,0,0,0,0,0,1,0,1,Database Administration
0,0,0,0,0,1,0,0,1,Python Programming
1,1,0,0,0,0,1,0,0,Frontend Web Development
1,0,0,0,0,1,0,0,0,Frontend Web Development
0,0,0,0,0,0,1,0,0,Database Administration
0,0,0,0,0,1,1,0,0,Data Science
0,1,0,0,1,0,1,1,1,Competitive Programming (DSA)
0,0,0,0,0,0,1,0,0,Database Administration
0,0,0,1,0,0,0,0,0,Backend Development (Java)
0,0,0,0,0,0,1,0,0,Database Administration
0,0,0,0,0,0,1,0,0,Database Administration
0,0,0,1,1,0,1,0,1,Backend Development (PHP)
0,0,0,0,0,1,1,0,0,Data Science
0,0,0,0,0,0,1,0,1,Database Administration
0,0,0,0,1,1,0,0,0,Backend Development (PHP)
0,0,0,0,0,1,1,0,1,Data Science
0,1,0,0,0,1,0,0,1,Frontend Web Development
0,0,0,0,0,1,1,0,0,Data Science
0,0,0,1,1,1,1,0,0,Backend Development (PHP)
0,0,1,0,0,1,1,0,0,Frontend Web Development
1,0,1,1,1,0,1,0,0,Full Stack Web Development
1,0,0,1,1,1,0,0,0,Full Stack Web Development
0,0,0,0,0,1,1,0,1,Data Science
0,0,0,0,0,0,0,0,0,Python Programming
0,0,0,0,0,0,1,0,1,Database Administration
0,0,1,1,0,0,1,0,1,Full Stack Web Development
0,0,0,0,0,1,1,0,1,Data Science
1,0,1,0,0,1,1,0,0,Frontend Web Development
1,1,0,0,0,0,0,1,1,Competitive Programming (DSA)
1,0,1,0,0,1,0,0,0,Frontend Web Development
1,1,1,1,0,0,0,1,1,Competitive Programming (DSA)
0,0,0,1,0,1,1,0,1,Backend Development (Java)
0,0,0,0,0,1,1,0,1,Data Science
0,0,0,0,0,0,1,0,1,Database Administration
0,1,0,0,0,0,0,0,0,Frontend Web Development
0,0,0,1,1,1,1,0,1,Backend Development (PHP)
0,0,0,0,0,0,0,0,1,Python Programming
0,0,0,0,0,0,1,0,0,Database Administration
0,1,1,0,0,1,0,0,0,Frontend Web Development
0,0,0,0,0,1,1,0,1,Data Science
0,0,1,0,0,1,1,1,1,Competitive Programming (DSA)
0,1,0,1,1,0,1,1,0,Competitive Programming (DSA)
0,1,0,0,1,1,0,1,1,Competitive Programming (DSA)
0,0,0,0,0,0,1,0,0,Database Administration
1,0,1,1,0,1,1,1,1,Competitive Programming (DSA)
1,1,1,0,0,0,1,0,0,Frontend Web Development
0,0,0,0,1,0,1,0,0,Backend Development (PHP)
1,0,1,0,0,1,0,0,0,Frontend Web Development
0,1,0,0,0,0,0,0,1,Frontend Web Development
0,0,0,1,1,1,1,0,1,Backend Development (PHP)
1,1,0,0,0,0,1,0,0,Frontend Web Development
0,0,0,0,0,0,1,0,1,Database Administration
0,0,0,0,1,1,0,0,0,Backend Development (PHP)
0,0,0,1,0,0,1,0,0,Backend Development (Java)
1,0,1,0,1,1,1,1,0,Competitive Programming (DSA)
0,0,0,1,0,0,1,0,0,Backend Development (Java)
0,0,0,0,0,0,0,1,1,Competitive Programming (DSA)
0,0,0,0,0,1,1,0,1,Data Science
0,0,0,1,1,0,0,1,0,Competitive Programming (DSA)
1,1,1,0,0,1,0,0,0,Frontend Web Development
0,0,0,0,0,1,0,0,1,Python Programming
1,1,0,0,1,0,1,1,0,Competitive Programming (DSA)
0,0,0,0,0,1,1,0,1,Data Science
0,1,1,0,0,0,0,1,0,Competitive Programming (DSA)
0,0,0,1,0,0,1,0,1,Backend Development (Java)
0,0,0,0,0,0,1,0,0,Database Administration
0,0,0,1,0,0,1,0,0,Backend Development (Java)
0,0,0,0,0,1,1,0,1,Data Science
0,0,0,1,0,1,0,0,1,Backend Development (Java)
0,0,0,0,0,0,0,0,1,Python Programming
0,0,0,0,0,0,1,0,0,Database Administration
1,1,1,0,0,1,1,0,0,Frontend Web Development
0,0,0,1,0,0,1,0,1,Backend Development (Java)
0,0,0,0,0,1,1,0,0,Data Science
0,0,0,0,0,0,1,0,1,Database Administration
0,0,0,0,0,0,1,0,0,Database Administration
0,0,0,0,0,1,0,0,1,Python Programming
0,0,0,0,1,1,1,0,1,Backend Development (PHP)
0,0,0,1,1,0,0,0,0,Backend Development (PHP)
0,0,0,0,0,1,1,0,1,Data Science
0,0,0,1,0,0,1,0,1,Backend Development (Java)
0,0,1,1,1,0,1,0,0,Full Stack Web Development
0,0,0,0,0,0,1,0,1,Database Administration
0,0,0,0,0,0,1,0,0,Database Administration
0,0,0,0,0,0,1,0,1,Database Administration
0,0,0,1,0,0,0,0,1,Backend Development (Java)
0,0,0,0,0,0,0,0,1,Python Programming
1,0,1,1,1,1,0,1,0,Competitive Programming (DSA)
0,1,1,1,1,1,0,0,0,Full Stack Web Development
0,0,0,0,0,1,0,0,1,Python Programming
0,0,0,1,0,0,1,0,0,Backend Development (Java)
0,0,0,0,0,1,0,0,0,Python Programming
0,1,1,1,0,0,0,0,1,Full Stack Web Development
0,0,1,1,1,0,1,0,1,Full Stack Web Development
0,0,0,0,0,0,0,0,0,Python Programming
0,1,0,0,0,0,0,0,0,Frontend Web Development
0,1,1,0,0,1,0,1,1,Competitive Programming (DSA)
0,0,0,1,1,0,0,0,1,Backend Development (PHP)
1,0,0,0,0,0,0,0,1,Frontend Web Development
1,0,1,1,1,1,1,0,0,Full Stack Web Development
0,0,0,0,0,0,1,0,1,Database Administration
0,0,0,0,0,1,1,0,0,Data Science
0,0,0,0,0,0,0,0,1,Python Programming
0,0,0,0,0,1,0,0,1,Python Programming
1,1,0,0,0,1,0,0,1,Frontend Web Development
0,0,0,0,0,0,1,0,1,Database Administration
0,0,0,0,0,1,1,0,0,Data Science
0,1,0,1,1,1,0,1,1,Competitive Programming (DSA)
0,1,1,1,0,0,1,1,0,Competitive Programming (DSA)
0,0,0,0,0,1,1,0,0,Data Science
0,0,0,0,0,0,1,0,1,Database Administration
1,0,1,1,0,1,1,0,1,Full Stack Web Development
0,0,0,0,0,1,1,0,0,Data Science
0,1,0,1,1,1,1,0,0,Full Stack Web Development
0,0,0,0,0,1,1,0,1,Data Science
0,0,0,0,0,1,1,0,0,Data Science
0,0,0,1,0,1,0,0,1,Backend Development (Java)
0,0,0,0,0,0,1,0,0,Database Administration
1,0,0,0,1,0,0,1,1,Competitive Programming (DSA)
0,0,0,0,1,0,1,0,1,Backend Development (PHP)
1,0,0,0,1,1,0,0,1,Full Stack Web Development
0,0,0,0,1,1,0,0,0,Backend Development (PHP)
0,0,0,0,0,1,0,0,1,Python Programming
0,0,1,0,0,1,1,1,1,Competitive Programming (DSA)
0,0,1,1,1,1,0,0,1,Full Stack Web Development
0,0,0,0,0,0,0,0,0,Python Programming
0,0,0,1,1,1,1,0,0,Backend Development (PHP)
0,0,0,0,0,0,1,0,1,Database Administration
1,1,1,1,0,1,0,0,0,Full Stack Web Development
0,0,0,0,0,0,1,0,1,Database Administration
1,0,1,0,1,1,0,0,1,Full Stack Web Development
0,1,1,1,0,1,0,0,1,Full Stack Web Development
0,0,0,0,0,1,1,0,1,Data Science
0,0,0,0,0,1,1,0,0,Data Science
0,0,0,0,0,0,1,0,0,Database Administration
0,0,0,1,1,1,1,0,0,Backend Development (PHP)
0,0,0,1,0,1,1,0,0,Backend Development (Java)
0,0,1,0,1,1,1,0,0,Full Stack Web Development
0,0,0,0,0,1,1,0,1,Data Science
0,0,0,0,0,0,1,0,0,Database Administration
0,0,0,0,0,0,1,0,1,Database Administration
1,0,1,1,0,1,0,0,1,Full Stack Web Development
0,0,0,1,0,1,0,0,0,Backend Development (Java)
0,0,0,1,0,0,0,0,1,Backend Development (Java)
0,0,0,0,0,1,1,0,1,Data Science
1,0,1,0,0,1,1,0,0,Frontend Web Development
0,0,0,1,0,1,1,0,1,Backend Development (Java)
1,0,0,0,0,0,1,0,0,Frontend Web Development
1,0,0,0,0,0,1,0,0,Frontend Web Development
0,0,0,0,1,1,1,1,1,Competitive Programming (DSA)
0,0,0,1,1,1,0,0,1,Backend Development (PHP)
0,0,0,1,0,1,1,0,1,Backend Development (Java)
0,0,0,0,0,0,1,0,0,Database Administration
0,0,0,1,0,1,1,0,0,Backend Development (Java)
0,0,1,0,1,0,1,1,0,Competitive Programming (DSA)
0,1,1,0,1,0,0,0,0,Full Stack Web Development
0,0,0,1,0,0,1,0,1,Backend Development (Java)
0,0,0,0,1,1,1,0,0,Backend Development (PHP)
0,0,0,0,0,1,1,0,1,Data Science
1,1,0,1,0,0,1,0,0,Full Stack Web Development
0,0,0,0,0,0,1,0,1,Database Administration
0,0,0,0,1,0,1,0,0,Backend Development (PHP)
0,0,0,1,0,0,0,0,0,Backend Development (Java)
1,1,1,0,1,0,0,0,1,Full Stack Web Development
0,0,0,1,0,0,0,0,1,Backend Development (Java)
1,1,0,0,0,1,0,0,1,Frontend Web Development
0,0,0,0,1,0,0,0,1,Backend Development (PHP)
0,0,0,0,1,1,0,0,1,Backend Development (PHP)
0,0,0,0,0,1,1,0,0,Data Science
0,1,1,1,0,0,1,0,1,Full Stack Web Development
0,0,0,0,1,1,1,0,1,Backend Development (PHP)
1,1,0,0,0,0,1,0,0,Frontend Web Development
0,0,0,0,1,1,1,0,0,Backend Development (PHP)
0,0,0,0,0,1,1,0,0,Data Science
0,0,0,0,0,0,1,0,0,Database Administration
0,0,0,0,0,0,1,0,1,Database Administration
1,0,1,1,0,1,1,0,1,Full Stack Web Development
0,0,0,0,1,1,1,0,0,Backend Development (PHP)
0,1,1,0,0,0,0,0,1,Frontend Web Development
0,0,0,0,0,0,0,0,0,Python Programming
0,0,0,1,0,0,1,0,0,Backend Development (Java)
1,1,1,1,1,0,0,1,1,Competitive Programming (DSA)
0,0,0,0,0,1,1,0,1,Data Science
0,0,0,1,0,1,1,0,0,Backend Development (Java)
1,1,1,0,1,1,0,0,1,Full Stack Web Development
0,0,0,0,0,0,1,0,1,Database Administration
1,0,1,1,1,1,0,0,1,Full Stack Web Development
0,0,0,0,0,1,0,0,0,Python Programming
0,0,0,0,0,1,0,0,1,Python Programming
0,0,0,0,1,0,0,0,1,Backend Development (PHP)
0,0,0,0,0,0,0,0,1,Python Programming
0,0,0,1,0,1,0,0,0,Backend Development (Java)
1,1,0,1,1,1,0,0,0,Full Stack Web Development
0,0,0,0,0,0,1,0,1,Database Administration
1,1,0,1,1,1,1,0,0,Full Stack Web Development
0,0,0,0,0,1,1,0,0,Data Science
1,0,1,0,0,1,0,1,0,Competitive Programming (DSA)
0,0,0,0,1,0,1,0,1,Backend Development (PHP)
0,1,0,0,0,0,1,0,0,Frontend Web Development
0,0,0,0,0,1,1,0,1,Data Science
0,0,0,1,0,0,1,0,1,Backend Development (Java)
0,1,1,0,0,0,1,1,0,Competitive Programming (DSA)
1,0,1,0,0,0,0,0,0,Frontend Web Development
0,0,0,1,0,1,0,0,1,Backend Development (Java)
1,1,0,0,0,1,0,0,0,Frontend Web Development
1,0,0,0,0,0,1,1,0,Competitive Programming (DSA)
0,1,1,0,0,0,0,0,0,Frontend Web Development
1,1,1,0,1,0,1,1,1,Competitive Programming (DSA)
0,0,0,0,0,1,1,0,0,Data Science
0,1,0,1,1,0,1,0,0,Full Stack Web Development
0,0,0,1,0,0,0,0,0,Backend Development (Java)
0,0,0,1,0,1,1,0,0,Backend Development (Java)
0,0,0,1,0,1,1,0,0,Backend Development (Java)
0,0,0,1,0,0,1,0,1,Backend Development (Java)
0,0,0,0,0,1,1,0,0,Data Science
0,0,0,1,0,0,1,0,1,Backend Development (Java)
0,0,0,0,1,1,1,0,1,Backend Development (PHP)
0,0,0,0,0,0,1,0,0,Database Administration
0,0,0,0,0,0,0,0,0,Python Programming
0,1,0,0,1,1,1,0,1,Full Stack Web Development
0,0,0,0,0,0,1,0,1,Database Administration
1,0,0,0,0,1,0,0,1,Frontend Web Development
1,1,0,0,0,0,1,0,0,Frontend Web Development
0,0,0,1,0,0,0,0,1,Backend Development (Java)
0,0,0,0,1,0,0,0,0,Backend Development (PHP)
0,0,0,1,1,0,0,0,1,Backend Development (PHP)
0,0,0,1,0,0,0,0,0,Backend Development (Java)
0,0,0,0,0,0,0,0,1,Python Programming
1,1,0,0,0,0,0,0,0,Frontend Web Development
0,0,0,1,0,0,0,0,1,Backend Development (Java)
0,1,0,1,1,0,1,0,1,Full Stack Web Development
0,0,0,0,1,1,0,0,1,Backend Development (PHP)
1,1,1,0,0,1,1,1,0,Competitive Programming (DSA)
0,0,0,0,0,0,1,0,1,Database Administration
0,0,0,0,1,1,1,0,1,Backend Development (PHP)
0,0,0,0,0,1,1,0,1,Data Science
0,0,0,0,0,1,1,0,0,Data Science
1,0,0,0,0,0,0,1,1,Competitive Programming (DSA)
0,1,0,1,0,1,1,0,1,Full Stack Web Development
1,0,1,1,0,1,0,1,0,Competitive Programming (DSA)
0,1,0,0,0,1,1,0,0,Frontend Web Development
0,0,0,1,0,0,0,0,0,Backend Development (Java)
0,0,0,1,1,1,0,0,1,Backend Development (PHP)
0,0,0,0,0,1,1,0,1,Data Science
0,0,0,1,0,1,1,0,1,Backend Development (Java)
0,0,0,0,0,1,1,0,0,Data Science
0,0,0,0,1,0,1,0,0,Backend Development (PHP)
0,0,0,1,1,1,0,0,0,Backend Development (PHP)
0,0,0,0,0,0,1,0,1,Database Administration
0,0,0,0,0,0,1,0,1,Database Administration
1,1,1,1,1,0,0,0,1,Full Stack Web Development
0,0,0,1,1,0,0,0,0,Backend Development (PHP)
0,0,0,0,0,1,1,0,1,Data Science
0,0,0,0,0,0,1,0,0,Database Administration
0,0,0,0,0,0,1,0,1,Database Administration
0,0,0,1,1,1,0,0,0,Backend Development (PHP)
0,0,0,0,1,1,1,0,1,Backend Development (PHP)
0,1,0,0,1,1,1,0,1,Full Stack Web Development
0,0,0,0,0,0,1,0,1,Database Administration
0,0,0,1,1,1,0,0,1,Backend Development (PHP)
1,0,1,1,0,1,1,1,0,Competitive Programming (DSA)
0,0,0,0,0,1,0,0,0,Python Programming
0,0,0,0,0,0,0,0,1,Python Programming
0,0,0,0,0,0,1,0,0,Database Administration
0,0,0,0,0,1,1,0,1,Data Science
0,0,0,1,1,1,1,1,1,Competitive Programming (DSA)
0,0,0,0,0,0,0,0,1,Python Programming
0,0,0,0,1,0,1,0,0,Backend Development (PHP)
0,0,0,1,0,0,0,0,0,Backend Development (Java)
0,0,0,0,0,1,0,0,0,Python Programming
1,1,1,1,0,1,0,0,1,Full Stack Web Development
0,0,0,0,0,0,1,0,0,Database Administration
0,0,0,0,1,1,0,0,0,Backend Development (PHP)
0,0,0,1,1,0,0,0,0,Backend Development (PHP)
0,0,0,1,1,0,1,0,1,Backend Development (PHP)
1,0,0,0,0,1,1,0,0,Frontend Web Development
0,1,1,1,1,0,1,0,1,Full Stack Web Development
1,0,0,0,0,1,0,0,0,Frontend Web Development
0,1,0,1,1,1,0,1,0,Competitive Programming (DSA)
0,0,1,0,0,0,0,1,1,Competitive Programming (DSA)
0,0,0,1,0,0,1,0,1,Backend Development (Java)
1,0,0,0,0,0,0,0,1,Frontend Web Development
0,0,0,1,0,0,1,0,1,Backend Development (Java)
0,1,0,1,0,0,1,0,0,Full Stack Web Development
0,0,0,0,0,0,0,0,0,Python Programming
0,0,0,0,0,1,1,0,1,Data Science
1,1,1,0,1,0,0,0,0,Full Stack Web Development
0,0,0,1,1,1,1,0,1,Backend Development (PHP)
0,0,0,0,1,0,0,0,1,Backend Development (PHP)
0,0,1,1,0,1,0,0,1,Full Stack Web Development
0,0,0,0,0,0,1,0,1,Database Administration
0,0,0,0,0,0,1,0,1,Database Administration
0,0,0,0,0,1,1,0,1,Data Science
0,0,0,0,0,0,1,0,0,Database Administration
1,0,0,0,1,1,1,0,0,Full Stack Web Development
0,0,0,1,0,1,1,0,1,Backend Development (Java)
0,0,0,0,0,1,1,0,1,Data Science
1,0,0,1,0,0,1,0,0,Full Stack Web Development
1,1,1,1,1,0,0,1,1,Competitive Programming (DSA)
0,0,0,1,0,1,0,0,0,Backend Development (Java)
0,1,1,0,0,1,1,0,0,Frontend Web Development
1,1,1,0,1,1,0,1,0,Competitive Programming (DSA)
0,0,0,0,1,0,1,0,0,Backend Development (PHP)
0,0,0,1,1,1,1,0,0,Backend Development (PHP)
0,1,1,1,0,1,0,1,1,Competitive Programming (DSA)
1,0,1,0,0,1,0,0,0,Frontend Web Development
0,0,0,1,0,0,1,0,0,Backend Development (Java)
0,0,0,0,0,1,1,0,1,Data Science
1,1,1,1,0,0,0,0,0,Full Stack Web Development
0,0,0,1,1,1,0,0,1,Backend Development (PHP)
0,0,0,1,0,1,1,0,0,Backend Development (Java)
1,0,0,0,0,0,0,0,1,Frontend Web Development
0,0,0,1,0,1,1,0,0,Backend Development (Java)
0,0,0,0,1,0,0,0,1,Backend Development (PHP)
0,1,1,0,0,0,0,0,0,Frontend Web Development
1,1,1,0,1,1,1,1,1,Competitive Programming (DSA)
0,0,0,1,0,1,1,0,0,Backend Development (Java)
1,1,0,0,0,1,1,0,1,Full Stack Web Development
1,1,1,1,0,1,1,0,1,Full Stack Web Development
1,1,0,0,0,0,0,0,0,Frontend Web Development
0,0,0,0,0,0,0,0,1,Python Programming
0,0,0,1,0,1,0,0,0,Backend Development (Java)
1,1,1,1,0,1,1,1,1,Competitive Programming (DSA)
0,0,1,0,0,1,1,0,1,Full Stack Web Development
0,0,1,1,1,0,0,0,1,Full Stack Web Development
0,0,0,0,0,1,1,0,0,Data Science
0,0,0,0,0,0,1,0,1,Database Administration
0,1,1,1,1,1,1,1,1,Competitive Programming (DSA)
1,1,0,0,0,0,1,0,0,Frontend Web Development
1,1,1,0,1,0,0,0,0,Full Stack Web Development
1,0,1,0,0,0,1,0,0,Frontend Web Development
0,0,0,0,0,1,1,0,0,Data Science
0,0,0,0,0,1,0,0,1,Python Programming
1,1,1,0,0,1,0,0,0,Frontend Web Development
1,1,0,0,1,0,0,0,0,Full Stack Web Development
0,0,0,0,0,1,1,0,1,Data Science
0,0,1,1,0,1,1,1,0,Competitive Programming (DSA)
0,0,0,0,0,0,1,0,1,Database Administration
0,0,0,0,0,0,0,0,1,Python Programming
0,0,0,1,0,0,1,0,0,Backend Development (Java)
0,0,0,0,1,0,0,0,0,Backend Development (PHP)
0,0,0,0,0,0,1,0,0,Database Administration
0,0,0,1,0,1,1,0,0,Backend Development (Java)
0,0,0,1,0,0,1,0,0,Backend Development (Java)
0,0,0,1,1,1,0,0,1,Backend Development (PHP)
0,0,0,0,0,1,1,0,0,Data Science
1,1,0,0,0,1,1,0,0,Frontend Web Development
1,1,1,1,0,0,0,1,0,Competitive Programming (DSA)
0,0,0,0,0,1,1,0,1,Data Science
0,0,0,1,1,1,0,0,1,Backend Development (PHP)
0,0,0,1,0,0,0,0,0,Backend Development (Java)
0,0,0,1,0,0,1,0,0,Backend Development (Java)
1,1,0,0,0,1,1,0,1,Full Stack Web Development
0,0,0,0,1,0,1,0,1,Backend Development (PHP)
0,0,0,1,1,1,1,0,0,Backend Development (PHP)
1,0,0,1,0,1,0,0,1,Full Stack Web Development
1,0,0,0,0,0,0,1,1,Competitive Programming (DSA)
0,0,0,0,0,0,1,0,0,Database Administration
0,0,0,0,0,0,1,0,0,Database Administration
1,0,1,1,1,0,1,1,0,Competitive Programming (DSA)
0,0,0,0,0,1,0,0,1,Python Programming
0,0,0,0,0,0,1,0,1,Database Administration
0,0,0,0,0,0,0,0,0,Python Programming
0,0,0,0,0,0,0,0,1,Python Programming
0,0,0,1,0,1,0,0,0,Backend Development (Java)
0,0,0,1,0,1,0,0,1,Backend Development (Java)
0,0,0,1,0,0,1,0,0,Backend Development (Java)
1,1,0,0,0,1,0,0,1,Frontend Web Development
1,0,1,0,1,1,0,0,0,Full Stack Web Development
0,0,0,0,0,1,1,0,1,Data Science
0,0,0,0,0,0,1,0,0,Database Administration
1,1,1,1,0,1,1,0,0,Full Stack Web Development
1,1,0,1,1,0,1,0,1,Full Stack Web Development
0,0,0,1,0,1,1,0,0,Backend Development (Java)
1,0,0,0,0,0,0,0,1,Frontend Web Development
1,0,1,0,1,1,0,0,1,Full Stack Web Development
0,1,1,1,1,1,0,1,1,Competitive Programming (DSA)
0,0,0,1,0,0,1,0,1,Backend Development (Java)
0,0,0,0,1,0,0,0,1,Backend Development (PHP)
0,0,0,0,0,1,1,0,1,Data Science
1,1,0,0,1,1,0,1,0,Competitive Programming (DSA)
0,0,0,0,0,1,0,0,1,Python Programming
1,0,0,0,0,1,1,0,0,Frontend Web Development
0,0,1,0,0,1,0,0,0,Frontend Web Development
0,0,0,0,1,0,0,0,0,Backend Development (PHP)
0,0,0,0,0,0,0,0,1,Python Programming
1,1,1,1,1,1,0,1,0,Competitive Programming (DSA)
0,0,0,0,0,0,1,0,0,Database Administration
0,0,0,1,0,0,0,0,0,Backend Development (Java)
0,0,0,1,1,0,1,0,1,Backend Development (PHP)
0,0,0,1,0,1,1,0,1,Backend Development (Java)
1,0,0,1,1,1,1,1,0,Competitive Programming (DSA)
0,0,0,0,0,1,1,0,1,Data Science
0,1,1,1,1,1,1,1,1,Competitive Programming (DSA)
0,0,0,0,0,0,1,0,0,Database Administration
0,0,0,1,0,0,0,0,1,Backend Development (Java)
1,1,0,0,1,1,1,0,0,Full Stack Web Development
0,0,0,1,0,0,0,0,0,Backend Development (Java)
0,0,0,1,0,1,0,0,0,Backend Development (Java)
0,0,0,1,0,1,1,0,0,Backend Development (Java)
0,0,0,1,0,1,1,0,1,Backend Development (Java)
0,0,0,1,0,0,1,0,0,Backend Development (Java)
0,0,0,1,1,0,1,0,0,Backend Development (PHP)
0,0,0,0,1,1,0,0,0,Backend Development (PHP)
0,1,0,0,0,0,1,0,1,Full Stack Web Development
0,0,0,0,1,1,0,0,0,Backend Development (PHP)
0,0,0,0,0,0,1,0,0,Database Administration
0,0,0,1,0,0,1,0,1,Backend Development (Java)
0,0,0,0,0,1,1,0,0,Data Science
0,0,0,1,1,1,0,0,0,Backend Development (PHP)
0,0,0,1,0,0,1,0,0,Backend Development (Java)
0,0,1,1,0,1,1,0,1,Full Stack Web Development
0,0,0,0,0,1,0,0,1,Python Programming
1,0,0,0,1,1,1,0,1,Full Stack Web Development
0,0,0,0,0,0,1,0,1,Database Administration
0,0,1,1,1,1,1,0,1,Full Stack Web Development
0,1,1,1,1,0,1,0,0,Full Stack Web Development
0,0,0,0,0,1,1,0,1,Data Science
0,0,1,1,1,0,0,1,0,Competitive Programming (DSA)
0,0,0,0,0,1,1,0,0,Data Science
1,0,1,1,0,1,0,0,1,Full Stack Web Development
1,0,0,1,0,1,0,1,0,Competitive Programming (DSA)
0,0,0,0,0,0,0,0,1,Python Programming
0,0,1,0,1,0,1,1,1,Competitive Programming (DSA)
0,1,0,1,1,1,0,0,0,Full Stack Web Development
0,0,0,0,1,1,1,0,0,Backend Development (PHP)
1,0,0,1,1,0,0,0,1,Full Stack Web Development
1,1,0,0,0,1,1,0,1,Full Stack Web Development
0,0,0,1,1,1,0,0,0,Backend Development (PHP)
0,0,0,0,1,1,1,0,1,Backend Development (PHP)
0,0,0,0,0,1,1,0,1,Data Science
1,0,1,0,0,0,1,1,0,Competitive Programming (DSA)
0,1,0,0,1,1,0,1,1,Competitive Programming (DSA)
1,0,0,0,0,1,1,0,0,Frontend Web Development
0,0,0,0,0,0,0,0,0,Python Programming
0,0,0,1,0,1,0,0,0,Backend Development (Java)
0,0,0,0,1,0,0,0,1,Backend Development (PHP)
1,1,1,0,0,0,0,0,1,Frontend Web Development
0,0,0,1,0,0,0,0,1,Backend Development (Java)
0,0,0,0,1,0,1,0,0,Backend Development (PHP)
1,1,0,1,0,1,1,1,0,Competitive Programming (DSA)
0,0,0,0,0,1,0,0,1,Python Programming
0,0,0,1,0,1,0,0,0,Backend Development (Java)
0,0,0,0,0,1,0,0,0,Python Programming
1,1,0,0,0,0,0,1,0,Competitive Programming (DSA)
0,0,0,0,0,1,1,0,0,Data Science
0,0,0,0,0,0,1,0,1,Database Administration
1,1,0,1,0,1,0,1,0,Competitive Programming (DSA)
0,0,0,0,0,0,1,0,1,Database Administration
1,1,0,1,1,0,0,0,0,Full Stack Web Development
1,1,0,1,1,1,1,0,1,Full Stack Web Development
0,0,0,1,0,1,0,0,0,Backend Development (Java)
0,0,0,0,1,0,1,0,0,Backend Development (PHP)
0,0,0,0,0,1,1,0,0,Data Science
0,1,0,0,0,0,0,0,1,Frontend Web Development
0,0,0,1,0,0,0,0,1,Backend Development (Java)
1,0,0,0,0,1,1,0,0,Frontend Web Development
0,0,0,1,0,0,1,0,1,Backend Development (Java)
0,0,0,1,1,0,1,0,1,Backend Development (PHP)
0,1,1,0,1,1,0,0,0,Full Stack Web Development
0,0,0,0,0,1,0,0,1,Python Programming
0,0,0,1,0,1,1,0,1,Backend Development (Java)
0,0,0,0,0,0,1,0,0,Database Administration
0,0,0,1,1,1,1,0,1,Backend Development (PHP)
1,0,1,1,0,1,1,0,0,Full Stack Web Development
1,1,0,0,0,0,0,0,0,Frontend Web Development
0,0,0,0,0,0,1,0,1,Database Administration
0,0,0,0,0,1,1,0,0,Data Science
0,1,0,0,0,1,0,0,1,Frontend Web Development
0,0,0,0,0,1,0,0,0,Python Programming
0,0,1,1,0,1,0,0,0,Full Stack Web Development
0,0,0,0,0,1,1,0,0,Data Science
1,1,1,0,0,0,0,0,0,Frontend Web Development
0,0,0,0,1,1,0,0,1,Backend Development (PHP)
0,1,1,0,0,1,0,0,0,Frontend Web Development
0,0,0,0,1,1,0,1,1,Competitive Programming (DSA)
0,0,0,1,0,1,1,0,1,Backend Development (Java)
0,0,0,1,0,1,1,0,0,Backend Development (Java)
0,0,0,1,0,1,1,0,1,Backend Development (Java)
0,0,1,0,0,1,1,0,0,Frontend Web Development
0,0,0,1,0,0,0,0,0,Backend Development (Java)
0,0,1,0,0,0,1,0,0,Frontend Web Development
0,1,1,1,0,0,1,1,0,Competitive Programming (DSA)
0,0,0,0,0,1,0,0,0,Python Programming
0,0,0,0,0,1,0,0,0,Python Programming
0,0,0,0,1,1,1,0,0,Backend Development (PHP)
0,0,0,1,1,0,1,0,1,Backend Development (PHP)
0,0,0,1,0,0,0,0,0,Backend Development (Java)
0,0,0,1,0,1,1,0,0,Backend Development (Java)
0,1,0,0,1,0,1,1,0,Competitive Programming (DSA)
0,1,0,0,1,1,0,0,1,Full Stack Web Development
0,0,0,0,0,1,0,0,0,Python Programming
0,0,0,0,0,0,0,0,0,Python Programming
0,0,0,1,0,1,0,0,0,Backend Development (Java)
0,0,1,0,0,0,0,0,0,Frontend Web Development
1,1,1,0,0,1,0,0,1,Frontend Web Development
0,0,0,0,0,0,1,0,1,Database Administration
0,0,0,1,1,0,0,0,1,Backend Development (PHP)
1,0,1,1,0,1,1,0,1,Full Stack Web Development
0,0,0,0,0,0,1,0,1,Database Administration
0,0,0,0,0,1,1,0,0,Data Science
0,0,0,1,0,0,0,0,0,Backend Development (Java)
0,0,0,1,0,1,0,0,0,Backend Development (Java)
1,0,1,1,1,1,0,0,1,Full Stack Web Development
1,1,0,1,1,1,1,0,1,Full Stack Web Development
0,0,0,1,1,1,1,0,0,Backend Development (PHP)
0,0,0,0,0,0,0,0,0,Python Programming
0,1,1,0,1,1,0,1,1,Competitive Programming (DSA)
0,0,1,0,0,1,0,0,0,Frontend Web Development
1,0,0,1,0,1,0,1,1,Competitive Programming (DSA)
1,0,1,0,1,0,0,0,0,Full Stack Web Development
1,1,1,0,0,1,1,0,0,Frontend Web Development
0,0,0,0,0,0,1,0,0,Database Administration
0,0,0,1,0,0,1,0,0,Backend Development (Java)
0,0,0,0,0,0,1,0,1,Database Administration
0,1,1,0,0,1,0,1,0,Competitive Programming (DSA)
0,0,0,0,0,0,0,0,0,Python Programming
0,0,0,0,0,0,0,0,0,Python Programming
0,0,0,1,0,0,0,1,1,Competitive Programming (DSA)
0,0,0,0,1,1,1,0,0,Backend Development (PHP)
0,0,0,0,0,1,1,0,1,Data Science
0,1,1,0,0,1,0,0,1,Frontend Web Development
0,0,0,1,0,0,1,0,1,Backend Development (Java)
0,0,0,0,0,0,1,0,1,Database Administration
0,1,1,1,1,0,1,0,0,Full Stack Web Development
0,0,0,0,0,1,0,0,0,Python Programming
0,0,0,0,0,0,1,0,1,Database Administration
0,0,0,0,0,1,0,0,0,Python Programming
1,0,1,0,1,0,0,0,0,Full Stack Web Development
1,1,1,0,0,0,1,1,0,Competitive Programming (DSA)
0,0,0,0,0,0,1,0,1,Database Administration
0,1,1,1,1,1,0,0,0,Full Stack Web Development
0,0,0,0,1,1,1,0,1,Backend Development (PHP)
1,0,1,1,0,0,0,0,0,Full Stack Web Development
0,0,0,0,1,0,1,0,0,Backend Development (PHP)
0,0,1,0,0,1,0,0,1,Frontend Web Development
0,1,0,0,0,1,0,1,0,Competitive Programming (DSA)
0,0,0,0,0,0,1,0,0,Database Administration
0,0,0,0,0,0,0,0,1,Python Programming
0,0,0,1,0,0,1,0,1,Backend Development (Java)
0,0,0,1,0,0,1,0,0,Backend Development (Java)
0,1,0,0,0,0,1,0,0,Frontend Web Development
0,0,0,1,0,0,0,0,0,Backend Development (Java)
0,0,0,0,0,0,1,0,0,Database Administration
0,0,0,0,1,1,0,0,0,Backend Development (PHP)
0,1,1,0,0,1,0,0,1,Frontend Web Development
0,0,0,0,0,0,0,0,0,Python Programming
0,0,0,0,0,1,1,0,1,Data Science
0,0,0,0,0,1,1,0,1,Data Science
0,0,0,0,0,0,1,0,0,Database Administration
1,1,0,1,1,1,0,1,1,Competitive Programming (DSA)
1,0,1,0,0,0,0,0,1,Frontend Web Development
0,0,0,0,0,0,0,0,1,Python Programming
1,0,1,0,0,1,0,0,0,Frontend Web Development
0,0,0,0,0,0,0,0,0,Python Programming
1,0,0,0,1,0,1,1,0,Competitive Programming (DSA)
0,0,0,0,0,0,1,0,0,Database Administration
1,0,0,0,0,1,0,1,0,Competitive Programming (DSA)
0,0,0,0,0,1,1,0,1,Data Science
1,1,1,0,1,1,0,1,1,Competitive Programming (DSA)
0,0,0,0,0,1,0,0,0,Python Programming
0,1,1,0,0,0,0,0,0,Frontend Web Development
1,1,1,0,0,1,1,1,1,Competitive Programming (DSA)
0,0,0,0,0,0,1,0,1,Database Administration
0,0,1,1,1,1,1,0,1,Full Stack Web Development
1,1,0,0,1,1,1,0,0,Full Stack Web Development
0,0,1,0,0,0,0,0,0,Frontend Web Development
0,0,0,1,1,0,1,0,1,Backend Development (PHP)
0,1,1,0,0,0,1,0,0,Frontend Web Development
1,1,1,0,0,0,0,0,0,Frontend Web Development
1,1,0,0,0,1,1,0,0,Frontend Web Development
0,0,0,0,0,1,1,0,1,Data Science
0,0,0,0,0,1,1,0,0,Data Science
0,0,0,1,0,1,1,0,0,Backend Development (Java)
0,0,0,0,0,1,0,0,0,Python Programming
0,0,0,1,0,1,0,0,1,Backend Development (Java)
0,0,0,0,0,0,0,0,0,Python Programming
0,0,0,1,0,0,0,0,1,Backend Development (Java)
0,0,0,1,0,0,0,0,1,Backend Development (Java)
0,1,0,1,1,1,0,1,0,Competitive Programming (DSA)
0,0,0,0,0,0,0,0,0,Python Programming
0,1,1,0,0,0,0,0,1,Frontend Web Development
0,0,1,0,0,0,1,0,0,Frontend Web Development
0,0,0,0,0,1,0,0,0,Python Programming
0,1,0,1,0,0,1,0,0,Full Stack Web Development
0,0,0,1,0,1,1,0,1,Backend Development (Java)
0,0,0,0,0,1,1,0,0,Data Science
0,0,1,1,1,1,1,1,1,Competitive Programming (DSA)
0,1,1,0,0,1,0,0,0,Frontend Web Development
0,0,0,0,1,0,1,0,0,Backend Development (PHP)
1,1,0,1,0,1,1,0,1,Full Stack Web Development
1,0,0,0,0,0,1,0,0,Frontend Web Development
0,0,0,1,1,0,0,0,1,Backend Development (PHP)
0,1,1,0,0,1,1,1,0,Competitive Programming (DSA)
0,0,0,1,0,1,0,0,1,Backend Development (Java)
1,1,1,0,0,0,0,1,1,Competitive Programming (DSA)
0,0,0,0,0,0,1,0,0,Database Administration
0,0,0,0,0,0,1,0,0,Database Administration
0,0,0,0,0,1,1,0,0,Data Science
1,0,1,0,0,0,1,0,0,Frontend Web Development
0,0,0,1,0,1,1,0,1,Backend Development (Java)
0,0,0,1,1,1,1,0,1,Backend Development (PHP)
0,1,0,0,0,0,0,0,0,Frontend Web Development
0,0,0,0,0,1,0,0,1,Python Programming
0,0,0,0,0,0,1,0,0,Database Administration
0,0,0,1,1,1,0,0,1,Backend Development (PHP)
0,1,1,1,0,0,0,0,0,Full Stack Web Development
0,0,0,0,0,1,1,0,1,Data Science
1,0,0,1,0,0,1,1,1,Competitive Programming (DSA)
0,1,1,0,1,0,0,1,0,Competitive Programming (DSA)
0,0,0,0,0,0,1,0,1,Database Administration
0,0,0,1,0,1,0,0,1,Backend Development (Java)
0,0,0,0,0,0,1,0,0,Database Administration
0,0,1,1,0,1,1,0,1,Full Stack Web Development
1,0,0,0,0,1,1,0,1,Full Stack Web Development
0,0,0,0,0,1,1,0,0,Data Science
0,0,0,0,0,1,1,0,0,Data Science
0,0,0,0,1,0,0,0,0,Backend Development (PHP)
0,0,0,0,0,0,1,0,0,Database Administration
0,0,0,0,0,1,1,0,1,Data Science
0,0,0,1,0,1,1,0,0,Backend Development (Java)
0,0,0,1,0,1,1,0,0,Backend Development (Java)
0,1,1,0,0,1,1,0,0,Frontend Web Development
1,1,0,0,1,1,0,0,0,Full Stack Web Development
0,0,0,0,0,1,1,0,1,Data Science
0,0,0,1,1,1,1,0,0,Backend Development (PHP)
0,0,0,0,0,0,1,0,0,Database Administration
1,0,1,0,0,0,0,0,0,Frontend Web Development
0,0,0,0,0,0,1,0,0,Database Administration
1,1,1,0,0,1,0,0,1,Frontend Web Development
0,0,1,1,0,1,1,0,1,Full Stack Web Development
0,0,0,0,0,0,0,0,0,Python Programming
0,0,1,0,0,1,1,0,0,Frontend Web Development
0,0,0,0,0,0,1,0,1,Database Administration
0,0,0,0,0,1,1,0,1,Data Science
1,1,0,0,0,0,0,0,0,Frontend Web Development
0,0,0,0,0,1,0,0,1,Python Programming
0,0,0,0,0,0,1,0,0,Database Administration
0,1,0,1,0,1,0,0,0,Full Stack Web Development
1,0,0,1,0,1,1,1,1,Competitive Programming (DSA)
0,0,0,0,0,1,1,0,1,Data Science
0,1,0,0,0,0,0,0,1,Frontend Web Development
0,0,0,0,0,1,0,0,0,Python Programming
0,0,0,1,1,1,1,0,0,Backend Development (PHP)
0,1,0,1,1,1,1,1,0,Competitive Programming (DSA)
1,1,0,1,0,1,1,0,0,Full Stack Web Development
0,1,0,0,0,1,1,0,1,Full Stack Web Development
0,1,1,1,1,0,1,1,1,Competitive Programming (DSA)
0,0,0,0,0,0,1,0,1,Database Administration
1,0,0,1,1,1,1,1,0,Competitive Programming (DSA)
0,0,0,1,0,0,1,0,1,Backend Development (Java)
0,0,0,0,0,1,0,0,1,Python Programming
0,1,1,0,0,1,1,1,1,Competitive Programming (DSA)
0,0,0,0,0,0,0,0,0,Python Programming
0,0,0,0,0,1,0,0,0,Python Programming
0,0,0,0,0,1,1,0,0,Data Science
0,0,0,0,0,0,1,0,0,Database Administration
1,1,1,0,0,1,1,0,0,Frontend Web Development
0,0,0,1,1,1,0,0,0,Backend Development (PHP)
1,0,1,0,0,1,1,0,1,Full Stack Web Development
0,0,0,0,1,0,0,0,1,Backend Development (PHP)
1,1,0,0,1,0,1,0,0,Full Stack Web Development
0,1,0,0,0,0,0,0,0,Frontend Web Development
1,1,0,1,1,1,1,0,1,Full Stack Web Development
0,0,0,1,0,0,0,0,0,Backend Development (Java)
0,0,0,0,1,0,0,0,1,Backend Development (PHP)
1,1,1,1,0,0,0,1,0,Competitive Programming (DSA)
1,0,1,0,0,1,0,0,0,Frontend Web Development
1,1,1,0,1,1,1,0,0,Full Stack Web Development
0,0,0,0,0,1,0,0,0,Python Programming
0,0,0,0,0,1,0,0,1,Python Programming
0,0,0,0,0,0,1,0,1,Database Administration
0,0,0,0,0,1,1,0,0,Data Science
0,0,0,0,0,0,1,0,1,Database Administration
0,0,0,1,1,0,1,0,1,Backend Development (PHP)
0,0,0,1,0,1,0,0,0,Backend Development (Java)
0,0,0,0,0,1,1,0,0,Data Science
0,0,0,0,0,0,0,0,1,Python Programming
1,1,0,0,0,1,0,0,1,Frontend Web Development
0,0,0,1,0,0,0,0,1,Backend Development (Java)
1,0,0,0,0,1,1,0,0,Frontend Web Development
0,1,1,0,0,0,1,0,0,Frontend Web Development
0,0,0,0,0,1,0,0,0,Python Programming
1,0,1,0,0,1,1,0,0,Frontend Web Development
1,1,1,1,0,1,0,1,1,Competitive Programming (DSA)
0,1,1,0,0,0,1,0,0,Frontend Web Development
0,1,1,0,1,1,0,1,0,Competitive Programming (DSA)
1,1,1,0,1,1,0,1,1,Competitive Programming (DSA)
1,0,1,0,0,0,0,0,1,Frontend Web Development
0,0,0,0,1,0,0,0,1,Backend Development (PHP)
0,0,0,0,0,1,1,0,0,Data Science
0,0,0,0,0,1,1,0,1,Data Science
0,0,0,0,0,1,0,0,1,Python Programming
0,0,0,0,1,1,1,0,0,Backend Development (PHP)
0,0,0,0,0,1,1,0,1,Data Science
0,0,0,0,1,1,0,0,0,Backend Development (PHP)
0,0,0,0,1,1,1,0,1,Backend Development (PHP)
1,0,1,0,0,1,1,1,0,Competitive Programming (DSA)
1,1,0,1,1,0,1,0,0,Full Stack Web Development
0,1,0,0,0,0,0,0,0,Frontend Web Development
0,0,0,0,0,0,1,0,1,Database Administration
0,0,0,0,0,0,1,0,0,Database Administration
0,0,0,0,0,1,0,0,1,Python Programming
1,0,0,0,0,1,1,0,0,Frontend Web Development
0,0,0,0,0,0,0,0,1,Python Programming
0,0,0,1,1,0,1,0,0,Backend Development (PHP)
0,0,0,1,0,1,1,0,0,Backend Development (Java)
1,0,0,0,1,0,1,0,0,Full Stack Web Development
0,0,0,1,0,1,1,0,0,Backend Development (Java)
0,0,0,1,0,0,0,0,1,Backend Development (Java)
1,1,0,0,1,1,1,1,0,Competitive Programming (DSA)
0,0,0,0,0,0,1,0,0,Database Administration
0,0,0,1,0,1,0,0,0,Backend Development (Java)
0,0,0,1,0,0,1,0,1,Backend Development (Java)
0,0,0,0,1,0,0,0,1,Backend Development (PHP)
1,0,1,0,1,1,0,1,0,Competitive Programming (DSA)
0,0,0,0,0,0,1,0,1,Database Administration
0,0,0,0,0,0,1,0,1,Database Administration
0,1,0,0,0,1,0,1,0,Competitive Programming (DSA)
0,0,0,0,0,0,1,0,1,Database Administration
0,0,0,0,1,1,1,0,0,Backend Development (PHP)
0,0,0,0,0,0,1,0,0,Database Administration
0,0,0,1,0,1,1,0,1,Backend Development (Java)
1,0,1,1,0,1,0,1,1,Competitive Programming (DSA)
0,0,0,0,0,0,1,0,1,Database Administration
1,1,1,1,1,1,0,1,0,Competitive Programming (DSA)
0,0,0,0,0,1,1,0,0,Data Science
1,1,0,0,1,0,1,0,1,Full Stack Web Development
1,1,0,1,1,1,0,1,1,Competitive Programming (DSA)
0,0,0,0,0,1,1,0,1,Data Science
1,1,0,1,1,1,0,0,0,Full Stack Web Development
1,1,1,0,0,1,0,0,1,Frontend Web Development
0,0,0,1,1,0,1,0,1,Backend Development (PHP)
0,0,0,1,1,1,1,0,0,Backend Development (PHP)
0,0,0,1,1,1,0,0,0,Backend Development (PHP)
0,0,0,0,1,1,1,0,1,Backend Development (PHP)
0,0,0,0,1,1,1,0,1,Backend Development (PHP)
0,0,0,0,0,0,0,0,0,Python Programming
0,0,1,0,0,0,1,0,0,Frontend Web Development
0,1,0,0,0,1,1,1,1,Competitive Programming (DSA)
0,0,1,1,0,0,0,0,1,Full Stack Web Development
0,1,0,1,0,1,0,0,1,Full Stack Web Development
0,0,1,0,1,0,0,1,1,Competitive Programming (DSA)
0,0,0,0,0,1,1,0,0,Data Science
0,1,1,0,0,0,0,0,0,Frontend Web Development
0,1,0,1,1,0,1,1,1,Competitive Programming (DSA)
1,1,1,0,0,0,1,0,0,Frontend Web Development
0,0,0,0,0,0,0,0,0,Python Programming
0,0,0,0,0,1,0,0,1,Python Programming
0,0,0,1,0,1,0,0,0,Backend Development (Java)
1,0,1,0,0,0,0,0,1,Frontend Web Development
1,0,1,1,1,0,0,0,1,Full Stack Web Development
0,1,0,1,1,0,1,0,0,Full Stack Web Development
0,0,1,1,1,1,1,0,1,Full Stack Web Development
0,0,0,0,0,0,0,0,1,Python Programming
1,0,0,0,0,0,1,0,0,Frontend Web Development
0,0,0,1,1,1,0,0,0,Backend Development (PHP)
0,0,0,1,1,1,1,1,1,Competitive Programming (DSA)
1,1,1,0,1,1,0,0,1,Full Stack Web Development
0,0,0,0,0,0,1,0,1,Database Administration
0,0,0,1,1,1,0,0,1,Backend Development (PHP)
0,1,1,0,1,1,0,0,1,Full Stack Web Development
0,0,0,0,0,1,0,0,0,Python Programming
0,1,1,0,1,1,1,0,1,Full Stack Web Development
0,0,1,1,0,0,1,1,1,Competitive Programming (DSA)
0,0,0,1,0,0,1,0,1,Backend Development (Java)
0,0,0,0,1,0,0,0,1,Backend Development (PHP)
0,0,0,0,0,1,1,0,1,Data Science
0,0,0,1,0,0,0,0,1,Backend Development (Java)
1,1,0,0,1,0,1,1,0,Competitive Programming (DSA)
1,1,1,0,1,0,0,1,1,Competitive Programming (DSA)
0,0,0,0,0,1,1,0,1,Data Science
0,0,0,1,1,1,0,0,1,Backend Development (PHP)
0,0,0,0,0,1,1,0,0,Data Science
0,1,1,0,0,1,0,0,1,Frontend Web Development
1,1,0,1,0,1,1,1,1,Competitive Programming (DSA)
0,0,1,1,0,1,0,0,1,Full Stack Web Development
1,0,0,0,1,1,1,1,1,Competitive Programming (DSA)
1,0,1,1,0,0,0,1,1,Competitive Programming (DSA)
0,0,0,0,0,1,1,0,1,Data Science
0,0,0,0,0,1,0,0,1,Python Programming
0,0,0,1,0,0,1,0,1,Backend Development (Java)
0,0,1,1,0,0,0,0,1,Full Stack Web Development
0,0,0,0,0,1,0,0,0,Python Programming
0,1,0,0,0,0,1,0,0,Frontend Web Development
0,0,0,1,1,1,1,0,0,Backend Development (PHP)
0,0,0,1,0,0,1,0,1,Backend Development (Java)
0,1,1,0,0,0,1,0,0,Frontend Web Development
0,0,0,0,0,0,0,0,1,Python Programming
0,0,0,0,1,0,1,0,0,Backend Development (PHP)
0,1,0,0,0,1,0,0,1,Frontend Web Development
1,1,1,0,0,0,0,0,0,Frontend Web Development
0,0,0,0,0,1,0,0,0,Python Programming
0,0,0,0,0,1,1,0,1,Data Science
0,0,0,0,0,1,1,0,1,Data Science
0,0,0,0,1,0,1,1,1,Competitive Programming (DSA)
0,0,0,0,0,0,1,0,0,Database Administration
0,0,0,0,0,1,0,0,1,Python Programming
0,0,0,0,0,0,1,0,1,Database Administration
0,1,0,1,1,1,1,1,0,Competitive Programming (DSA)
1,0,1,0,1,0,0,0,1,Full Stack Web Development
0,0,0,1,0,0,1,0,0,Backend Development (Java)
0,1,0,1,0,0,1,0,1,Full Stack Web Development
0,0,0,0,0,0,0,0,1,Python Programming
0,0,0,0,0,1,0,0,1,Python Programming
0,0,0,0,0,1,1,0,1,Data Science
0,0,0,0,0,1,1,0,0,Data Science
0,0,0,0,0,1,0,0,0,Python Programming
1,1,0,1,0,0,1,1,0,Competitive Programming (DSA)
1,0,0,1,1,1,0,0,1,Full Stack Web Development
1,1,0,0,0,1,0,0,0,Frontend Web Development
0,0,0,1,0,1,1,0,0,Backend Development (Java)
1,0,0,1,1,0,1,0,1,Full Stack Web Development
0,0,1,0,0,0,0,1,0,Competitive Programming (DSA)
0,0,0,1,0,1,1,0,1,Backend Development (Java)
1,1,1,0,0,1,1,0,0,Frontend Web Development
1,0,0,1,1,0,1,0,0,Full Stack Web Development
0,0,0,0,0,0,1,0,1,Database Administration
0,0,1,1,1,0,1,0,1,Full Stack Web Development
0,0,1,1,0,0,0,1,1,Competitive Programming (DSA)
0,0,0,1,0,1,0,0,0,Backend Development (Java)
0,0,0,0,0,0,1,0,1,Database Administration
0,0,0,1,0,1,0,0,1,Backend Development (Java)
0,0,0,0,0,0,0,0,0,Python Programming
0,1,0,0,0,0,1,1,1,Competitive Programming (DSA)
0,0,0,0,1,1,0,0,1,Backend Development (PHP)
0,0,0,1,1,1,0,1,0,Competitive Programming (DSA)
0,0,0,0,0,1,0,0,1,Python Programming
0,0,0,0,0,0,1,0,1,Database Administration
0,1,0,1,0,1,0,0,1,Full Stack Web Development
0,0,0,0,1,0,1,1,1,Competitive Programming (DSA)
1,1,1,0,0,1,0,0,1,Frontend Web Development
0,0,0,0,0,0,0,0,1,Python Programming
0,0,0,0,1,1,0,0,1,Backend Development (PHP)
0,0,0,0,0,1,1,0,0,Data Science
0,0,0,1,1,1,0,0,0,Backend Development (PHP)
1,0,1,0,0,0,0,0,1,Frontend Web Development
0,0,0,1,0,0,0,0,1,Backend Development (Java)
0,0,0,0,1,1,0,0,1,Backend Development (PHP)
0,0,1,0,0,0,0,0,1,Frontend Web Development
0,0,0,0,0,1,0,0,0,Python Programming
0,1,1,0,1,0,0,0,0,Full Stack Web Development
0,0,0,0,0,0,1,0,0,Database Administration
0,1,1,1,1,1,1,1,1,Competitive Programming (DSA)
0,0,0,0,0,0,1,0,1,Database Administration
0,0,1,0,0,0,1,1,0,Competitive Programming (DSA)
0,0,0,1,1,1,0,0,0,Backend Development (PHP)
0,0,0,0,0,0,1,0,0,Database Administration
1,1,1,1,0,1,0,0,0,Full Stack Web Development
0,0,0,1,1,1,0,0,0,Backend Development (PHP)
0,0,0,1,0,1,1,0,1,Backend Development (Java)
0,0,0,0,0,0,0,0,0,Python Programming
0,0,0,0,0,1,1,0,1,Data Science
0,0,0,0,0,0,1,0,0,Database Administration
0,0,0,0,0,0,1,0,0,Database Administration
0,0,0,1,0,1,1,0,1,Backend Development (Java)
0,0,0,1,0,1,1,0,0,Backend Development (Java)
0,0,0,0,0,0,0,0,1,Python Programming
0,1,1,1,0,1,1,0,0,Full Stack Web Development
0,0,0,0,1,0,1,0,1,Backend Development (PHP)
1,0,1,0,0,1,0,0,1,Frontend Web Development
0,0,0,1,1,1,1,0,0,Backend Development (PHP)
0,0,0,0,0,0,1,0,0,Database Administration
0,1,0,1,0,1,0,1,0,Competitive Programming (DSA)
0,0,0,0,0,0,1,0,1,Database Administration
1,1,0,0,0,1,0,0,1,Frontend Web Development
0,0,0,0,1,1,0,0,1,Backend Development (PHP)
0,0,0,1,1,1,0,0,1,Backend Development (PHP)
0,0,0,0,0,0,1,0,0,Database Administration
0,0,0,0,0,1,1,0,0,Data Science
0,1,0,0,0,0,0,0,1,Frontend Web Development
1,0,0,0,0,0,1,0,0,Frontend Web Development
0,0,0,1,0,1,0,0,1,Backend Development (Java)
0,0,0,0,0,0,0,0,0,Python Programming
0,0,0,1,0,1,1,0,1,Backend Development (Java)
0,0,0,0,0,1,0,0,1,Python Programming
1,1,1,0,0,0,1,1,0,Competitive Programming (DSA)
0,1,0,0,0,1,0,0,0,Frontend Web Development
0,1,0,1,1,0,0,1,0,Competitive Programming (DSA)
0,0,0,1,0,1,1,0,0,Backend Development (Java)
0,1,0,0,0,1,1,1,0,Competitive Programming (DSA)
0,1,0,0,1,1,0,1,0,Competitive Programming (DSA)
0,0,0,0,0,0,0,0,0,Python Programming
0,0,0,0,0,0,0,0,0,Python Programming
1,0,1,1,0,0,1,0,1,Full Stack Web Development
0,0,0,1,0,0,1,0,0,Backend Development (Java)
0,0,0,0,0,1,1,0,0,Data Science
1,0,0,0,0,1,1,0,0,Frontend Web Development
0,0,0,1,0,0,1,0,0,Backend Development (Java)
0,0,0,0,0,0,1,0,1,Database Administration
1,1,0,1,0,1,0,1,1,Competitive Programming (DSA)
0,1,0,0,0,0,0,1,0,Competitive Programming (DSA)
1,1,0,0,0,1,1,0,0,Frontend Web Development
0,0,0,0,1,1,0,0,1,Backend Development (PHP)
0,0,0,0,0,1,1,0,1,Data Science
0,0,0,0,0,1,0,0,0,Python Programming
0,0,0,1,1,1,0,0,1,Backend Development (PHP)
0,0,0,0,0,1,1,0,0,Data Science
0,1,0,1,0,0,0,0,0,Full Stack Web Development
0,1,1,1,1,0,0,0,0,Full Stack Web Development
0,0,0,0,0,0,0,0,0,Python Programming
0,0,0,0,0,0,0,0,0,Python Programming
0,0,0,0,1,1,1,0,1,Backend Development (PHP)
0,1,0,0,0,1,1,1,0,Competitive Programming (DSA)
0,0,0,0,0,1,1,0,1,Data Science
1,0,0,0,0,1,0,0,0,Frontend Web Development
0,0,0,1,0,1,0,0,1,Backend Development (Java)
0,1,0,0,0,0,0,0,0,Frontend Web Development
0,0,0,1,0,1,1,0,0,Backend Development (Java)
0,1,0,0,1,1,1,0,0,Full Stack Web Development
0,1,1,1,0,1,0,1,0,Competitive Programming (DSA)
0,0,0,1,1,1,0,1,0,Competitive Programming (DSA)
0,0,0,0,0,0,0,0,1,Python Programming
0,0,0,0,0,0,1,0,1,Database Administration
1,0,0,1,1,1,1,1,1,Competitive Programming (DSA)
0,0,0,0,0,0,0,0,1,Python Programming
1,1,1,1,1,0,1,0,0,Full Stack Web Development
0,0,0,0,0,1,1,0,1,Data Science
1,0,1,1,0,0,1,1,0,Competitive Programming (DSA)
0,0,0,1,1,1,0,0,0,Backend Development (PHP)
1,0,1,0,1,0,1,0,0,Full Stack Web Development
0,1,0,0,0,1,1,0,0,Frontend Web Development
0,1,0,1,0,0,0,0,0,Full Stack Web Development
1,0,0,0,1,0,0,0,1,Full Stack Web Development
0,0,0,0,0,0,1,0,0,Database Administration
1,1,1,1,0,1,1,1,1,Competitive Programming (DSA)
0,0,0,0,0,0,0,0,0,Python Programming
1,0,1,0,1,1,0,0,1,Full Stack Web Development
0,0,0,0,0,0,1,0,1,Database Administration
0,0,0,0,0,1,1,0,1,Data Science
0,0,0,1,0,1,1,0,0,Backend Development (Java)
0,0,0,1,1,0,0,0,1,Backend Development (PHP)
0,0,0,0,1,0,0,0,1,Backend Development (PHP)
0,0,1,1,0,0,0,0,1,Full Stack Web Development
0,0,0,0,0,0,1,0,0,Database Administration
0,0,0,0,0,1,1,0,0,Data Science
0,0,0,0,0,1,0,0,1,Python Programming
0,0,0,0,0,1,1,0,0,Data Science
0,0,0,0,0,0,1,0,1,Database Administration
0,0,0,1,0,1,1,0,1,Backend Development (Java)
0,0,0,0,1,1,1,0,1,Backend Development (PHP)
1,1,0,0,0,0,1,0,0,Frontend Web Development
1,0,1,0,0,0,0,0,0,Frontend Web Development
0,1,0,0,0,0,0,1,0,Competitive Programming (DSA)
0,0,0,0,0,0,1,0,1,Database Administration
1,0,1,1,0,1,0,0,0,Full Stack Web Development
0,0,0,0,0,1,1,0,0,Data Science
0,0,0,0,0,0,1,0,1,Database Administration
0,0,0,1,0,0,0,1,1,Competitive Programming (DSA)
0,0,0,0,0,0,1,0,1,Database Administration
0,0,0,1,0,1,1,0,1,Backend Development (Java)
1,1,1,0,0,0,0,0,0,Frontend Web Development
0,0,0,0,1,0,0,0,1,Backend Development (PHP)
0,0,0,0,0,1,1,0,0,Data Science
0,0,0,1,0,1,0,0,0,Backend Development (Java)
0,0,0,0,0,1,1,0,0,Data Science
0,0,0,1,0,0,0,0,0,Backend Development (Java)
0,0,0,0,0,0,1,0,0,Database Administration
1,0,0,0,1,0,1,0,0,Full Stack Web Development
1,1,0,0,0,0,0,0,1,Frontend Web Development
1,1,0,0,0,1,0,0,0,Frontend Web Development
1,1,1,0,0,1,1,0,1,Full Stack Web Development
0,0,0,1,1,0,0,0,0,Backend Development (PHP)
1,1,0,0,0,0,0,0,0,Frontend Web Development
0,0,0,0,0,0,0,0,1,Python Programming
0,0,0,0,0,0,1,0,1,Database Administration
0,0,0,1,1,1,0,0,1,Backend Development (PHP)
0,0,0,0,0,0,1,0,1,Database Administration
1,1,1,0,0,0,0,1,1,Competitive Programming (DSA)
0,0,0,1,0,0,0,0,1,Backend Development (Java)
0,0,0,0,0,1,1,0,0,Data Science
0,0,0,1,0,1,1,0,1,Backend Development (Java)
0,0,0,1,0,1,1,0,1,Backend Development (Java)
0,0,0,1,1,0,1,0,1,Backend Development (PHP)
0,0,0,1,0,1,1,0,0,Backend Development (Java)
0,0,0,1,1,1,1,0,0,Backend Development (PHP)
0,0,0,0,1,0,0,0,1,Backend Development (PHP)
1,0,0,0,0,1,1,0,0,Frontend Web Development
1,0,0,1,1,1,1,0,1,Full Stack Web Development
0,0,1,0,0,1,0,0,1,Frontend Web Development
1,1,1,1,1,0,1,1,0,Competitive Programming (DSA)
0,0,0,0,0,0,0,0,0,Python Programming
0,0,0,0,0,0,1,0,1,Database Administration
1,0,1,1,0,0,1,0,0,Full Stack Web Development
1,1,0,0,0,1,1,0,0,Frontend Web Development
0,0,0,0,1,1,1,0,1,Backend Development (PHP)
0,1,0,0,1,1,0,0,1,Full Stack Web Development
0,1,0,0,0,0,1,0,0,Frontend Web Development
0,0,0,0,0,0,1,0,1,Database Administration
0,0,0,0,0,0,0,0,0,Python Programming
0,0,0,0,0,1,1,0,1,Data Science
0,0,0,0,0,1,0,0,0,Python Programming
0,0,0,1,1,0,0,0,1,Backend Development (PHP)
0,1,0,0,1,1,1,0,1,Full Stack Web Development
0,0,0,0,1,0,1,1,1,Competitive Programming (DSA)
0,1,1,1,1,1,1,0,1,Full Stack Web Development
0,0,0,0,0,0,0,0,0,Python Programming
0,0,0,1,0,1,0,0,1,Backend Development (Java)
0,0,0,0,1,0,0,0,0,Backend Development (PHP)
1,1,0,1,1,0,0,0,1,Full Stack Web Development
1,0,1,1,1,1,1,0,1,Full Stack Web Development
0,0,0,0,0,1,1,0,0,Data Science
0,0,0,1,0,0,1,0,1,Backend Development (Java)
1,1,1,0,1,0,0,0,0,Full Stack Web Development
0,1,0,1,0,0,1,1,0,Competitive Programming (DSA)
0,0,0,0,0,1,1,0,1,Data Science
0,0,0,1,1,1,1,0,0,Backend Development (PHP)
0,0,0,0,1,1,0,0,0,Backend Development (PHP)
1,0,0,0,0,1,1,1,0,Competitive Programming (DSA)
0,0,0,1,1,0,1,0,0,Backend Development (PHP)
1,1,1,0,0,1,0,0,1,Frontend Web Development
0,0,0,1,0,1,1,0,0,Backend Development (Java)
0,0,0,0,0,0,1,0,0,Database Administration
0,0,0,0,0,1,1,0,1,Data Science
0,0,1,0,1,1,0,1,1,Competitive Programming (DSA)
0,0,0,0,0,0,1,0,0,Database Administration
1,1,1,0,0,1,0,1,0,Competitive Programming (DSA)
0,0,0,1,1,0,0,0,0,Backend Development (PHP)
1,0,1,0,0,0,1,0,0,Frontend Web Development
0,1,1,0,0,0,0,0,1,Frontend Web Development
0,0,0,0,0,0,1,0,1,Database Administration
0,1,0,1,1,1,0,1,0,Competitive Programming (DSA)
1,1,1,0,0,1,0,0,1,Frontend Web Development
0,0,0,0,0,1,1,0,0,Data Science
0,0,0,0,0,1,0,0,0,Python Programming
0,0,0,1,0,0,1,0,0,Backend Development (Java)
0,0,0,0,0,1,1,0,0,Data Science
0,0,0,0,0,0,0,0,1,Python Programming
0,0,0,0,0,1,0,0,1,Python Programming
0,0,0,0,0,0,1,0,0,Database Administration
0,0,0,1,0,1,0,0,1,Backend Development (Java)
0,1,0,0,0,0,1,0,0,Frontend Web Development
0,0,0,0,0,1,1,0,0,Data Science
0,0,0,0,0,1,1,0,1,Data Science
0,1,0,0,0,1,1,0,0,Frontend Web Development
0,0,0,0,1,0,0,0,1,Backend Development (PHP)
0,0,0,0,0,1,0,0,1,Python Programming
0,0,0,0,0,1,1,0,1,Data Science
1,0,1,1,1,0,1,0,0,Full Stack Web Development
1,1,1,1,0,0,1,1,0,Competitive Programming (DSA)
1,1,1,0,0,0,0,0,1,Frontend Web Development
0,0,0,1,1,1,0,0,1,Backend Development (PHP)
0,0,0,0,0,1,0,0,1,Python Programming
1,1,1,1,1,0,1,1,1,Competitive Programming (DSA)
0,0,0,0,1,1,1,0,1,Backend Development (PHP)
1,0,0,0,0,0,0,0,1,Frontend Web Development
1,1,0,1,0,0,1,1,0,Competitive Programming (DSA)
0,0,0,0,0,1,0,0,0,Python Programming
1,1,0,1,0,0,0,0,1,Full Stack Web Development
0,0,0,0,0,0,0,0,1,Python Programming
0,0,0,0,1,0,0,0,1,Backend Development (PHP)
0,0,0,0,0,0,1,0,1,Database Administration
0,0,0,0,0,1,1,0,1,Data Science
1,0,0,0,1,0,1,1,1,Competitive Programming (DSA)
1,0,0,1,0,0,1,1,1,Competitive Programming (DSA)
0,1,1,0,0,0,1,0,0,Frontend Web Development
0,0,0,0,0,1,1,0,1,Data Science
0,0,0,0,0,1,0,0,1,Python Programming
1,1,0,0,0,0,1,1,0,Competitive Programming (DSA)
0,0,0,1,1,0,0,0,0,Backend Development (PHP)
0,0,0,0,0,1,1,0,1,Data Science
1,1,0,0,1,0,1,0,1,Full Stack Web Development
1,0,0,1,0,0,1,0,0,Full Stack Web Development
0,0,0,0,1,1,0,0,0,Backend Development (PHP)
1,0,0,0,0,1,1,0,0,Frontend Web Development
0,0,1,0,1,0,1,1,0,Competitive Programming (DSA)
0,0,0,0,0,0,0,0,0,Python Programming
1,1,0,1,1,0,0,1,0,Competitive Programming (DSA)
0,0,0,0,0,0,1,0,1,Database Administration
0,0,0,0,0,1,1,0,1,Data Science
0,0,0,0,0,0,0,0,0,Python Programming
0,0,0,1,0,0,1,0,0,Backend Development (Java)
0,0,0,0,0,1,1,0,1,Data Science
0,0,0,0,0,0,1,0,0,Database Administration
0,0,0,1,1,0,1,0,0,Backend Development (PHP)
0,0,0,0,0,0,1,0,0,Database Administration
0,0,0,0,0,0,0,0,0,Python Programming
1,1,1,0,0,0,0,0,1,Frontend Web Development
0,1,1,1,0,1,1,0,1,Full Stack Web Development
1,1,0,1,1,1,1,0,0,Full Stack Web Development
0,0,0,0,0,0,1,0,0,Database Administration
1,0,1,0,0,1,1,0,0,Frontend Web Development
0,1,1,0,1,0,0,1,1,Competitive Programming (DSA)
1,1,0,0,1,0,0,0,1,Full Stack Web Development
0,0,0,1,0,0,0,1,0,Competitive Programming (DSA)
0,0,1,0,0,1,1,0,0,Frontend Web Development
0,0,0,0,0,1,0,0,0,Python Programming
0,0,0,0,0,0,1,0,0,Database Administration
0,0,0,0,0,1,1,0,1,Data Science
0,0,1,0,0,1,0,0,1,Frontend Web Development
1,0,1,0,0,1,0,0,0,Frontend Web Development
0,0,0,0,0,0,1,0,1,Database Administration
0,0,0,0,0,1,0,0,1,Python Programming
1,1,0,0,0,0,0,0,0,Frontend Web Development
1,1,1,0,0,1,1,0,0,Frontend Web Development
0,1,1,0,0,0,1,0,0,Frontend Web Development
1,0,1,0,0,1,1,0,0,Frontend Web Development
0,0,0,0,1,1,1,0,0,Backend Development (PHP)
0,0,0,0,0,0,1,0,1,Database Administration
0,0,0,1,0,0,0,0,1,Backend Development (Java)
0,0,0,1,0,1,0,0,1,Backend Development (Java)
0,1,0,0,0,1,0,1,1,Competitive Programming (DSA)
1,0,0,1,1,0,1,0,1,Full Stack Web Development
0,0,0,0,0,0,0,0,1,Python Programming
0,0,0,0,0,1,1,0,1,Data Science
1,0,0,0,0,0,1,1,1,Competitive Programming (DSA)
0,1,0,0,1,1,1,0,0,Full Stack Web Development
0,0,0,0,0,0,0,0,1,Python Programming
1,0,0,0,0,1,0,0,0,Frontend Web Development
0,0,0,0,0,0,1,0,0,Database Administration
0,0,0,0,0,1,1,0,0,Data Science
0,0,0,1,0,0,0,0,1,Backend Development (Java)
0,0,0,0,0,0,1,0,0,Database Administration
0,0,0,1,1,0,0,0,0,Backend Development (PHP)
0,0,0,0,1,0,1,0,0,Backend Development (PHP)
0,0,0,0,0,1,0,0,1,Python Programming
0,0,0,0,0,1,0,0,0,Python Programming
0,0,1,0,0,0,0,0,0,Frontend Web Development
0,0,0,0,0,0,0,0,1,Python Programming
1,1,0,1,1,0,0,0,1,Full Stack Web Development
0,0,0,1,0,1,0,0,0,Backend Development (Java)
0,0,0,0,0,0,0,0,0,Python Programming
0,0,0,1,0,1,0,0,0,Backend Development (Java)
0,0,0,1,0,0,0,0,1,Backend Development (Java)
0,0,0,0,0,0,1,0,0,Database Administration
1,1,0,1,1,0,1,0,0,Full Stack Web Development
1,1,0,0,0,1,1,0,0,Frontend Web Development
1,0,1,1,1,1,0,0,0,Full Stack Web Development
0,0,0,0,0,1,1,0,1,Data Science
0,0,0,0,0,0,1,0,1,Database Administration
0,0,0,0,0,0,1,0,0,Database Administration
0,0,0,0,0,1,0,0,0,Python Programming
0,0,0,0,0,1,0,0,0,Python Programming
0,0,0,0,0,1,1,0,1,Data Science
0,0,0,1,0,1,1,0,1,Backend Development (Java)
0,1,1,0,1,0,0,0,1,Full Stack Web Development
0,1,1,0,1,0,1,0,0,Full Stack Web Development
0,0,0,0,0,1,1,0,0,Data Science
0,0,0,0,0,1,0,0,1,Python Programming
0,0,0,1,0,0,0,0,0,Backend Development (Java)
0,0,0,0,0,1,1,0,0,Data Science
1,1,1,0,0,1,0,0,0,Frontend Web Development
0,1,1,0,0,1,1,0,1,Full Stack Web Development
0,0,0,0,0,0,1,0,1,Database Administration
0,0,0,0,0,1,1,0,1,Data Science
1,1,0,1,1,1,1,1,0,Competitive Programming (DSA)
0,0,0,1,1,1,1,1,1,Competitive Programming (DSA)
0,1,0,0,1,1,1,1,0,Competitive Programming (DSA)
0,0,0,0,0,1,1,0,1,Data Science
0,0,0,1,0,1,1,0,1,Backend Development (Java)
0,0,1,0,1,0,0,0,0,Full Stack Web Development
0,0,0,0,0,1,1,0,0,Data Science
0,1,0,0,0,1,0,0,1,Frontend Web Development
0,0,0,0,0,1,1,0,1,Data Science
0,0,0,0,1,1,1,0,1,Backend Development (PHP)
1,0,1,1,1,1,0,1,1,Competitive Programming (DSA)
1,0,0,0,0,1,0,0,1,Frontend Web Development
0,0,0,1,0,1,1,0,0,Backend Development (Java)
0,0,0,1,0,0,1,0,0,Backend Development (Java)
0,0,0,0,0,1,1,0,0,Data Science
0,0,0,0,0,0,1,0,0,Database Administration
0,0,1,0,0,1,0,0,0,Frontend Web Development
0,0,0,0,0,0,1,0,1,Database Administration
0,0,0,1,0,1,1,0,0,Backend Development (Java)
1,1,0,0,1,0,1,1,1,Competitive Programming (DSA)
1,0,0,0,0,1,0,0,0,Frontend Web Development
0,0,0,1,1,1,0,0,0,Backend Development (PHP)
0,0,0,1,0,1,0,0,1,Backend Development (Java)
0,1,0,0,0,0,0,0,0,Frontend Web Development
0,0,0,0,0,1,1,0,1,Data Science
0,0,0,0,0,0,1,0,1,Database Administration
1,1,0,0,0,1,0,0,1,Frontend Web Development
0,0,0,1,0,0,0,0,1,Backend Development (Java)
0,0,0,0,0,0,1,0,1,Database Administration
0,0,0,0,0,1,1,0,0,Data Science
0,0,0,0,0,1,0,0,0,Python Programming
0,0,0,0,0,1,0,0,1,Python Programming
0,0,0,0,0,1,1,0,0,Data Science
0,0,0,0,0,1,1,0,1,Data Science
0,1,1,1,0,1,1,1,1,Competitive Programming (DSA)
0,0,0,0,0,1,0,0,1,Python Programming
0,0,0,1,1,0,1,0,1,Backend Development (PHP)
0,0,0,0,0,1,1,0,1,Data Science
1,1,1,1,1,0,1,0,0,Full Stack Web Development
0,0,0,1,0,1,1,0,1,Backend Development (Java)
0,0,0,0,1,1,0,0,0,Backend Development (PHP)
0,0,0,1,0,0,0,0,1,Backend Development (Java)
0,0,0,1,1,1,1,0,0,Backend Development (PHP)
0,1,0,0,0,1,1,0,0,Frontend Web Development
0,0,0,0,0,1,1,0,1,Data Science
0,0,0,0,0,0,1,0,1,Database Administration
0,0,0,1,0,0,0,0,0,Backend Development (Java)
1,0,0,0,0,1,0,0,1,Frontend Web Development
0,0,0,0,0,1,1,0,0,Data Science
0,0,0,1,1,0,0,0,1,Backend Development (PHP)
0,0,0,0,1,0,0,0,0,Backend Development (PHP)
1,1,0,0,1,1,0,1,0,Competitive Programming (DSA)
0,0,0,0,0,0,1,1,1,Competitive Programming (DSA)
1,0,0,1,1,0,0,0,0,Full Stack Web Development
1,0,0,0,0,1,1,0,0,Frontend Web Development
0,0,0,0,0,1,1,0,0,Data Science
0,0,0,0,0,1,1,0,0,Data Science
0,0,0,0,0,1,0,0,1,Python Programming
0,0,1,0,1,0,1,1,1,Competitive Programming (DSA)
0,1,0,0,1,1,1,1,1,Competitive Programming (DSA)
0,0,0,1,0,1,1,0,0,Backend Development (Java)
0,1,1,0,0,0,0,0,1,Frontend Web Development
0,0,0,0,0,0,1,0,1,Database Administration
0,0,0,0,0,1,1,0,0,Data Science
1,0,1,0,0,1,0,0,1,Frontend Web Development
0,0,0,0,0,0,0,0,1,Python Programming
0,0,0,0,0,1,0,0,0,Python Programming
1,0,1,0,1,0,0,1,0,Competitive Programming (DSA)
0,1,0,0,0,0,1,1,1,Competitive Programming (DSA)
0,0,0,0,0,0,0,0,1,Python Programming
0,1,1,0,0,0,0,0,1,Frontend Web Development
0,0,0,0,0,1,1,0,1,Data Science
0,0,0,1,0,0,0,0,0,Backend Development (Java)
0,0,0,1,0,0,1,0,0,Backend Development (Java)
0,0,0,0,0,1,0,0,1,Python Programming
0,1,0,0,1,1,0,0,0,Full Stack Web Development
0,0,0,0,0,0,0,0,0,Python Programming
0,0,0,1,1,0,0,1,0,Competitive Programming (DSA)
0,0,0,0,0,0,0,0,0,Python Programming
0,1,1,0,0,0,1,0,0,Frontend Web Development
1,0,1,0,0,1,0,0,1,Frontend Web Development
0,0,0,1,1,0,0,0,0,Backend Development (PHP)
0,1,0,0,0,0,0,1,0,Competitive Programming (DSA)
0,0,0,1,0,0,1,0,0,Backend Development (Java)
0,0,0,1,0,1,0,0,0,Backend Development (Java)
0,0,0,1,0,0,1,0,1,Backend Development (Java)
0,0,0,0,0,0,1,0,1,Database Administration
0,0,0,0,0,1,1,0,1,Data Science
0,0,0,0,0,0,1,0,1,Database Administration
0,0,0,1,0,0,0,0,0,Backend Development (Java)
0,0,0,0,0,0,1,0,1,Database Administration
0,0,0,1,0,1,1,0,1,Backend Development (Java)
1,0,0,1,0,0,0,0,1,Full Stack Web Development
0,0,0,1,1,1,1,0,0,Backend Development (PHP)
0,0,0,1,0,1,0,0,1,Backend Development (Java)
0,0,0,0,0,0,1,0,1,Database Administration
0,0,0,0,0,0,0,0,1,Python Programming
1,1,0,1,0,1,0,1,0,Competitive Programming (DSA)
0,1,0,1,1,1,0,0,1,Full Stack Web Development
0,0,0,0,0,1,0,0,0,Python Programming
1,1,0,0,0,1,0,0,1,Frontend Web Development
0,1,0,0,0,1,0,0,0,Frontend Web Development
0,0,0,0,0,0,0,0,1,Python Programming
1,0,1,0,0,1,0,0,1,Frontend Web Development
0,0,0,1,1,1,0,0,0,Backend Development (PHP)
0,0,0,0,1,1,1,0,0,Backend Development (PHP)
1,1,1,1,0,1,1,0,0,Full Stack Web Development
1,0,0,1,1,0,1,1,1,Competitive Programming (DSA)
0,0,0,1,1,1,0,0,1,Backend Development (PHP)
0,0,0,1,1,1,1,0,1,Backend Development (PHP)
0,1,1,0,0,0,1,0,0,Frontend Web Development
1,0,1,1,0,1,1,1,0,Competitive Programming (DSA)
0,0,0,1,0,1,1,0,0,Backend Development (Java)
0,0,0,1,0,1,0,0,0,Backend Development (Java)
1,0,0,0,0,1,0,0,1,Frontend Web Development
0,0,0,0,0,1,0,0,0,Python Programming
0,0,0,0,0,0,0,0,1,Python Programming
0,0,0,1,0,1,0,0,0,Backend Development (Java)
0,0,0,1,1,1,0,0,1,Backend Development (PHP)
1,0,1,0,1,1,0,1,1,Competitive Programming (DSA)
0,0,0,0,0,1,1,0,0,Data Science
0,0,0,0,1,1,0,0,0,Backend Development (PHP)
0,0,0,0,0,0,1,0,0,Database Administration
0,0,0,0,0,0,0,0,1,Python Programming
0,0,0,0,0,1,1,0,1,Data Science
0,0,0,0,0,0,1,0,0,Database Administration
0,0,0,0,1,1,0,0,1,Backend Development (PHP)
1,0,1,1,0,1,0,0,1,Full Stack Web Development
0,0,0,1,0,1,1,0,1,Backend Development (Java)
0,0,0,0,0,0,1,0,0,Database Administration
0,0,0,1,1,0,0,0,0,Backend Development (PHP)
0,0,0,0,0,0,1,0,1,Database Administration
0,0,0,0,0,1,0,0,0,Python Programming
0,0,0,1,0,0,1,0,0,Backend Development (Java)
0,0,0,0,0,0,0,0,1,Python Programming
0,0,0,1,1,0,1,0,0,Backend Development (PHP)
0,1,0,0,0,0,1,1,1,Competitive Programming (DSA)
1,0,1,0,0,1,1,0,1,Full Stack Web Development
0,0,0,0,0,1,1,0,0,Data Science
0,0,1,1,1,0,0,1,0,Competitive Programming (DSA)
0,0,0,0,0,1,0,0,0,Python Programming
0,0,0,1,0,1,0,0,0,Backend Development (Java)
1,1,1,1,0,0,0,0,1,Full Stack Web Development
0,0,0,0,0,0,1,0,0,Database Administration
0,0,0,0,0,1,1,0,1,Data Science
0,0,0,0,1,1,1,0,1,Backend Development (PHP)
0,0,1,1,0,1,1,0,1,Full Stack Web Development
1,1,1,0,0,0,0,0,1,Frontend Web Development
1,0,0,1,1,0,1,1,1,Competitive Programming (DSA)
0,1,1,1,0,0,0,1,1,Competitive Programming (DSA)
0,0,0,0,0,1,1,0,1,Data Science
0,0,0,0,0,1,1,0,0,Data Science
0,1,1,0,0,0,0,0,0,Frontend Web Development
0,1,1,1,1,1,1,0,0,Full Stack Web Development
0,0,0,0,1,0,0,1,0,Competitive Programming (DSA)
0,0,0,1,0,1,1,0,0,Backend Development (Java)
0,0,0,1,0,1,0,0,0,Backend Development (Java)
0,0,0,0,1,0,0,0,1,Backend Development (PHP)
0,0,1,0,0,1,1,0,0,Frontend Web Development
1,0,1,0,1,1,0,0,1,Full Stack Web Development
1,0,0,0,0,0,1,0,1,Full Stack Web Development
0,0,0,0,1,1,1,0,0,Backend Development (PHP)
0,0,0,0,0,0,1,0,0,Database Administration
1,0,1,1,1,1,0,1,0,Competitive Programming (DSA)
0,1,0,0,1,0,1,1,0,Competitive Programming (DSA)
1,0,1,0,0,0,0,0,1,Frontend Web Development
0,0,0,0,0,0,0,0,1,Python Programming
0,0,0,1,1,1,1,0,0,Backend Development (PHP)
0,0,0,0,0,0,1,0,1,Database Administration
0,0,0,0,0,1,1,0,1,Data Science
0,0,0,0,0,1,1,0,0,Data Science
0,0,1,1,1,1,0,0,0,Full Stack Web Development
0,0,0,0,0,0,1,0,1,Database Administration
0,0,0,0,0,1,1,0,1,Data Science
0,1,0,0,0,0,1,0,0,Frontend Web Development
0,1,1,1,0,0,1,1,0,Competitive Programming (DSA)
0,0,0,0,0,1,0,0,0,Python Programming
0,0,0,0,0,1,1,0,1,Data Science
0,0,0,1,0,1,1,0,0,Backend Development (Java)
1,1,1,0,0,0,0,0,0,Frontend Web Development
0,0,0,0,0,1,0,0,1,Python Programming
1,1,0,0,0,1,0,0,0,Frontend Web Development
0,0,0,0,0,0,1,0,1,Database Administration
0,1,1,1,0,0,1,0,1,Full Stack Web Development
0,0,0,0,1,1,0,1,0,Competitive Programming (DSA)
0,0,0,0,0,1,0,0,0,Python Programming
0,0,0,1,0,0,0,0,1,Backend Development (Java)
0,0,0,0,1,0,0,0,0,Backend Development (PHP)
1,1,0,1,1,1,0,1,1,Competitive Programming (DSA)
1,1,1,0,0,0,0,0,0,Frontend Web Development
0,0,0,0,0,1,0,0,1,Python Programming
0,0,0,0,0,1,1,0,1,Data Science
0,0,0,0,0,1,1,0,1,Data Science
0,0,0,0,0,1,0,0,0,Python Programming
1,1,0,1,1,0,1,0,0,Full Stack Web Development
0,0,0,1,1,1,1,0,1,Backend Development (PHP)
0,0,0,0,0,0,0,0,1,Python Programming
0,0,0,0,0,1,0,0,0,Python Programming
0,0,0,0,0,1,1,0,1,Data Science
0,0,1,0,0,1,0,0,0,Frontend Web Development
0,0,0,0,0,1,1,0,1,Data Science
0,0,0,0,0,1,1,0,0,Data Science
1,0,0,0,1,0,0,1,0,Competitive Programming (DSA)
0,1,0,0,0,1,0,0,0,Frontend Web Development
0,0,0,1,0,0,0,0,1,Backend Development (Java)
0,0,0,0,0,1,1,0,1,Data Science
0,0,0,0,0,0,1,0,0,Database Administration
0,0,0,0,0,1,0,0,1,Python Programming
0,0,0,0,0,1,1,0,0,Data Science
0,0,0,0,0,0,0,0,1,Python Programming
0,0,0,0,0,0,1,0,1,Database Administration
0,1,1,0,0,0,1,0,0,Frontend Web Development
0,0,0,0,0,1,0,1,0,Competitive Programming (DSA)
0,0,0,1,1,1,1,0,0,Backend Development (PHP)
0,0,1,0,1,0,1,0,1,Full Stack Web Development
0,0,0,0,0,0,0,0,1,Python Programming
0,0,1,0,0,1,0,1,0,Competitive Programming (DSA)
0,0,0,0,0,1,1,0,0,Data Science
0,0,0,0,0,0,1,0,0,Database Administration
1,1,1,0,0,0,0,0,0,Frontend Web Development
0,1,1,0,0,1,0,0,1,Frontend Web Development
0,0,0,1,0,1,0,0,1,Backend Development (Java)
0,0,0,1,1,0,1,0,1,Backend Development (PHP)
0,0,0,1,1,0,1,0,0,Backend Development (PHP)
0,0,1,0,0,1,1,0,0,Frontend Web Development
0,1,0,1,0,1,1,0,1,Full Stack Web Development
0,1,0,1,1,0,0,1,1,Competitive Programming (DSA)
0,0,0,0,0,1,0,0,0,Python Programming
0,0,0,0,0,1,1,0,0,Data Science
0,0,0,0,0,0,0,0,1,Python Programming
0,1,1,0,1,1,0,0,0,Full Stack Web Development
0,0,0,0,0,0,1,0,0,Database Administration
0,0,0,0,0,1,0,0,1,Python Programming
0,0,0,0,0,1,0,0,1,Python Programming
1,1,1,0,1,1,1,0,0,Full Stack Web Development
1,0,0,0,0,1,0,0,0,Frontend Web Development
0,0,0,0,1,0,0,0,1,Backend Development (PHP)
0,0,1,1,1,1,1,0,1,Full Stack Web Development
0,1,0,0,0,1,0,0,1,Frontend Web Development
0,0,0,1,0,0,0,1,0,Competitive Programming (DSA)
0,0,0,0,0,0,1,0,0,Database Administration
0,0,0,0,0,0,1,0,0,Database Administration
0,0,0,1,1,0,0,0,1,Backend Development (PHP)
0,0,0,0,0,1,0,0,1,Python Programming
0,0,0,0,0,1,1,0,1,Data Science
0,0,0,1,1,0,0,0,0,Backend Development (PHP)
0,0,0,0,0,0,0,0,1,Python Programming
0,0,0,0,0,1,0,0,0,Python Programming
0,0,0,0,0,0,1,0,0,Database Administration
0,0,0,0,0,0,1,0,1,Database Administration
0,0,0,0,0,0,1,0,1,Database Administration
0,0,0,1,0,0,0,0,1,Backend Development (Java)
1,1,1,0,1,1,1,1,1,Competitive Programming (DSA)
0,1,1,1,0,1,1,1,0,Competitive Programming (DSA)
0,1,1,0,0,1,1,0,0,Frontend Web Development
0,0,0,1,0,0,1,0,1,Backend Development (Java)
0,0,0,0,0,1,0,0,0,Python Programming
1,0,1,0,0,0,0,0,1,Frontend Web Development
0,0,0,1,0,1,0,0,0,Backend Development (Java)
0,0,0,0,0,1,1,0,1,Data Science
0,0,0,0,0,1,1,0,0,Data Science
0,0,0,0,0,1,1,0,1,Data Science
0,0,0,0,0,0,0,0,0,Python Programming
1,1,1,1,1,0,1,1,1,Competitive Programming (DSA)
0,1,1,0,0,1,0,1,0,Competitive Programming (DSA)
0,0,0,0,0,0,0,0,1,Python Programming
1,1,0,0,1,0,1,1,1,Competitive Programming (DSA)
0,0,0,0,0,0,1,1,1,Competitive Programming (DSA)
0,0,0,0,1,1,0,0,0,Backend Development (PHP)
1,1,1,0,0,0,0,0,0,Frontend Web Development
0,0,0,0,0,1,1,0,0,Data Science
0,0,0,1,0,0,0,0,1,Backend Development (Java)
0,0,0,0,0,1,1,0,1,Data Science
0,0,0,1,0,0,0,0,1,Backend Development (Java)
0,0,0,0,0,0,0,0,0,Python Programming
0,0,1,0,0,0,0,0,0,Frontend Web Development
1,1,0,0,0,1,0,0,0,Frontend Web Development
1,1,1,0,0,0,0,1,0,Competitive Programming (DSA)
0,0,0,0,0,0,1,0,1,Database Administration
0,0,0,0,1,0,0,0,1,Backend Development (PHP)
0,0,0,0,0,0,1,0,1,Database Administration
1,1,0,1,1,1,1,0,1,Full Stack Web Development
0,0,0,1,0,0,1,0,1,Backend Development (Java)
0,0,0,1,1,1,1,0,1,Backend Development (PHP)
0,0,0,1,0,0,0,0,0,Backend Development (Java)
0,0,0,0,0,0,1,0,0,Database Administration
0,0,0,1,1,0,1,0,0,Backend Development (PHP)
0,0,0,1,0,0,0,0,0,Backend Development (Java)
0,1,0,1,1,1,0,0,0,Full Stack Web Development
0,0,0,0,0,0,1,0,0,Database Administration
0,1,1,1,0,0,1,1,0,Competitive Programming (DSA)
1,0,0,0,1,1,0,0,1,Full Stack Web Development
0,0,0,0,0,0,1,0,0,Database Administration
1,1,1,1,0,1,1,1,1,Competitive Programming (DSA)
0,0,0,0,0,0,1,0,0,Database Administration
0,0,0,0,0,0,0,0,1,Python Programming
1,1,0,1,0,1,0,0,0,Full Stack Web Development
0,0,0,1,0,1,0,0,0,Backend Development (Java)
1,1,0,1,1,1,0,0,1,Full Stack Web Development
0,0,0,0,0,0,0,0,0,Python Programming
0,0,0,0,0,1,1,0,1,Data Science
1,1,0,0,0,1,0,0,1,Frontend Web Development
0,1,1,1,1,1,0,1,0,Competitive Programming (DSA)
0,0,0,1,0,0,0,0,1,Backend Development (Java)
0,0,0,0,0,1,1,0,1,Data Science
0,0,0,1,1,0,0,0,0,Backend Development (PHP)
0,0,0,1,1,1,0,1,1,Competitive Programming (DSA)
0,0,0,1,1,0,0,0,1,Backend Development (PHP)
0,0,0,0,0,0,0,0,1,Python Programming
1,1,1,0,1,1,1,0,1,Full Stack Web Development
0,0,0,0,0,0,0,0,1,Python Programming
0,0,0,0,1,0,0,0,0,Backend Development (PHP)
0,0,0,0,0,0,1,1,0,Competitive Programming (DSA)
0,0,0,1,0,0,1,0,0,Backend Development (Java)
0,0,0,0,0,1,1,0,0,Data Science
1,0,0,0,0,1,1,0,0,Frontend Web Development
0,0,0,0,0,1,0,0,0,Python Programming
0,0,0,0,1,1,1,0,1,Backend Development (PHP)
0,0,0,1,0,1,1,0,0,Backend Development (Java)
0,0,0,0,0,1,1,0,1,Data Science
1,1,1,0,0,0,0,0,0,Frontend Web Development
1,0,0,0,0,1,1,0,0,Frontend Web Development
0,0,0,0,0,0,1,0,0,Database Administration
0,0,0,1,0,1,1,0,0,Backend Development (Java)
1,0,1,0,0,0,1,0,0,Frontend Web Development
0,1,1,0,0,0,0,0,0,Frontend Web Development
0,0,0,0,0,1,0,0,1,Python Programming
0,1,0,1,0,0,1,0,1,Full Stack Web Development
0,0,0,0,0,0,0,0,1,Python Programming
0,0,0,1,1,0,1,0,0,Backend Development (PHP)
0,0,1,0,1,1,0,0,1,Full Stack Web Development
0,0,0,0,0,0,1,0,0,Database Administration
0,0,0,0,0,0,1,0,0,Database Administration
0,0,0,1,0,1,1,0,0,Backend Development (Java)
0,1,0,0,1,1,0,0,0,Full Stack Web Development
1,1,1,1,0,0,0,1,1,Competitive Programming (DSA)
0,0,0,1,0,0,1,0,1,Backend Development (Java)
0,0,1,0,1,0,1,0,0,Full Stack Web Development
0,0,0,0,0,0,0,0,0,Python Programming
0,0,1,0,0,0,0,0,1,Frontend Web Development
0,1,1,0,0,1,1,0,0,Frontend Web Development
0,0,0,1,1,1,1,0,0,Backend Development (PHP)
1,1,1,0,0,0,1,0,0,Frontend Web Development
0,0,0,1,1,0,0,0,0,Backend Development (PHP)
1,0,1,0,1,1,0,1,0,Competitive Programming (DSA)
1,1,0,0,0,1,1,0,1,Full Stack Web Development
1,1,0,0,0,1,1,0,0,Frontend Web Development
0,0,0,1,1,1,0,0,0,Backend Development (PHP)
0,0,0,1,0,1,0,0,1,Backend Development (Java)
0,0,0,0,1,0,1,0,1,Backend Development (PHP)
0,1,0,0,0,1,1,1,0,Competitive Programming (DSA)
0,0,0,0,0,1,1,0,1,Data Science
0,0,0,0,0,1,1,0,1,Data Science
0,1,1,0,0,0,1,1,0,Competitive Programming (DSA)
0,0,0,1,1,1,0,0,0,Backend Development (PHP)
0,0,0,0,0,1,1,0,0,Data Science
1,1,1,1,1,0,1,0,0,Full Stack Web Development
1,0,1,0,0,1,0,0,0,Frontend Web Development
0,0,0,1,0,0,1,0,0,Backend Development (Java)
0,1,0,0,0,0,1,0,0,Frontend Web Development
1,1,1,0,1,0,1,0,1,Full Stack Web Development
0,0,1,0,1,1,1,1,1,Competitive Programming (DSA)
1,1,0,0,0,1,0,0,0,Frontend Web Development
0,1,0,0,0,1,1,0,0,Frontend Web Development
0,0,0,1,0,1,1,0,0,Backend Development (Java)
0,0,0,0,0,1,1,0,1,Data Science
0,0,0,0,0,0,1,0,0,Database Administration
0,0,0,0,0,1,0,0,1,Python Programming
0,0,0,0,0,1,1,0,0,Data Science
0,0,0,1,0,0,1,0,1,Backend Development (Java)
0,0,0,0,1,0,1,0,0,Backend Development (PHP)
0,0,0,0,0,0,1,0,1,Database Administration
0,0,0,0,0,0,0,0,1,Python Programming
0,0,0,0,1,0,1,0,1,Backend Development (PHP)
0,0,0,0,0,0,1,0,0,Database Administration
0,0,0,0,0,1,0,0,1,Python Programming
0,1,1,0,0,1,0,0,1,Frontend Web Development
0,0,0,1,1,1,1,0,1,Backend Development (PHP)
0,0,0,0,0,1,1,0,0,Data Science
0,0,0,0,0,1,1,0,0,Data Science
0,1,0,1,1,0,1,1,0,Competitive Programming (DSA)
0,0,0,1,1,0,1,1,1,Competitive Programming (DSA)
0,0,0,0,0,1,1,0,1,Data Science
0,1,0,0,0,0,1,0,0,Frontend Web Development
0,0,0,0,1,0,1,0,1,Backend Development (PHP)
0,0,0,0,0,0,0,0,0,Python Programming
0,0,0,0,0,0,1,0,0,Database Administration
1,1,1,0,0,1,0,0,0,Frontend Web Development
0,0,0,0,0,0,1,0,1,Database Administration
0,0,0,0,0,1,1,0,1,Data Science
0,0,0,1,0,0,0,0,1,Backend Development (Java)
1,0,0,0,0,0,0,0,1,Frontend Web Development
0,0,0,0,1,0,1,0,1,Backend Development (PHP)
0,0,0,0,0,1,1,0,0,Data Science
0,0,0,0,0,0,1,0,0,Database Administration
0,0,0,1,0,0,0,0,1,Backend Development (Java)
0,0,0,0,0,1,1,0,1,Data Science
0,0,0,0,0,0,0,0,0,Python Programming
0,0,0,0,0,0,1,0,0,Database Administration
0,0,1,0,1,1,0,0,1,Full Stack Web Development
0,0,0,1,0,1,1,0,0,Backend Development (Java)
0,0,0,1,1,0,0,0,0,Backend Development (PHP)
0,0,0,0,0,0,0,0,1,Python Programming
0,0,1,1,1,0,0,0,0,Full Stack Web Development
0,1,0,1,0,0,1,0,1,Full Stack Web Development
0,1,0,0,1,1,0,0,1,Full Stack Web Development
0,0,0,0,0,1,0,0,1,Python Programming
0,0,0,0,0,1,1,0,0,Data Science
1,0,1,0,1,1,1,0,1,Full Stack Web Development
0,0,0,0,0,0,1,0,1,Database Administration
0,0,0,0,0,1,1,0,1,Data Science
1,0,1,0,1,0,1,1,0,Competitive Programming (DSA)
0,0,0,0,0,1,0,0,0,Python Programming
0,0,0,0,0,0,0,0,0,Python Programming
0,0,0,1,0,0,1,0,1,Backend Development (Java)
0,0,0,1,1,0,0,0,0,Backend Development (PHP)
1,0,1,1,0,1,1,0,0,Full Stack Web Development
0,0,0,1,1,0,1,0,0,Backend Development (PHP)
1,1,0,0,1,1,0,0,0,Full Stack Web Development
1,1,1,1,0,1,0,0,0,Full Stack Web Development
0,0,0,0,0,0,1,0,1,Database Administration
0,0,0,1,0,1,1,0,0,Backend Development (Java)
0,0,0,0,0,1,1,0,0,Data Science
1,1,0,0,0,0,0,0,1,Frontend Web Development
0,0,0,0,0,1,1,0,1,Data Science
0,0,0,0,0,0,0,0,1,Python Programming
0,0,0,0,0,0,0,0,1,Python Programming
0,0,0,0,0,1,0,0,1,Python Programming
0,0,1,0,0,1,0,0,1,Frontend Web Development
0,0,0,0,0,1,1,0,1,Data Science
0,0,0,0,0,0,0,0,0,Python Programming
0,1,0,0,0,0,0,0,1,Frontend Web Development
1,0,0,0,0,1,0,0,0,Frontend Web Development
0,0,0,0,0,1,1,0,1,Data Science
0,0,0,0,0,0,0,0,0,Python Programming
0,0,0,1,1,1,0,0,0,Backend Development (PHP)
0,0,0,0,0,0,0,0,1,Python Programming
0,0,0,0,0,0,0,0,0,Python Programming
0,0,1,0,1,1,1,0,1,Full Stack Web Development
0,0,0,0,0,1,0,0,0,Python Programming
1,1,0,0,1,1,0,0,0,Full Stack Web Development
0,0,0,1,0,1,1,0,0,Backend Development (Java)
1,1,0,0,1,0,0,1,0,Competitive Programming (DSA)
0,0,0,0,0,1,1,0,1,Data Science
0,0,0,0,0,1,1,0,0,Data Science
0,0,0,1,1,0,0,0,0,Backend Development (PHP)
1,0,1,1,1,0,0,1,1,Competitive Programming (DSA)
1,0,0,0,1,1,0,1,1,Competitive Programming (DSA)
0,0,0,0,0,1,1,0,0,Data Science
0,0,0,0,1,1,1,0,0,Backend Development (PHP)
0,0,0,1,0,0,0,0,1,Backend Development (Java)
0,0,0,0,0,0,1,1,0,Competitive Programming (DSA)
0,1,1,0,0,1,1,0,0,Frontend Web Development
0,1,0,1,1,0,1,0,1,Full Stack Web Development
0,0,0,1,0,0,1,0,1,Backend Development (Java)
0,0,0,0,0,0,1,0,0,Database Administration
0,0,0,1,1,0,1,0,1,Backend Development (PHP)
0,0,0,0,0,1,1,0,1,Data Science
0,0,0,1,0,1,0,0,0,Backend Development (Java)
0,0,0,0,0,1,1,0,0,Data Science
0,0,0,0,0,1,0,0,0,Python Programming
0,0,0,0,0,0,1,0,0,Database Administration
0,0,0,0,0,1,1,0,0,Data Science
1,0,1,1,1,1,1,0,0,Full Stack Web Development
1,1,0,1,1,0,0,0,0,Full Stack Web Development
0,0,0,0,0,1,1,0,0,Data Science
1,1,0,1,0,1,1,0,1,Full Stack Web Development
0,0,0,0,1,1,0,0,0,Backend Development (PHP)
0,0,0,0,0,0,0,0,1,Python Programming
0,0,1,0,1,1,0,1,0,Competitive Programming (DSA)
0,0,0,1,0,1,1,0,1,Backend Development (Java)
0,0,0,0,0,0,1,0,1,Database Administration
0,0,0,0,0,0,1,0,0,Database Administration
1,0,1,0,0,0,1,1,1,Competitive Programming (DSA)
0,0,0,0,1,0,0,0,1,Backend Development (PHP)
0,0,1,0,1,0,1,0,0,Full Stack Web Development
1,0,1,1,0,1,0,1,1,Competitive Programming (DSA)
0,0,0,0,0,1,1,0,0,Data Science
0,0,0,0,0,0,1,0,0,Database Administration
0,1,0,0,0,0,1,1,1,Competitive Programming (DSA)
0,0,0,0,1,0,0,0,1,Backend Development (PHP)
0,0,0,0,0,0,1,0,0,Database Administration
0,1,0,1,1,1,0,0,1,Full Stack Web Development
0,0,0,1,0,1,1,0,1,Backend Development (Java)
0,0,0,0,0,1,0,0,1,Python Programming
0,0,0,0,0,0,0,0,0,Python Programming
0,0,0,1,0,0,0,0,1,Backend Development (Java)
0,0,0,0,0,0,0,0,1,Python Programming
0,0,0,0,0,0,1,0,0,Database Administration
0,0,0,1,0,0,0,0,0,Backend Development (Java)
0,0,0,0,1,1,1,0,1,Backend Development (PHP)
0,0,0,0,0,0,1,0,1,Database Administration
0,0,0,0,0,0,1,0,0,Database Administration
0,0,0,1,0,0,0,0,1,Backend Development (Java)
0,1,0,1,0,0,0,0,1,Full Stack Web Development
0,0,1,0,1,1,1,0,0,Full Stack Web Development
1,0,1,0,0,0,0,0,0,Frontend Web Development
0,0,0,0,0,0,1,0,0,Database Administration
0,1,0,0,0,1,1,1,1,Competitive Programming (DSA)
1,0,1,0,1,0,0,0,1,Full Stack Web Development
0,0,0,0,0,0,1,0,0,Database Administration
1,1,1,0,0,0,1,0,0,Frontend Web Development
0,0,0,1,0,0,1,0,1,Backend Development (Java)
0,0,0,0,0,0,1,0,1,Database Administration
0,0,0,0,0,0,1,0,1,Database Administration
0,0,0,1,1,1,1,0,1,Backend Development (PHP)
0,0,0,0,0,1,0,0,1,Python Programming
1,0,1,1,1,0,1,1,1,Competitive Programming (DSA)
0,0,0,0,0,0,0,0,1,Python Programming
0,0,0,0,1,0,0,0,1,Backend Development (PHP)
0,0,0,0,0,1,1,0,0,Data Science
0,0,0,0,0,0,1,0,1,Database Administration
0,0,0,0,0,1,1,0,1,Data Science
0,0,0,1,0,0,0,0,0,Backend Development (Java)
0,0,0,1,0,0,0,0,0,Backend Development (Java)
0,0,0,0,0,1,0,0,1,Python Programming
0,0,1,1,0,1,1,1,0,Competitive Programming (DSA)
0,0,1,0,1,0,1,0,0,Full Stack Web Development
1,1,1,0,0,1,1,0,1,Full Stack Web Development
0,0,0,0,0,0,0,0,1,Python Programming
0,0,1,1,0,1,1,1,1,Competitive Programming (DSA)
0,0,0,1,1,1,0,0,1,Backend Development (PHP)
0,0,0,0,0,0,1,0,1,Database Administration
0,0,0,0,0,1,1,0,1,Data Science
0,1,0,1,1,0,0,0,0,Full Stack Web Development
0,1,1,0,1,1,0,0,0,Full Stack Web Development
0,0,0,0,0,1,0,0,1,Python Programming
0,0,0,0,0,0,0,0,1,Python Programming
0,0,0,0,0,0,1,0,0,Database Administration
0,0,0,0,0,1,1,0,0,Data Science
0,0,0,0,0,0,1,0,1,Database Administration
0,1,1,1,0,1,1,0,0,Full Stack Web Development
1,1,1,0,0,0,0,1,0,Competitive Programming (DSA)
0,0,0,0,0,1,1,0,1,Data Science
0,0,0,0,0,1,1,0,0,Data Science
0,0,0,0,1,1,0,0,0,Backend Development (PHP)
1,1,0,1,1,1,1,1,0,Competitive Programming (DSA)
0,1,1,0,1,1,1,0,0,Full Stack Web Development
0,0,0,0,0,1,0,0,0,Python Programming
0,0,0,0,0,0,1,0,1,Database Administration
0,0,0,0,0,1,0,0,0,Python Programming
0,0,0,0,0,0,1,0,1,Database Administration
0,0,0,0,0,1,1,0,0,Data Science
0,0,0,0,0,1,0,0,1,Python Programming
0,0,0,1,1,1,1,0,1,Backend Development (PHP)
0,1,0,0,1,1,1,0,0,Full Stack Web Development
1,1,1,1,1,1,0,1,1,Competitive Programming (DSA)
0,0,0,1,0,0,1,0,1,Backend Development (Java)
0,0,0,0,0,0,0,0,1,Python Programming
0,0,0,0,0,0,1,0,0,Database Administration
0,0,0,0,0,1,1,0,0,Data Science
0,0,0,0,0,0,0,0,0,Python Programming
0,0,0,1,1,1,1,0,0,Backend Development (PHP)
0,1,0,0,1,1,0,1,1,Competitive Programming (DSA)
1,1,1,1,1,1,0,1,1,Competitive Programming (DSA)
0,0,0,0,0,1,1,0,1,Data Science
0,0,0,0,0,0,0,0,0,Python Programming
0,0,0,0,0,1,1,0,1,Data Science
0,0,0,0,0,0,1,0,1,Database Administration
1,1,0,1,1,1,0,0,1,Full Stack Web Development
0,1,1,0,1,1,0,0,1,Full Stack Web Development
0,0,0,0,0,0,1,0,0,Database Administration
0,1,1,0,0,0,0,0,1,Frontend Web Development
0,0,0,0,0,0,1,0,0,Database Administration
1,0,0,1,1,0,1,0,1,Full Stack Web Development
0,0,0,1,0,0,1,0,0,Backend Development (Java)
0,0,0,1,0,0,0,0,0,Backend Development (Java)
0,0,1,1,1,1,1,0,1,Full Stack Web Development
0,1,0,0,0,1,1,0,1,Full Stack Web Development
0,1,0,0,0,1,0,0,0,Frontend Web Development
0,0,0,1,0,0,1,0,0,Backend Development (Java)
0,1,1,0,1,1,1,0,0,Full Stack Web Development
0,0,0,1,0,1,1,0,0,Backend Development (Java)
1,1,1,0,0,0,1,0,0,Frontend Web Development
1,1,1,0,0,0,0,0,0,Frontend Web Development
0,1,1,0,0,1,0,0,1,Frontend Web Development
1,0,0,0,1,0,1,0,1,Full Stack Web Development
0,0,0,0,0,1,1,0,0,Data Science
0,0,1,1,0,0,0,1,0,Competitive Programming (DSA)
0,0,0,0,0,1,0,0,1,Python Programming
0,0,0,1,0,1,1,0,1,Backend Development (Java)
0,1,1,0,0,1,0,0,0,Frontend Web Development
0,0,0,1,0,1,1,0,0,Backend Development (Java)
0,0,0,0,0,0,1,0,1,Database Administration
0,0,0,0,0,1,0,0,1,Python Programming
0,0,1,1,1,0,0,0,1,Full Stack Web Development
0,0,0,0,0,0,1,0,1,Database Administration
0,0,0,0,0,1,0,0,0,Python Programming
0,0,0,1,1,0,0,0,1,Backend Development (PHP)
0,0,0,1,0,0,1,0,0,Backend Development (Java)
0,0,0,1,0,0,1,0,1,Backend Development (Java)
0,0,0,1,0,1,0,0,0,Backend Development (Java)
0,0,0,0,0,1,1,0,0,Data Science
0,0,0,0,0,1,0,0,0,Python Programming
0,1,0,0,0,1,0,0,1,Frontend Web Development
0,0,0,0,0,0,1,0,0,Database Administration
0,0,0,0,0,0,1,1,0,Competitive Programming (DSA)
0,1,0,0,0,1,1,0,0,Frontend Web Development
0,0,0,0,0,0,1,0,0,Database Administration
1,1,0,0,0,1,0,0,0,Frontend Web Development
1,0,0,1,0,1,1,0,1,Full Stack Web Development
1,1,0,0,1,1,1,1,0,Competitive Programming (DSA)
0,0,0,1,0,0,0,0,1,Backend Development (Java)
0,0,0,1,1,1,0,0,0,Backend Development (PHP)
0,0,0,0,0,1,1,0,1,Data Science
0,0,0,1,1,1,1,0,0,Backend Development (PHP)
0,0,0,1,1,1,1,1,1,Competitive Programming (DSA)
1,0,0,1,0,0,0,1,0,Competitive Programming (DSA)
0,0,0,0,0,0,1,0,0,Database Administration
0,0,0,1,1,0,0,0,1,Backend Development (PHP)
0,0,0,0,0,0,0,0,0,Python Programming
1,0,0,0,0,0,0,0,0,Frontend Web Development
0,1,0,1,1,1,0,1,0,Competitive Programming (DSA)
0,0,0,0,0,0,1,0,0,Database Administration
0,0,0,1,1,1,0,0,1,Backend Development (PHP)
0,0,1,0,0,0,0,0,1,Frontend Web Development
0,0,0,0,0,1,1,0,0,Data Science
1,1,1,0,0,1,1,0,1,Full Stack Web Development
0,0,0,0,0,1,0,0,0,Python Programming
0,1,0,0,0,1,1,1,1,Competitive Programming (DSA)
0,0,0,0,0,1,1,0,0,Data Science
0,0,0,0,0,0,1,0,0,Database Administration
0,0,1,0,0,0,1,0,1,Full Stack Web Development
0,0,0,1,1,1,1,0,0,Backend Development (PHP)
0,1,1,0,0,1,0,1,0,Competitive Programming (DSA)
1,0,0,0,0,1,1,0,1,Full Stack Web Development
0,1,0,0,0,1,1,0,0,Frontend Web Development
0,0,0,0,0,1,1,0,1,Data Science
0,0,0,0,0,0,1,0,0,Database Administration
1,1,0,0,0,1,0,0,0,Frontend Web Development
1,0,0,0,0,0,0,0,1,Frontend Web Development
0,0,0,1,1,0,1,0,0,Backend Development (PHP)
0,1,0,0,0,0,1,0,0,Frontend Web Development
1,1,0,0,0,0,0,0,0,Frontend Web Development
0,1,1,0,1,0,1,1,1,Competitive Programming (DSA)
0,0,0,0,0,1,1,0,0,Data Science
1,0,0,1,0,0,0,0,0,Full Stack Web Development
0,0,0,0,0,1,1,0,0,Data Science
0,0,0,0,0,0,0,0,1,Python Programming
0,0,1,1,1,0,1,0,0,Full Stack Web Development
1,1,0,0,0,1,0,0,0,Frontend Web Development
0,0,0,0,0,0,1,0,1,Database Administration
1,1,0,0,0,1,0,0,1,Frontend Web Development
0,0,0,0,0,1,1,0,1,Data Science
0,0,0,1,0,0,0,0,0,Backend Development (Java)
0,0,0,0,0,1,1,0,0,Data Science
1,0,0,1,1,0,0,1,1,Competitive Programming (DSA)
0,0,1,0,0,0,1,0,0,Frontend Web Development
0,0,0,0,0,0,0,0,0,Python Programming
1,0,1,0,0,1,0,0,1,Frontend Web Development
0,1,1,1,0,1,0,1,1,Competitive Programming (DSA)
0,0,0,0,0,1,0,0,1,Python Programming
1,1,1,1,1,1,1,0,1,Full Stack Web Development
0,0,0,0,0,1,1,0,1,Data Science
0,0,1,1,1,0,1,0,0,Full Stack Web Development
0,0,0,0,0,0,0,0,1,Python Programming
0,1,1,1,1,1,0,1,0,Competitive Programming (DSA)
1,0,1,0,1,1,0,1,0,Competitive Programming (DSA)
1,1,0,1,0,0,1,1,1,Competitive Programming (DSA)
0,0,0,1,0,0,0,0,1,Backend Development (Java)
0,0,0,1,0,1,0,0,1,Backend Development (Java)
0,1,0,1,1,1,1,0,0,Full Stack Web Development
0,0,0,0,1,1,0,0,0,Backend Development (PHP)
0,0,1,0,0,0,1,0,0,Frontend Web Development
0,0,0,0,0,1,0,0,0,Python Programming
1,1,0,1,0,0,0,0,1,Full Stack Web Development
1,1,1,1,1,1,0,0,1,Full Stack Web Development
0,1,0,1,1,1,0,1,1,Competitive Programming (DSA)
0,0,0,1,0,1,1,0,1,Backend Development (Java)
0,0,0,1,0,0,1,0,1,Backend Development (Java)
0,0,1,1,0,1,0,0,1,Full Stack Web Development
0,1,1,1,1,0,1,0,0,Full Stack Web Development
0,0,1,1,0,0,0,0,1,Full Stack Web Development
0,0,0,0,0,1,1,0,0,Data Science
0,0,0,0,0,0,0,0,1,Python Programming
0,1,1,0,0,1,0,0,0,Frontend Web Development
0,0,0,0,1,1,0,0,1,Backend Development (PHP)
0,0,0,0,0,1,1,0,1,Data Science
0,0,0,1,0,1,0,0,1,Backend Development (Java)
0,0,0,0,0,0,1,0,0,Database Administration
0,0,1,0,1,1,0,0,0,Full Stack Web Development
0,0,0,0,1,1,1,0,1,Backend Development (PHP)
0,0,0,0,0,0,1,0,1,Database Administration
0,0,0,0,0,1,0,0,0,Python Programming
0,0,0,1,0,1,1,0,1,Backend Development (Java)
0,0,0,0,0,0,0,0,0,Python Programming
0,0,0,0,0,1,1,0,1,Data Science
0,0,0,0,0,0,1,0,1,Database Administration
1,1,0,1,0,0,1,1,0,Competitive Programming (DSA)
0,0,0,0,0,0,0,0,0,Python Programming
1,0,1,1,1,1,1,0,0,Full Stack Web Development
0,0,0,0,0,1,1,0,0,Data Science
0,1,1,0,0,0,1,0,0,Frontend Web Development
0,0,0,0,1,0,1,0,0,Backend Development (PHP)
1,0,0,1,1,0,0,0,1,Full Stack Web Development
0,0,0,0,0,1,1,0,0,Data Science
0,0,0,0,0,0,0,0,1,Python Programming
0,0,0,0,1,1,1,0,0,Backend Development (PHP)
1,0,0,1,0,1,0,0,1,Full Stack Web Development
0,0,0,0,1,0,0,0,0,Backend Development (PHP)
0,0,0,0,0,0,1,0,1,Database Administration
0,0,0,0,0,0,1,0,0,Database Administration
0,0,0,0,0,0,0,0,1,Python Programming
0,1,0,0,0,1,1,0,0,Frontend Web Development
0,1,0,0,1,1,1,1,1,Competitive Programming (DSA)
0,0,0,0,0,1,1,0,1,Data Science
0,0,0,1,0,0,1,0,0,Backend Development (Java)
0,0,0,0,0,1,1,0,1,Data Science
1,0,0,0,0,0,0,0,0,Frontend Web Development
0,0,0,0,0,0,1,0,0,Database Administration
1,0,1,1,0,1,1,1,0,Competitive Programming (DSA)
1,0,1,1,0,0,0,1,1,Competitive Programming (DSA)
1,1,1,1,1,1,0,0,1,Full Stack Web Development
0,0,0,0,0,1,1,0,0,Data Science
0,0,0,0,1,1,1,0,1,Backend Development (PHP)
0,0,0,0,0,1,1,0,1,Data Science
0,0,0,0,0,0,1,0,1,Database Administration
0,0,0,0,0,1,1,0,1,Data Science
1,0,1,0,1,0,1,1,0,Competitive Programming (DSA)
0,0,0,0,1,0,0,0,0,Backend Development (PHP)
0,1,0,0,0,0,0,0,0,Frontend Web Development
0,0,0,0,0,1,0,0,0,Python Programming
0,0,0,0,0,0,0,0,1,Python Programming
0,0,0,0,0,0,1,0,1,Database Administration
0,0,0,1,0,1,1,0,1,Backend Development (Java)
0,0,0,1,1,0,1,0,1,Backend Development (PHP)
0,1,1,0,0,0,1,1,1,Competitive Programming (DSA)
0,0,0,0,0,0,1,0,0,Database Administration
0,0,0,0,0,0,0,0,0,Python Programming
1,0,1,0,0,0,1,0,0,Frontend Web Development
0,0,0,0,0,0,1,0,0,Database Administration
0,0,0,0,0,0,1,0,1,Database Administration
0,0,0,0,0,1,1,0,0,Data Science
0,0,0,1,0,1,0,0,0,Backend Development (Java)
0,0,0,1,0,1,0,0,0,Backend Development (Java)
1,0,1,1,1,0,1,0,1,Full Stack Web Development
1,0,1,0,0,0,1,0,0,Frontend Web Development
0,0,0,0,0,0,0,1,0,Competitive Programming (DSA)
1,1,1,0,0,0,1,0,0,Frontend Web Development
0,0,0,0,1,1,0,0,1,Backend Development (PHP)
0,0,0,0,0,0,0,0,0,Python Programming
0,1,1,0,0,0,0,0,0,Frontend Web Development
0,0,0,0,0,0,1,0,1,Database Administration
0,0,0,0,1,0,1,0,1,Backend Development (PHP)
0,0,0,0,0,0,1,0,1,Database Administration
0,0,0,0,0,1,1,0,1,Data Science
0,0,0,0,0,1,1,0,1,Data Science
0,0,0,1,0,1,1,0,0,Backend Development (Java)
0,0,0,1,1,1,1,0,0,Backend Development (PHP)
0,0,1,0,1,0,1,0,0,Full Stack Web Development
0,0,0,0,0,0,1,0,1,Database Administration
1,1,0,0,1,0,0,0,0,Full Stack Web Development
1,0,0,0,1,1,0,0,1,Full Stack Web Development
0,0,0,1,1,1,0,0,0,Backend Development (PHP)
0,0,0,0,0,0,0,0,0,Python Programming
0,0,0,1,1,0,0,0,1,Backend Development (PHP)
1,1,1,0,0,0,0,0,0,Frontend Web Development
0,0,0,0,0,1,0,0,0,Python Programming
0,0,0,0,0,0,1,0,0,Database Administration
0,1,0,1,0,1,1,0,1,Full Stack Web Development
0,0,0,1,0,0,0,0,1,Backend Development (Java)
1,0,0,0,0,0,0,0,0,Frontend Web Development
0,0,0,1,0,1,1,0,1,Backend Development (Java)
0,0,0,0,0,0,1,0,0,Database Administration
0,0,0,0,0,0,1,0,1,Database Administration
0,0,0,1,0,0,1,0,0,Backend Development (Java)
1,0,1,0,0,1,0,0,0,Frontend Web Development
0,0,0,1,0,0,0,0,1,Backend Development (Java)
0,0,0,1,1,1,0,0,1,Backend Development (PHP)
0,0,0,1,0,0,1,0,1,Backend Development (Java)
0,0,1,1,0,1,0,0,0,Full Stack Web Development
1,1,1,0,0,0,1,0,0,Frontend Web Development
0,0,0,0,0,0,1,0,0,Database Administration
0,0,0,0,0,0,1,0,0,Database Administration
0,0,0,1,0,1,1,0,0,Backend Development (Java)
0,0,0,0,0,1,1,0,0,Data Science
0,0,0,0,0,0,0,0,1,Python Programming
0,0,0,0,0,1,1,0,1,Data Science
0,0,0,0,0,0,1,0,1,Database Administration
0,0,0,0,0,1,1,0,1,Data Science
0,0,0,0,0,0,1,0,0,Database Administration
0,0,0,0,0,0,1,0,0,Database Administration
0,0,0,1,1,1,0,0,0,Backend Development (PHP)
0,0,0,0,0,0,1,0,0,Database Administration
0,1,1,0,1,1,1,1,0,Competitive Programming (DSA)
0,0,0,1,1,0,1,0,0,Backend Development (PHP)
0,0,0,0,0,0,1,0,1,Database Administration
0,0,0,1,0,1,1,1,0,Competitive Programming (DSA)
0,0,0,1,0,1,1,0,1,Backend Development (Java)
0,0,0,0,1,1,0,0,0,Backend Development (PHP)
1,0,1,0,0,1,1,0,0,Frontend Web Development
1,1,1,0,0,1,1,0,1,Full Stack Web Development
0,0,0,0,0,0,1,0,0,Database Administration
0,0,0,0,1,1,0,0,0,Backend Development (PHP)
0,0,0,1,0,1,0,0,1,Backend Development (Java)
0,0,0,0,1,1,0,0,1,Backend Development (PHP)
0,1,0,0,0,0,0,1,1,Competitive Programming (DSA)
0,0,0,0,0,1,0,0,0,Python Programming
1,0,1,0,1,1,1,0,0,Full Stack Web Development
0,0,0,0,1,1,0,0,1,Backend Development (PHP)
0,0,0,0,0,0,1,0,0,Database Administration
0,0,0,0,0,0,1,0,1,Database Administration
0,0,0,0,0,0,1,0,1,Database Administration
1,1,1,1,1,1,0,0,0,Full Stack Web Development
0,0,0,1,0,0,0,0,1,Backend Development (Java)
0,0,0,0,0,1,0,0,1,Python Programming
1,0,1,1,1,0,0,1,0,Competitive Programming (DSA)
1,1,0,1,1,1,0,0,0,Full Stack Web Development
0,1,1,0,1,0,1,0,0,Full Stack Web Development
0,0,1,1,0,1,1,1,1,Competitive Programming (DSA)
0,0,1,0,0,0,0,0,0,Frontend Web Development
0,0,0,1,0,1,1,0,1,Backend Development (Java)
1,1,0,0,0,0,0,0,1,Frontend Web Development
1,0,1,0,0,1,1,1,1,Competitive Programming (DSA)
0,0,0,1,1,0,1,0,1,Backend Development (PHP)
0,0,0,0,0,0,1,0,0,Database Administration
0,0,0,1,0,1,0,0,1,Backend Development (Java)
0,0,0,1,1,0,0,0,1,Backend Development (PHP)
0,0,0,0,0,1,1,0,0,Data Science
1,1,1,0,0,0,0,0,1,Frontend Web Development
0,1,1,0,0,1,0,0,1,Frontend Web Development
0,0,0,0,1,1,0,0,0,Backend Development (PHP)
1,1,1,0,0,1,0,0,1,Frontend Web Development
0,0,0,1,0,1,1,0,0,Backend Development (Java)
1,0,1,0,0,1,0,0,0,Frontend Web Development
0,1,0,1,0,0,1,0,0,Full Stack Web Development
0,1,0,1,0,1,0,1,1,Competitive Programming (DSA)
0,0,1,1,1,1,0,1,1,Competitive Programming (DSA)
0,0,0,0,0,0,1,0,0,Database Administration
1,0,1,1,0,0,0,0,1,Full Stack Web Development
0,0,0,1,1,0,0,0,0,Backend Development (PHP)
0,0,0,0,0,1,1,0,0,Data Science
0,0,0,0,0,0,0,1,0,Competitive Programming (DSA)
0,0,0,0,0,0,0,0,0,Python Programming
0,0,0,1,0,0,0,0,0,Backend Development (Java)
1,0,0,1,1,1,0,0,1,Full Stack Web Development
0,0,0,0,0,0,0,0,1,Python Programming
1,0,0,1,1,0,0,1,0,Competitive Programming (DSA)
0,0,0,1,0,0,1,0,1,Backend Development (Java)
0,0,0,1,0,0,0,0,1,Backend Development (Java)
1,0,0,0,0,0,0,0,0,Frontend Web Development
0,0,0,1,0,1,1,0,1,Backend Development (Java)
0,0,0,1,0,1,0,0,1,Backend Development (Java)
0,1,1,1,1,0,0,0,0,Full Stack Web Development
0,1,0,0,0,1,0,0,0,Frontend Web Development
0,0,0,0,0,1,1,0,1,Data Science
0,0,0,0,0,1,0,0,1,Python Programming
0,0,1,0,1,1,0,0,1,Full Stack Web Development
0,0,0,1,0,1,1,0,0,Backend Development (Java)
1,1,1,1,0,1,1,0,0,Full Stack Web Development
0,0,0,0,0,0,1,0,0,Database Administration
1,1,1,1,0,0,0,1,1,Competitive Programming (DSA)
0,0,0,0,0,0,1,0,1,Database Administration
0,1,0,0,0,1,1,0,0,Frontend Web Development
0,0,0,1,0,0,1,0,1,Backend Development (Java)
0,0,0,0,0,1,1,0,0,Data Science
0,0,0,0,0,1,0,0,0,Python Programming
0,0,0,0,0,1,1,0,1,Data Science
0,0,0,0,1,0,0,0,0,Backend Development (PHP)
0,0,0,1,0,0,1,0,0,Backend Development (Java)
0,0,0,0,0,0,1,0,0,Database Administration
1,0,1,0,1,1,1,1,1,Competitive Programming (DSA)
0,0,0,0,0,1,0,0,0,Python Programming
0,0,0,0,0,1,1,0,0,Data Science
0,0,0,0,0,0,1,0,0,Database Administration
0,0,0,0,0,0,1,0,0,Database Administration
0,0,0,0,0,0,1,0,1,Database Administration
0,0,1,0,0,1,1,0,0,Frontend Web Development
0,0,0,1,0,1,1,0,1,Backend Development (Java)
0,0,0,0,1,1,0,0,0,Backend Development (PHP)
0,0,0,1,0,1,0,0,1,Backend Development (Java)
0,0,0,0,0,1,1,0,1,Data Science
1,0,1,0,0,0,1,0,1,Full Stack Web Development
0,1,1,0,0,1,0,0,1,Frontend Web Development
0,0,0,1,1,0,1,0,0,Backend Development (PHP)
0,1,1,1,0,0,1,0,0,Full Stack Web Development
0,0,0,0,0,0,0,0,1,Python Programming
0,0,0,1,0,0,1,0,0,Backend Development (Java)
0,0,0,0,0,1,1,0,0,Data Science
0,0,0,1,0,1,1,0,1,Backend Development (Java)
0,0,1,0,1,1,1,1,0,Competitive Programming (DSA)
0,0,0,0,0,0,0,0,1,Python Programming
0,0,0,1,0,0,1,0,0,Backend Development (Java)
1,0,0,1,1,1,1,1,1,Competitive Programming (DSA)
0,0,0,1,0,0,1,0,0,Backend Development (Java)
0,0,0,0,0,0,0,0,1,Python Programming
0,0,0,0,1,1,1,0,1,Backend Development (PHP)
0,1,0,1,0,1,1,0,1,Full Stack Web Development
0,0,0,0,1,1,0,0,0,Backend Development (PHP)
0,0,0,1,0,1,1,0,0,Backend Development (Java)
1,0,0,0,0,1,1,1,1,Competitive Programming (DSA)
0,0,0,0,0,0,0,0,0,Python Programming
0,0,0,0,1,1,0,0,1,Backend Development (PHP)
0,0,1,1,0,0,0,1,1,Competitive Programming (DSA)
0,0,0,0,1,0,0,0,1,Backend Development (PHP)
1,0,0,1,1,1,1,0,0,Full Stack Web Development
1,0,1,0,0,0,0,0,0,Frontend Web Development
0,0,0,0,1,1,0,0,0,Backend Development (PHP)
0,0,0,1,1,0,1,0,1,Backend Development (PHP)
0,0,0,0,0,1,0,0,0,Python Programming
0,0,0,1,0,1,1,0,0,Backend Development (Java)
0,0,0,0,0,1,1,0,0,Data Science
0,0,0,1,0,0,1,0,0,Backend Development (Java)
1,1,0,0,0,0,0,0,0,Frontend Web Development
0,0,0,0,0,0,0,0,1,Python Programming
0,0,1,1,1,1,0,1,1,Competitive Programming (DSA)
0,0,0,0,0,0,0,0,0,Python Programming
0,1,0,1,1,0,1,1,1,Competitive Programming (DSA)
1,0,0,0,0,0,0,1,1,Competitive Programming (DSA)
0,0,0,0,0,1,1,0,0,Data Science
0,0,0,1,0,0,1,0,1,Backend Development (Java)
0,0,0,0,0,0,1,0,0,Database Administration
1,0,1,0,0,0,1,0,0,Frontend Web Development
0,0,0,1,0,1,1,0,1,Backend Development (Java)
0,0,0,0,1,0,1,0,1,Backend Development (PHP)
0,0,0,0,0,0,0,0,1,Python Programming
0,0,0,1,0,0,0,0,1,Backend Development (Java)
1,1,1,1,1,1,0,1,1,Competitive Programming (DSA)
0,1,1,0,1,0,0,0,0,Full Stack Web Development
0,0,0,1,0,0,1,0,0,Backend Development (Java)
1,1,0,0,0,0,1,0,0,Frontend Web Development
1,0,0,0,1,0,1,0,1,Full Stack Web Development
0,0,0,0,0,1,1,0,0,Data Science
1,1,1,0,0,1,0,1,0,Competitive Programming (DSA)
0,1,0,1,0,1,0,0,1,Full Stack Web Development
1,0,1,1,0,1,1,1,1,Competitive Programming (DSA)
0,1,1,0,1,1,1,1,1,Competitive Programming (DSA)
0,0,0,0,0,0,1,0,1,Database Administration
0,0,0,0,0,0,1,0,1,Database Administration
0,0,0,0,0,0,0,0,0,Python Programming
1,0,1,1,0,0,0,1,1,Competitive Programming (DSA)
1,0,1,0,1,0,0,0,0,Full Stack Web Development
0,0,0,0,0,1,1,0,1,Data Science
0,0,0,1,0,0,1,0,1,Backend Development (Java)
0,0,0,0,0,0,1,0,0,Database Administration
1,1,1,1,0,1,1,1,1,Competitive Programming (DSA)
1,1,1,1,1,1,0,0,1,Full Stack Web Development
0,0,0,1,0,1,1,0,0,Backend Development (Java)
0,0,0,0,0,0,1,0,1,Database Administration
0,0,0,1,0,0,0,0,1,Backend Development (Java)